P11150 	1	1
O70280 	1	1
Q96DU3 	1	1
O01949 	1	1
Q63415 	1	1
P0DPU8 	1	1
Q64385 	1	1
Q9GZX6 	1	1
Q9NYY1 	1	1
P21128 	1	1
Q96F46 	1	1
Q9PVW8 	1	1
P58912 	1	1
P04706 	1	1
Q9Y240 	1	1
P31608 	1	1
Q86T13 	1	1
Q9Y5U5 	1	1
P28319 	1	1
P04062 	1	1
P14384 	1	1
P01033 	1	1
P22864 	1	1
Q9MYV1 	1	1
P11215 	1	1
P0DPU7 	1	1
P83958 	1	1
Q8NC67 	1	1
G5ED35 	1	1
P27613 	1	1
P0CX77 	1	1
Q9UKY0 	1	1
P91745 	1	1
Q01638 	1	1
P08091 	1	1
P35053 	1	1
Q6WN34 	1	1
Q1HAY7 	1	1
P19324 	1	1
Q9UHF4 	1	1
Q5XM24 	1	1
P20757 	1	1
Q6RG02 	1	1
A0A2I6QB00 	1	1
P82143 	1	1
Q06K61 	1	1
P20068 	1	1
Q76FB0 	1	1
D3GDK4 	1	1
P33767 	1	1
Q10ST8 	1	1
Q9NRM6 	1	1
Q9VMD9 	1	1
P15261 	1	1
P34951 	1	1
E0D877 	1	1
P02702 	1	1
P67788 	1	1
P26842 	1	1
Q6ASY2 	1	1
P11654 	1	1
Q9TVX3 	1	1
P31420 	1	1
P91629 	1	1
Q9HBE5 	1	1
P10257 	1	1
Q62867 	1	1
Q8H8C7 	1	1
Q9N4D8 	1	1
P20333 	1	1
O14791 	1	1
Q27309 	1	1
P14448 	1	1
O62680 	1	1
P83472 	1	1
Q9GU69 	1	1
P53616 	1	1
P21828 	1	1
Q27967 	1	1
P32478 	1	1
Q15465 	1	1
P30438 	1	1
Q39688 	1	1
P81623 	1	1
Q556R7 	1	1
O54861 	1	1
P0DQB8 	1	1
O35310 	1	1
Q99519 	1	1
C0H9B6 	1	1
B4FZ87 	1	1
P25068 	1	1
P19069 	1	1
P18709 	1	1
O76537 	1	1
B0XT72 	1	1
P85261 	1	1
P43174 	1	1
Q94K85 	1	1
Q9H1M4 	1	1
P16112 	1	1
P00533 	1	1
P01364 	1	1
Q90ZY0 	1	1
Q12546 	1	1
P61312 	1	1
P20797 	1	1
Q39649 	1	1
P23389 	1	1
O61668 	1	1
P33577 	1	1
Q99935 	1	1
I6S7G5 	1	1
P81058 	1	1
P42579 	1	1
Q96HF1 	1	1
Q9JMI7 	1	1
P86798 	1	1
P69241 	1	1
P60153 	1	1
P02779 	1	1
P13917 	1	1
Q00802 	1	1
O14625 	1	1
Q25588 	1	1
P07204 	1	1
P86009 	1	1
Q02795 	1	1
P08069 	1	1
P07981 	1	1
Q7M4T0 	1	1
Q8N6C8 	1	1
Q8WPJ2 	1	1
A6XMY0 	1	1
P01068 	1	1
P0DUS5 	1	1
Q13231 	1	1
P10562 	1	1
P0C8G6 	1	1
Q16552 	1	1
P10493 	1	1
P83869 	1	1
Q7Z5L0 	1	1
Q08334 	1	1
P01139 	1	1
Q10NX8 	1	1
Q8T0Y7 	1	1
Q94733 	1	1
P05067 	1	1
P42660 	1	1
Q06KA5 	1	1
Q7SZI7 	1	1
P00651 	1	1
Q8T1G4 	1	1
Q86IV5 	1	1
P54803 	1	1
Q55GS3 	1	1
P11438 	1	1
P56829 	1	1
Q9U943 	1	1
P0DUT6 	1	1
Q968Z6 	1	1
P45590 	1	1
A0A0D1DWQ2 	1	1
P13671 	1	1
P00760 	1	1
P02809 	1	1
O75462 	1	1
P50895 	1	1
Q6QD51 	1	1
P0DKU2 	1	1
P32803 	1	1
Q875I9 	1	1
Q9NRC9 	1	1
Q7KRU8 	1	1
P21570 	1	1
O75711 	1	1
Q9FI46 	0	1
P30706 	0	1
Q9NX04 	0	1
Q9C0N3 	0	1
P86397 	0	1
Q9Z0J4 	0	1
A6NJ78 	0	1
Q9W4N2 	0	1
Q9NSP4 	0	1
O22161 	0	1
Q9FQ09 	0	1
P26269 	0	1
O43822 	0	1
P13405 	0	1
F4K1B4 	0	1
Q18237 	0	1
Q7TMA4 	0	1
Q09776 	0	1
Q9P7N0 	0	1
Q61510 	0	1
Q9VLP3 	0	1
Q9FL12 	0	1
Q562A2 	0	1
O43739 	0	1
Q8NG66 	0	1
Q2T9J0 	0	1
Q8IQG1 	0	1
P63072 	0	1
Q17602 	0	1
Q9C811 	0	1
Q04110 	0	1
Q08GK9 	0	1
Q9Y5Q5 	0	1
Q96LW7 	0	1
Q8CCG4 	0	1
Q08245 	0	1
Q9Y666 	0	1
Q9UNS2 	0	1
Q8LFW5 	0	1
Q9Z110 	0	1
Q9H8H0 	0	1
A6NGQ2 	0	1
P15340 	0	1
P53192 	0	1
F1MH24 	0	1
Q1K5G1 	0	1
Q9LK34 	0	1
P28803 	0	1
Q8VZ80 	0	1
Q9HCU8 	0	1
Q9SDW0 	0	1
O08773 	0	1
Q8BVN9 	0	1
Q9BSK0 	0	1
P40532 	0	1
P53784 	0	1
P53352 	0	1
O94650 	0	1
O82804 	0	1
Q9UU99 	0	1
Q03825 	0	1
P16383 	0	1
O60239 	0	1
B9DGI8 	0	1
Q8BJ71 	0	1
Q03455 	0	1
P22798 	0	1
Q944N1 	0	1
O13974 	0	1
Q8IWY9 	0	1
Q9BW91 	0	1
Q94CE5 	0	1
Q96QF0 	0	1
O94358 	0	1
Q5S007 	0	1
P28070 	0	1
Q9Y3Z3 	0	1
P23503 	0	1
Q6Q4D0 	0	1
Q99547 	0	1
P18888 	0	1
P10069 	0	1
Q91YE8 	0	1
P56671 	0	1
Q9M8K7 	0	1
Q8SAB7 	0	1
Q0WSX8 	0	1
P53070 	0	1
O08608 	0	1
Q61624 	0	1
Q8VZV9 	0	1
Q6IDB6 	0	1
A0A7J6KC99 	0	1
Q03246 	0	1
Q7YZH1 	0	1
Q9H0U9 	0	1
P56749 	0	1
Q60EC2 	0	1
P37840 	0	1
Q12768 	0	1
P15919 	0	1
Q80VA5 	0	1
Q8CCE9 	0	1
Q8I8U7 	0	1
P09110 	0	1
Q9C552 	0	1
Q9VQB6 	0	1
Q94FY8 	0	1
O13684 	0	1
Q96A26 	0	1
Q96HS1 	0	1
A0A096LP01 	0	1
A0A509AFM3 	0	1
F4HYF3 	0	1
Q8NHG8 	0	1
Q9V6Q2 	0	1
O82628 	0	1
Q96EY7 	0	1
P54939 	0	1
P53437 	0	1
Q708Y0 	0	1
Q9FM19 	0	1
Q9V463 	0	1
Q5BJZ6 	0	1
Q3E7Y6 	0	1
P08518 	0	1
Q01064 	0	1
P32841 	0	1
Q8LAP6 	0	1
P0DKH5 	0	1
P53207 	0	1
O42936 	0	1
Q6UFS5 	0	1
P53136 	0	1
Q9VRP5 	0	1
Q12748 	0	1
Q8JZU0 	0	1
P92189 	0	1
P0C1Z6 	0	1
Q96HI0 	0	1
Q9VVR2 	0	1
P34283 	0	1
Q69IL4 	0	1
O59836 	0	1
Q05942 	0	1
Q19LA2 	0	1
O74350 	0	1
O13600 	0	1
Q96AE7 	0	1
A2AG06 	0	1
Q8IU81 	0	1
Q91YD9 	0	1
P39996 	0	1
P49686 	0	1
Q93YF5 	0	1
A0A509ARF0 	0	1
Q9P267 	0	1
B9EJG8 	0	1
Q9ULJ3 	0	1
Q8N2I9 	0	1
Q9Y8G3 	0	1
Q8NDZ0 	0	1
Q3U2U7 	0	1
Q5T200 	0	1
Q8RWV0 	0	1
G5EGB2 	0	1
Q9LDC0 	0	1
P54783 	0	1
Q09750 	0	1
P25856 	0	1
P34707 	0	1
Q96GN5 	0	1
Q8N183 	0	1
Q91876 	0	1
Q7TSS2 	0	1
Q8N635 	0	1
Q18321 	0	1
Q9UBT7 	0	1
O74829 	0	1
P82869 	0	1
P53077 	0	1
Q07845 	0	1
Q13309 	0	1
A2AMM0 	0	1
P81269 	0	1
O59676 	0	1
O36030 	0	1
O74418 	0	1
Q8LDL0 	0	1
Q60465 	0	1
P21549 	0	1
Q04359 	0	1
O15392 	0	1
O70343 	0	1
Q8LDU1 	0	1
Q2HXU8 	0	1
P40546 	0	1
Q90ZF9 	0	1
Q9NWQ9 	0	1
Q9Y3R4 	0	1
Q5A287 	0	1
Q7Z3K3 	0	1
P11836 	0	1
Q5BJF2 	0	1
P43079 	0	1
Q8TB37 	0	1
Q6ZNL6 	0	1
P0C7T6 	0	1
P34260 	0	1
P20609 	0	1
P41562 	0	1
Q00013 	0	1
Q0DUR2 	0	1
Q9S720 	0	1
Q02888 	0	1
Q10362 	0	1
Q9BQL6 	0	1
Q9H078 	0	1
Q26366 	0	1
Q8K3Y6 	0	1
Q9VQ30 	0	1
P17883 	0	1
O43137 	0	1
O43313 	0	1
P29266 	0	1
G5EEQ5 	0	1
Q9NSI6 	0	1
Q06102 	0	1
Q92759 	0	1
Q9SIE1 	0	1
Q9BSD3 	0	1
Q9SE43 	0	1
Q9H9J2 	0	1
P53266 	0	1
Q9W1R5 	0	1
U4PAZ9 	0	1
O04249 	0	1
Q9SG86 	0	1
P25348 	0	1
Q9BZR9 	0	1
P40554 	0	1
Q9NZB2 	0	1
Q9VSB9 	0	1
P32337 	0	1
P38876 	0	1
Q70EL2 	0	1
Q6NLQ7 	0	1
O15265 	0	1
P06267 	0	1
O75943 	0	1
Q4E657 	0	1
P82913 	0	1
P32862 	0	1
Q95Q39 	0	1
P28005 	0	1
A0A7G5KLV3 	0	1
Q90Z80 	0	1
Q9R0N6 	0	1
Q6EMB2 	0	1
P35195 	0	1
Q8IM30 	0	1
Q8RY16 	0	1
Q9UBK9 	0	1
P84090 	0	1
Q9WTZ9 	0	1
A0A0K3AUE4 	0	1
P29747 	0	1
Q8TF40 	0	1
Q67UR2 	0	1
O61016 	0	1
Q6PGP7 	0	1
Q9NX52 	0	1
P07249 	0	1
Q9JKU3 	0	1
Q8TEB9 	0	1
P57741 	0	1
Q9XII1 	0	1
P87133 	0	1
P56373 	0	1
Q6NLC1 	0	1
Q96BT3 	0	1
Q6P4R8 	0	1
P02240 	0	1
Q9M9Y4 	0	1
F4JLC1 	0	1
Q9LQ02 	0	1
O14310 	0	1
Q8L9X2 	0	1
Q9D8F1 	0	1
P82919 	0	1
P27516 	0	1
L0B1Y1 	0	1
Q12144 	0	1
O62471 	0	1
Q7TNK1 	0	1
P40360 	0	1
P52593 	0	1
G5EGA9 	0	1
P06778 	0	1
P56280 	0	1
O14492 	0	1
Q08760 	0	1
O17679 	0	1
P41277 	0	1
Q12361 	0	1
O94519 	0	1
P47007 	0	1
O14980 	0	1
P82192 	0	1
Q12107 	0	1
D3ZXW3 	0	1
Q96NR3 	0	1
Q7L8L6 	0	1
Q9NH52 	0	1
O74400 	0	1
O04492 	0	1
P49773 	0	1
G5EFY4 	0	1
P62942 	0	1
P42900 	0	1
Q9NVF7 	0	1
P23276 	0	1
O74461 	0	1
P82249 	0	1
Q9VL14 	0	1
Q8LPU4 	0	1
Q99J47 	0	1
Q8NE62 	0	1
Q9UKV3 	0	1
A9UHW6 	0	1
Q96ER3 	0	1
Q9C950 	0	1
Q9FH37 	0	1
Q10426 	0	1
Q9Y2G2 	0	1
Q9USL4 	0	1
O88484 	0	1
Q10666 	0	1
Q8VDP4 	0	1
P47123 	0	1
Q9H0A8 	0	1
Q84JF5 	0	1
P70174 	0	1
Q9QVP9 	0	1
Q08687 	0	1
Q24459 	0	1
P38110 	0	1
Q9BZL6 	0	1
P40121 	0	1
Q8NF64 	0	1
Q99598 	0	1
Q38890 	0	1
O14113 	0	1
Q9NZD1 	0	1
O75496 	0	1
Q9SK50 	0	1
Q3UK10 	0	1
P40317 	0	1
Q9CZ42 	0	1
Q7TQK0 	0	1
Q9UW82 	0	1
Q9CQT9 	0	1
Q96I36 	0	1
Q7XJM2 	0	1
P32626 	0	1
O49621 	0	1
Q02721 	0	1
B3H5K9 	0	1
P22068 	0	1
Q09LZ8 	0	1
Q5AP80 	0	1
Q8NHU0 	0	1
Q9SZR3 	0	1
Q09793 	0	1
D3ZX63 	0	1
P53838 	0	1
Q8RWI0 	0	1
F4I1T7 	0	1
P40481 	0	1
Q10272 	0	1
P38313 	0	1
P30085 	0	1
P07255 	0	1
Q24025 	0	1
Q04637 	0	1
P40035 	0	1
Q9P7N4 	0	1
Q6CLY8 	0	1
A0A5K1K8Y8 	0	1
Q5H9F3 	0	1
Q9VRV7 	0	1
Q9VE04 	0	1
P31949 	0	1
O42661 	0	1
Q8L785 	0	1
Q7TNG8 	0	1
O24629 	0	1
Q0DRX6 	0	1
P40344 	0	1
O74465 	0	1
Q8H0V5 	0	1
P40167 	0	1
Q16617 	0	1
P34224 	0	1
P40573 	0	1
P32480 	0	1
Q53H12 	0	1
Q9C7C4 	0	1
Q9SJ12 	0	1
P36508 	0	1
Q5VWG9 	0	1
Q9V444 	0	1
Q8GUK1 	0	1
O94864 	0	1
Q10204 	0	1
B3DMA2 	0	1
W2SDE2 	0	1
O04211 	0	1
Q04408 	0	1
Q4PSU4 	0	1
E3Q1H1 	0	1
Q8W4B2 	0	1
Q7Z698 	0	1
Q63398 	0	1
Q9D6Z0 	0	1
P54785 	0	1
A8MTT3 	0	1
P30952 	0	1
Q00IB6 	0	1
Q06266 	0	1
A8XJ98 	0	1
Q80T22 	0	1
P38786 	0	1
P40026 	0	1
Q03760 	0	1
Q5XV40 	0	1
Q9BW27 	0	1
Q8BNX7 	0	1
Q04341 	0	1
Q9NQZ5 	0	1
Q6P4F7 	0	1
Q9C7S5 	0	1
Q23529 	0	1
Q8IEG9 	0	1
P42774 	0	1
Q61097 	0	1
Q86BP6 	0	1
Q9BUI4 	0	1
Q9EQN3 	0	1
A0A7U2QXY7 	0	1
O14253 	0	1
Q5N829 	0	1
O14235 	0	1
Q9Y4F3 	0	1
P47138 	0	1
P06269 	0	1
V5IM60 	0	1
Q12216 	0	1
O55029 	0	1
Q80US8 	0	1
P15173 	0	1
P40099 	0	1
Q5XG73 	0	1
Q9GYS1 	0	1
O14141 	0	1
O61707 	0	1
P38278 	0	1
Q9UTE3 	0	1
B9U3F2 	0	1
Q8C3P7 	0	1
O82286 	0	1
Q8LC79 	0	1
P23724 	0	1
Q56A73 	0	1
Q6UB98 	0	1
Q96BQ5 	0	1
F4K410 	0	1
B2RW88 	0	1
Q0VAA5 	0	1
O45717 	0	1
Q8N668 	0	1
Q9BVC5 	0	1
Q02950 	0	1
Q01543 	0	1
Q6NZN1 	0	1
P80304 	0	1
O00562 	0	1
Q9FFF5 	0	1
Q92366 	0	1
Q06683 	0	1
Q14686 	0	1
P13469 	0	1
Q8TD22 	0	1
Q54XQ2 	0	1
P25651 	0	1
Q86V97 	0	1
P07236 	0	1
P16603 	0	1
O76906 	0	1
Q96M94 	0	1
O23365 	0	1
Q18825 	0	1
Q86YV9 	0	1
Q4FX73 	0	1
O02073 	0	1
P47116 	0	1
O82279 	0	1
P38253 	0	1
A0SVK0 	0	1
P87142 	0	1
P59178 	0	1
Q9BW66 	0	1
Q9CQJ4 	0	1
O94561 	0	1
Q7Z3E1 	0	1
P33441 	0	1
P25502 	0	1
Q7KRI2 	0	1
P12852 	0	1
Q8WTX7 	0	1
Q5U623 	0	1
Q9UI36 	0	1
Q8H124 	0	1
Q8IUY3 	0	1
Q9LY23 	0	1
Q99JZ7 	0	1
P07213 	0	1
O94993 	0	1
P24345 	0	1
P15873 	0	1
O13911 	0	1
Q04003 	0	1
Q7XB51 	0	1
Q94AC8 	0	1
Q9ASP6 	0	1
Q9C5J3 	0	1
Q26635 	0	1
Q9P032 	0	1
Q6R327 	0	1
O82204 	0	1
Q9VEB4 	0	1
O74778 	0	1
Q9XF57 	0	1
Q9NJP9 	0	1
Q8N5P1 	0	1
P51960 	0	1
B1AUS7 	0	1
P82931 	0	1
Q9C685 	0	1
Q9USM1 	0	1
F4HYD7 	0	1
P53886 	0	1
Q80VQ0 	0	1
Q15849 	0	1
P45976 	0	1
Q9FNQ0 	0	1
Q96LT7 	0	1
Q6DBA5 	0	1
Q9ULZ2 	0	1
O43808 	0	1
P36956 	0	1
B2RWS6 	0	1
P55081 	0	1
Q8BXP5 	0	1
A0A0N7KIY3 	0	1
Q2HJ10 	0	1
Q7Z4G1 	0	1
Q12117 	0	1
Q9LW57 	0	1
P39515 	0	1
P21651 	0	1
P32335 	0	1
P40008 	0	1
Q63342 	0	1
A0A143ZXM2 	0	1
P42208 	0	1
Q8K480 	0	1
Q9H8M2 	0	1
O94410 	0	1
Q9W148 	0	1
P93788 	0	1
O54931 	0	1
Q9HBL8 	0	1
P82130 	0	1
Q9D023 	0	1
Q9JMA2 	0	1
P61961 	0	1
Q9Y5A7 	0	1
P10823 	0	1
O75832 	0	1
O74957 	0	1
G8B839 	0	1
P16862 	0	1
Q2VUH8 	0	1
P03899 	0	1
P47054 	0	1
P70670 	0	1
Q99732 	0	1
Q6GKV1 	0	1
Q9NQZ6 	0	1
Q63ZY3 	0	1
Q7SGH0 	0	1
Q96BI1 	0	1
P53171 	0	1
Q19972 	0	1
Q9H6Z4 	0	1
Q12341 	0	1
P39015 	0	1
Q02040 	0	1
Q6ZQL4 	0	1
P19787 	0	1
O95926 	0	1
O94782 	0	1
Q9CPZ1 	0	1
Q12275 	0	1
O43508 	0	1
Q7S7R6 	0	1
Q9VR17 	0	1
O94603 	0	1
Q9LVB9 	0	1
Q76LB1 	0	1
B7Z0I7 	0	1
Q06810 	0	1
P26017 	0	1
Q9USY8 	0	1
Q10424 	0	1
Q9UU79 	0	1
O02351 	0	1
P48329 	0	1
Q12345 	0	1
O65282 	0	1
Q86XA0 	0	1
Q9Y2U8 	0	1
P39685 	0	1
Q6Z1Z3 	0	1
A0A075TMP0 	0	1
Q6DKI7 	0	1
O60941 	0	1
Q94FL6 	0	1
Q02892 	0	1
Q5BJM8 	0	1
P38688 	0	1
Q9XH32 	0	1
Q06364 	0	1
Q08932 	0	1
Q501F9 	0	1
P68350 	0	1
Q84K35 	0	1
Q9VV74 	0	1
P37271 	0	1
Q9M297 	0	1
Q8N0S6 	0	1
Q9LJ97 	0	1
P53620 	0	1
Q8IWZ4 	0	1
Q8CJ00 	0	1
P32526 	0	1
P46309 	0	1
H9G301 	0	1
Q9FJI5 	0	1
A1A6M1 	0	1
Q9UK33 	0	1
P19407 	0	1
Q9NVV9 	0	1
Q40089 	0	1
Q0GGX2 	0	1
Q960V3 	0	1
Q93ZG9 	0	1
Q96E11 	0	1
P09132 	0	1
Q8H1D4 	0	1
P38429 	0	1
Q96HR8 	0	1
P47141 	0	1
Q08024 	0	1
P14415 	0	1
P39682 	0	1
P47175 	0	1
O95948 	0	1
Q3ZBF3 	0	1
Q05812 	0	1
Q9BY41 	0	1
Q8W4J9 	0	1
Q9XI46 	0	1
Q8NFZ0 	0	1
Q9SQI2 	0	1
Q8IXH6 	0	1
F4JCU0 	0	1
Q96GX8 	0	1
Q505B8 	0	1
P32493 	0	1
Q8TDT2 	0	1
P0C7P0 	0	1
Q9LFV6 	0	1
Q9LEX1 	0	1
Q9ASX5 	0	1
Q10148 	0	1
Q18807 	0	1
P53292 	0	1
P07665 	0	1
Q9ZUT3 	0	1
Q9SX77 	0	1
G1XJN1 	0	1
Q9CPR8 	0	1
Q8BJQ4 	0	1
Q9ZST9 	0	1
Q2TAP0 	0	1
D3KY99 	0	1
P36169 	0	1
P26754 	0	1
Q9UUB5 	0	1
Q6T938 	0	1
Q9BXP2 	0	1
P36525 	0	1
Q7L592 	0	1
P16522 	0	1
Q96AP0 	0	1
Q9P7T4 	0	1
G5EF68 	0	1
Q6P1S2 	0	1
Q14249 	0	1
P28004 	0	1
O42709 	0	1
O08574 	0	1
P83183 	0	1
Q969F2 	0	1
Q9FL44 	0	1
Q3SYG4 	0	1
P53220 	0	1
P56329 	0	1
Q9ZVJ3 	0	1
Q8BZ97 	0	1
Q9CAH5 	0	1
Q08B36 	0	1
P38850 	0	1
O74405 	0	1
Q86NP2 	0	1
F4I718 	0	1
Q96JX3 	0	1
Q9UBY9 	0	1
O74511 	0	1
P00876 	0	1
O13795 	0	1
Q27368 	0	1
Q9C106 	0	1
Q94JU3 	0	1
P53330 	0	1
Q01359 	0	1
A0A2I0C2C6 	0	1
Q9Y291 	0	1
Q969F1 	0	1
P20398 	0	1
Q8VDS3 	0	1
X5JA13 	0	1
Q9W1R4 	0	1
P24473 	0	1
P07910 	0	1
Q10331 	0	1
P55786 	0	1
P38088 	0	1
Q6B9X6 	0	1
P0DJH7 	0	1
Q61884 	0	1
Q9CX60 	0	1
Q24143 	0	1
Q9LYB9 	0	1
Q05863 	0	1
Q38FI2 	0	1
Q9BWK5 	0	1
Q9SR70 	0	1
O14981 	0	1
P54790 	0	1
A0A2K8FQU5 	0	1
P35658 	0	1
Q9XVI2 	0	1
O75695 	0	1
Q6UVM4 	0	1
Q9SQR3 	0	1
P38633 	0	1
Q9LTQ0 	0	1
G5EDE2 	0	1
Q8RWS0 	0	1
O60381 	0	1
P82094 	0	1
Q9H008 	0	1
P40362 	0	1
Q21209 	0	1
Q9UKL0 	0	1
O75122 	0	1
O35094 	0	1
Q96HY7 	0	1
O13999 	0	1
Q10585 	0	1
Q9SZ15 	0	1
Q96IY1 	0	1
P39769 	0	1
P49906 	0	1
Q9NZ81 	0	1
Q96LL9 	0	1
P36088 	0	1
Q8TBE7 	0	1
O74518 	0	1
Q6UW78 	0	1
P43605 	0	1
P32569 	0	1
P62241 	0	1
Q68CK6 	0	1
Q9M219 	0	1
Q14146 	0	1
P46736 	0	1
C6KSN4 	0	1
Q9UIG8 	0	1
Q9LXX5 	0	1
O49782 	0	1
Q27934 	0	1
Q16775 	0	1
Q9JJG9 	0	1
Q5VWQ8 	0	1
O95415 	0	1
Q9H7L9 	0	1
Q8CHP0 	0	1
Q9VVA8 	0	1
Q9D489 	0	1
P53277 	0	1
Q9XI84 	0	1
P78955 	0	1
P23490 	0	1
P0DN34 	0	1
Q9LML2 	0	1
P43124 	0	1
Q66KV4 	0	1
P22342 	0	1
Q4WGS5 	0	1
O94259 	0	1
P59055 	0	1
Q149M9 	0	1
P41933 	0	1
P22134 	0	1
P38281 	0	1
Q3MIT2 	0	1
Q8AYS7 	0	1
Q9QX75 	0	1
Q9BRJ2 	0	1
P0C2B9 	0	1
Q6UXN9 	0	1
Q9BQP7 	0	1
P38771 	0	1
Q04049 	0	1
Q23064 	0	1
P40474 	0	1
Q5VZK9 	0	1
O59773 	0	1
Q8NFJ6 	0	1
Q9NRY6 	0	1
Q8WVC0 	0	1
Q9XIN0 	0	1
Q6PII3 	0	1
P48985 	0	1
P21306 	0	1
Q9CQ79 	0	1
P53895 	0	1
P08468 	0	1
P47120 	0	1
Q9QYK3 	0	1
O97101 	0	1
Q9NXR7 	0	1
Q9H444 	0	1
Q6PIU2 	0	1
P32914 	0	1
Q13315 	0	1
Q04751 	0	1
Q06598 	0	1
O64517 	0	1
Q6PCT2 	0	1
Q0WR66 	0	1
Q9R1C0 	0	1
P32367 	0	1
Q923B3 	0	1
Q04052 	0	1
Q91ZR5 	0	1
P61460 	0	1
Q8N5F7 	0	1
Q9NZJ0 	0	1
Q197W8 	0	1
O74424 	0	1
Q9USJ8 	0	1
Q9H061 	0	1
Q9H5Z6 	0	1
Q04996 	0	1
O14216 	0	1
G5EDW5 	0	1
Q9NQC3 	0	1
Q12050 	0	1
P00950 	0	1
Q96N77 	0	1
Q17990 	0	1
Q6PR54 	0	1
Q64702 	0	1
Q4QZZ9 	0	1
Q1ENB6 	0	1
Q5JPH6 	0	1
O35284 	0	1
P49916 	0	1
P93740 	0	1
F4K6X0 	0	1
Q8JFY9 	0	1
Q9SU91 	0	1
Q02038 	0	1
P0C6S7 	0	1
Q9FN03 	0	1
P23500 	0	1
A0A163UT06 	0	1
Q96RY5 	0	1
Q9FKP4 	0	1
P53869 	0	1
Q9U1H9 	0	1
Q9H190 	0	1
B3DH96 	0	1
Q9Y239 	0	1
Q93009 	0	1
P32120 	0	1
Q92624 	0	1
Q02100 	0	1
P60602 	0	1
Q0WUA3 	0	1
P23023 	0	1
P11596 	0	1
Q59NP1 	0	1
O61660 	0	1
Q5M731 	0	1
P53958 	0	1
P63161 	0	1
Q8R0W0 	0	1
Q9XIE2 	0	1
O14122 	0	1
Q15428 	0	1
Q9FEN9 	0	1
Q3URQ0 	0	1
A0A3Q7HWE4 	0	1
Q9LV85 	0	1
Q03435 	0	1
D3ZK93 	0	1
O60216 	0	1
Q96D98 	0	1
P36078 	0	1
Q5JTH9 	0	1
Q15388 	0	1
Q9LYG9 	0	1
Q8K330 	0	1
Q14CB8 	0	1
Q5VTE6 	0	1
Q9P7E0 	0	1
O17514 	0	1
P61581 	0	1
Q08816 	0	1
Q12020 	0	1
P0C2C1 	0	1
Q12905 	0	1
P18492 	0	1
P03925 	0	1
Q6PI26 	0	1
P23610 	0	1
Q9H6K1 	0	1
P15847 	0	1
P80667 	0	1
P14736 	0	1
Q8N5A5 	0	1
A0A0U2X0E4 	0	1
O42666 	0	1
Q10740 	0	1
Q8R4L0 	0	1
Q80WE4 	0	1
Q9DB60 	0	1
Q8N9A8 	0	1
Q9H649 	0	1
P59942 	0	1
Q96B23 	0	1
Q92974 	0	1
Q9V4C8 	0	1
P34619 	0	1
Q9USY4 	0	1
Q05519 	0	1
Q99NF2 	0	1
P36052 	0	1
P34257 	0	1
O82390 	0	1
Q9BVK8 	0	1
P41977 	0	1
Q941Q3 	0	1
P20084 	0	1
Q9SMS0 	0	1
O94632 	0	1
P48558 	0	1
Q9FFF4 	0	1
O15084 	0	1
Q8N1G1 	0	1
Q8CG64 	0	1
P07257 	0	1
P40486 	0	1
G3Y4N5 	0	1
F4IN23 	0	1
P36516 	0	1
Q7KWJ5 	0	1
Q92989 	0	1
Q9LMK5 	0	1
Q9H7E2 	0	1
Q27607 	0	1
P43586 	0	1
Q07799 	0	1
P40060 	0	1
P83456 	0	1
Q9NYT0 	0	1
Q38946 	0	1
Q6P9H5 	0	1
O35683 	0	1
Q03774 	0	1
Q8C167 	0	1
P42858 	0	1
G2XEY9 	0	1
O96033 	0	1
Q06596 	0	1
Q9UUH6 	0	1
P17861 	0	1
Q9NUQ2 	0	1
Q5HYJ3 	0	1
Q05905 	0	1
Q9C565 	0	1
P49454 	0	1
P00319 	0	1
P04921 	0	1
Q8BYM8 	0	1
Q9VB46 	0	1
O94704 	0	1
Q12340 	0	1
Q6ZRI6 	0	1
Q91X44 	0	1
Q9D385 	0	1
P39990 	0	1
P83006 	0	1
P82412 	0	1
Q16629 	0	1
P41903 	0	1
P25655 	0	1
O14131 	0	1
O80931 	0	1
P40992 	0	1
Q8IVE3 	0	1
Q9BVS5 	0	1
Q9CQJ2 	0	1
Q7RYW8 	0	1
P22734 	0	1
Q9C108 	0	1
O88801 	0	1
O60671 	0	1
P17937 	0	1
Q62733 	0	1
Q9BZJ4 	0	1
Q06631 	0	1
Q15365 	0	1
Q03954 	0	1
A0PJY2 	0	1
Q9H1Z4 	0	1
Q9M086 	0	1
Q9CXV9 	0	1
P93303 	0	1
Q15170 	0	1
Q7Z2E3 	0	1
Q02085 	0	1
Q0IIM8 	0	1
P22217 	0	1
Q9Y808 	0	1
O94851 	0	1
Q8LPQ5 	0	1
Q04005 	0	1
Q15125 	0	1
V5IQE0 	0	1
P09440 	0	1
P23508 	0	1
Q52M58 	0	1
P40366 	0	1
O15294 	0	1
Q156A1 	0	1
Q9STY4 	0	1
Q20924 	0	1
P40515 	0	1
Q9BVI4 	0	1
Q86WX3 	0	1
Q9Y275 	0	1
Q38885 	0	1
Q9SM57 	0	1
Q3UYV9 	0	1
P07199 	0	1
P27697 	0	1
Q68FY1 	0	1
Q75LV6 	0	1
Q9Y2T6 	0	1
P55264 	0	1
P32505 	0	1
O94276 	0	1
Q7RYV0 	0	1
O88942 	0	1
Q9H1I8 	0	1
Q9FME2 	0	1
Q9Y375 	0	1
P48732 	0	1
Q8C206 	0	1
Q9SN74 	0	1
Q8BKY8 	0	1
Q3TH73 	0	1
Q9SA14 	0	1
Q571I4 	0	1
Q5PP37 	0	1
P06005 	0	1
Q7ZT47 	0	1
Q9H0W9 	0	1
P05435 	0	1
Q06706 	0	1
P53259 	0	1
Q9U1H0 	0	1
Q9NWT1 	0	1
Q09858 	0	1
O75204 	0	1
Q6WRU0 	0	1
Q12192 	0	1
Q9Y315 	0	1
Q6ZQX7 	0	1
Q06188 	0	1
Q96BN2 	0	1
Q8CC88 	0	1
P93830 	0	1
Q04598 	0	1
Q9WUB6 	0	1
Q9M0Z3 	0	1
P46783 	0	1
P36402 	0	1
P42948 	0	1
F8VQK3 	0	1
Q9CPP6 	0	1
Q13685 	0	1
Q9Y224 	0	1
Q05583 	0	1
Q12139 	0	1
P22027 	0	1
O80386 	0	1
P41046 	0	1
Q21227 	0	1
P22135 	0	1
Q60EN8 	0	1
Q93W77 	0	1
Q6P161 	0	1
Q9URQ5 	0	1
Q5EAJ7 	0	1
Q5T7W0 	0	1
O59800 	0	1
Q6SJ95 	0	1
Q9QXK9 	0	1
Q9M9U5 	0	1
P32807 	0	1
Q12486 	0	1
Q2HJF1 	0	1
Q0WUY1 	0	1
P38828 	0	1
Q9UL49 	0	1
P68040 	0	1
P01872 	0	1
Q05543 	0	1
O94585 	0	1
Q38CL4 	0	1
Q9Y3S1 	0	1
Q14241 	0	1
Q9C5Z3 	0	1
Q05027 	0	1
O45784 	0	1
P35169 	0	1
Q9SI64 	0	1
K7W9N9 	0	1
P47979 	0	1
P47164 	0	1
P48164 	0	1
Q22799 	0	1
P32897 	0	1
Q86YI8 	0	1
Q6PB66 	0	1
Q8BK30 	0	1
Q9BWL3 	0	1
O94606 	0	1
A0A2R6X6S3 	0	1
Q8H0U4 	0	1
Q9LYR5 	0	1
P82715 	0	1
P30307 	0	1
Q9SB31 	0	1
O49203 	0	1
Q13495 	0	1
F4JYE9 	0	1
Q9V4P1 	0	1
P47096 	0	1
P91277 	0	1
Q6NME7 	0	1
P34072 	0	1
P34160 	0	1
S8EZA7 	0	1
P53203 	0	1
Q9BUA3 	0	1
Q9JIX9 	0	1
O96007 	0	1
Q9Y3I0 	0	1
P43572 	0	1
Q15464 	0	1
Q7YTB0 	0	1
Q13901 	0	1
P29509 	0	1
P53919 	0	1
Q23500 	0	1
Q9LU93 	0	1
P53803 	0	1
Q9FNB0 	0	1
Q15811 	0	1
Q8LL04 	0	1
Q9C0C9 	0	1
Q9LW26 	0	1
Q69YN2 	0	1
O14776 	0	1
P38204 	0	1
Q96GC9 	0	1
P39735 	0	1
Q12887 	0	1
P53196 	0	1
Q9H5Q4 	0	1
Q9UST7 	0	1
Q0PNE2 	0	1
Q9C0E2 	0	1
P51610 	0	1
Q9FJJ3 	0	1
Q92979 	0	1
Q94CD4 	0	1
Q8BGS1 	0	1
P11943 	0	1
Q9UST6 	0	1
Q9FMV1 	0	1
O95104 	0	1
Q39129 	0	1
G5ED47 	0	1
Q04178 	0	1
Q9VFK6 	0	1
Q9ESX4 	0	1
O75161 	0	1
O43068 	0	1
P40387 	0	1
Q9BXV9 	0	1
Q8CII8 	0	1
P14724 	0	1
P46962 	0	1
Q6NPM8 	0	1
Q9NSA0 	0	1
Q9FX31 	0	1
P89105 	0	1
O74381 	0	1
D3ZKB9 	0	1
Q12440 	0	1
G1UH28 	0	1
P38205 	0	1
Q99884 	0	1
Q9UMY1 	0	1
Q91ZX6 	0	1
Q4V8P4 	0	1
P22674 	0	1
Q7Z713 	0	1
Q8K4V4 	0	1
Q5TB30 	0	1
P0C627 	0	1
Q12382 	0	1
Q12040 	0	1
Q9FLL1 	0	1
Q7S054 	0	1
P38140 	0	1
P34708 	0	1
Q9UGU0 	0	1
P07768 	0	1
Q9STF2 	0	1
Q53FT3 	0	1
P14923 	0	1
P91928 	0	1
Q8TB36 	0	1
Q80VM7 	0	1
Q96GE9 	0	1
Q9LU05 	0	1
Q9ULV3 	0	1
Q08062 	0	1
Q12098 	0	1
P22265 	0	1
P42845 	0	1
Q9NQ92 	0	1
P27472 	0	1
Q15120 	0	1
Q9SU56 	0	1
Q04149 	0	1
Q96AJ1 	0	1
Q99590 	0	1
Q924C5 	0	1
Q05635 	0	1
F4JZY1 	0	1
Q7Z7H8 	0	1
P62908 	0	1
Q12509 	0	1
Q19131 	0	1
P29547 	0	1
Q1KPV0 	0	1
Q9H9A7 	0	1
Q95X44 	0	1
Q91WC0 	0	1
Q801E2 	0	1
P20433 	0	1
Q99288 	0	1
Q924W6 	0	1
Q0JFZ0 	0	1
Q86YD1 	0	1
Q8W191 	0	1
Q02486 	0	1
Q9R1M5 	0	1
P39011 	0	1
P07269 	0	1
Q9Y253 	0	1
Q9NX70 	0	1
Q69YI7 	0	1
A4IFH6 	0	1
Q14019 	0	1
Q8K3W2 	0	1
Q9XZ34 	0	1
Q9JHR7 	0	1
Q78T81 	0	1
A4GSN8 	0	1
O59740 	0	1
Q8L627 	0	1
Q9BYN8 	0	1
Q9Y6Y0 	0	1
O95990 	0	1
Q9UJX5 	0	1
Q3TYA6 	0	1
P48837 	0	1
P11914 	0	1
Q96DI7 	0	1
Q9MBA2 	0	1
P32855 	0	1
P40012 	0	1
Q91YT0 	0	1
Q61425 	0	1
P38891 	0	1
Q0WPZ7 	0	1
Q9SW18 	0	1
P41133 	0	1
Q04894 	0	1
P36012 	0	1
Q6ZWK4 	0	1
Q86YA3 	0	1
Q6AVI1 	0	1
Q5TGZ0 	0	1
O60336 	0	1
P83214 	0	1
Q9LG05 	0	1
Q8N3V7 	0	1
P02318 	0	1
F4JMV6 	0	1
Q12354 	0	1
F4JTS8 	0	1
Q9FXT6 	0	1
Q8BKT7 	0	1
P39683 	0	1
Q9GZL7 	0	1
Q01453 	0	1
Q93V66 	0	1
P36121 	0	1
Q10340 	0	1
Q07623 	0	1
F4IHS2 	0	1
P11325 	0	1
Q8IAX8 	0	1
Q9Y6X0 	0	1
I1RC73 	0	1
Q10953 	0	1
P0C7R1 	0	1
Q04031 	0	1
Q9VM92 	0	1
P38193 	0	1
Q14154 	0	1
Q96326 	0	1
Q8BMF8 	0	1
Q9C0C7 	0	1
Q8C9E8 	0	1
Q9H7Z3 	0	1
Q01992 	0	1
Q9UH92 	0	1
Q9USX3 	0	1
Q9LR91 	0	1
P38169 	0	1
Q07684 	0	1
Q03338 	0	1
Q9LVH4 	0	1
Q8R4U1 	0	1
P52566 	0	1
Q9D855 	0	1
Q10474 	0	1
Q08116 	0	1
Q0WVH0 	0	1
Q12104 	0	1
Q4WF55 	0	1
Q59RL7 	0	1
Q6ZPK0 	0	1
Q99567 	0	1
Q86VI4 	0	1
Q9BXW9 	0	1
P29692 	0	1
C0HMD7 	0	1
Q6UXY1 	0	1
P0DYC3 	0	1
P41696 	0	1
Q12952 	0	1
O88554 	0	1
Q9SU05 	0	1
P40692 	0	1
P53062 	0	1
Q9SW33 	0	1
Q9FJH5 	0	1
O14246 	0	1
O49292 	0	1
Q68DK7 	0	1
F1NPG5 	0	1
P47077 	0	1
O74826 	0	1
Q8R4P5 	0	1
P61221 	0	1
Q9Y4E1 	0	1
Q12386 	0	1
P30902 	0	1
Q5Q0E6 	0	1
P50531 	0	1
Q12242 	0	1
Q9VLJ8 	0	1
Q54HI5 	0	1
Q8W4D0 	0	1
P47128 	0	1
Q9S7D1 	0	1
Q8VYF7 	0	1
Q5T4T1 	0	1
Q6UEG8 	0	1
Q09668 	0	1
P23351 	0	1
Q9WV02 	0	1
O80952 	0	1
G5EDW1 	0	1
O13881 	0	1
Q13794 	0	1
P29372 	0	1
Q9JLI8 	0	1
Q3UN54 	1	2
P43307 	1	2
Q96KN2 	1	2
Q8JFY4 	1	2
Q14773 	1	2
O43291 	1	2
P40967 	1	2
Q8NAC3 	1	2
Q5FWE3 	1	2
P80513 	1	2
P04196 	1	2
Q84ZX5 	1	2
Q95NJ8 	1	2
Q9NZV1 	1	2
P55057 	1	2
B0FHH8 	1	2
P08603 	1	2
P09470 	1	2
P24807 	1	2
P0CS93 	1	2
Q13445 	1	2
P53366 	1	2
P16382 	1	2
P11590 	1	2
P18181 	1	2
P04844 	1	2
Q13007 	1	2
Q86YL7 	1	2
Q6XE38 	1	2
O95633 	1	2
Q14210 	1	2
Q27908 	1	2
Q02126 	1	2
Q9NQ34 	1	2
P18684 	1	2
Q00657 	1	2
Q9R1T7 	1	2
P21814 	1	2
Q09140 	1	2
P23577 	1	2
P21581 	1	2
P15247 	1	2
Q8BPM6 	1	2
Q9VG55 	1	2
Q96BY9 	1	2
P0C8E7 	1	2
Q8RUW5 	1	2
P34115 	1	2
Q15582 	1	2
P79073 	1	2
K9N4Q4 	1	2
Q4W1I9 	1	2
P01070 	1	2
Q42656 	1	2
P02743 	1	2
G4V4F9 	1	2
O35806 	1	2
Q95P90 	1	2
P17690 	1	2
P13204 	1	2
P55899 	1	2
P0C8E8 	1	2
A0A0F7YYX3 	1	2
O95813 	1	2
Q653V7 	1	2
P01888 	1	2
D7UQ40 	1	2
O14773 	1	2
P20462 	1	2
P56201 	1	2
Q9BZW8 	1	2
Q9Y4X3 	1	2
P05560 	1	2
P55058 	1	2
Q09131 	1	2
Q5MJP5 	1	2
P17164 	1	2
P80370 	1	2
Q9BX59 	1	2
P20656 	1	2
M1MR49 	1	2
P14555 	1	2
P26780 	1	2
P23515 	1	2
Q25255 	1	2
P10968 	1	2
Q07092 	1	2
P07359 	1	2
P02760 	1	2
P61916 	1	2
Q9UBP4 	1	2
O59896 	1	2
Q9P0V8 	1	2
P0C1X6 	1	2
P24817 	1	2
O43852 	1	2
B3STN5 	1	2
P16636 	1	2
Q8GT41 	1	2
Q4V4I9 	1	2
Q6IWZ0 	1	2
Q9JI59 	1	2
P27654 	1	2
Q96DR8 	1	2
C0HLA0 	1	2
Q6UWV2 	1	2
Q9UK23 	1	2
P10124 	1	2
P18761 	1	2
Q9BWV1 	1	2
P28825 	1	2
P55203 	1	2
P80686 	1	2
Q8L5J1 	1	2
P08833 	1	2
Q10E50 	1	2
P09586 	1	2
Q0P569 	1	2
P05164 	1	2
Q27085 	1	2
P23631 	1	2
Q589G4 	1	2
B9A8D7 	1	2
P29026 	1	2
P01579 	1	2
Q3C258 	1	2
P31836 	1	2
P0DPV0 	1	2
Q9TT95 	1	2
P98066 	1	2
A1XCI9 	1	2
F1N5C8 	1	2
P18892 	1	2
Q8TC27 	1	2
Q6GU94 	1	2
P54900 	1	2
Q01460 	1	2
Q9UIK5 	1	2
P07439 	1	2
Q9ZT64 	1	2
Q9NTU7 	1	2
Q9NR61 	1	2
Q5UCC4 	1	2
P07712 	1	2
P42098 	1	2
Q59XX2 	1	2
A0A1S3PBB7 	1	2
Q86Y34 	1	2
P56202 	1	2
Q8I7X1 	1	2
P02701 	1	2
Q07654 	1	2
Q9GQV7 	1	2
P51654 	1	2
Q5B428 	1	2
B1P0S1 	1	2
Q6UWL6 	1	2
Q9Y2E5 	1	2
Q5PP12 	1	2
Q7Z0T3 	1	2
Q27972 	1	2
Q84UV8 	1	2
Q9NR16 	1	2
Q969J5 	1	2
P81054 	1	2
Q99944 	1	2
P45561 	1	2
Q17058 	1	2
Q4WZ11 	1	2
Q9GL30 	1	2
P0DL40 	1	2
Q8S2W4 	1	2
P07994 	1	2
G4ZHR2 	1	2
Q42502 	1	2
O18330 	1	2
Q9XWL9 	0	2
Q06494 	0	2
P17119 	0	2
P41910 	0	2
Q9LXI8 	0	2
Q03661 	0	2
Q9ZR07 	0	2
E9QDC5 	0	2
P53148 	0	2
Q96H22 	0	2
Q3T9M1 	0	2
P46435 	0	2
Q9VKB9 	0	2
O22160 	0	2
P38075 	0	2
Q9UL40 	0	2
P46995 	0	2
P0DPK0 	0	2
Q96BY2 	0	2
Q9Z266 	0	2
Q54ET6 	0	2
O74504 	0	2
P09959 	0	2
P40019 	0	2
O80775 	0	2
P03874 	0	2
Q9FFG0 	0	2
Q12038 	0	2
F4HU58 	0	2
Q9C7G6 	0	2
Q9DAG4 	0	2
Q3U6Q4 	0	2
Q80UF7 	0	2
Q94JZ8 	0	2
C0HM98 	0	2
O95833 	0	2
O43765 	0	2
P32828 	0	2
Q3E7A8 	0	2
Q9SA52 	0	2
Q9P7S3 	0	2
P41812 	0	2
Q9DB00 	0	2
Q8BG87 	0	2
Q8GS60 	0	2
Q9U6M1 	0	2
Q2TB10 	0	2
Q9FX53 	0	2
Q9WUF3 	0	2
Q2TA68 	0	2
O82660 	0	2
Q9SR77 	0	2
Q9C8J7 	0	2
P52923 	0	2
Q9NVV4 	0	2
F4K933 	0	2
Q15543 	0	2
A2ALU4 	0	2
P08050 	0	2
Q7SHR9 	0	2
Q96C01 	0	2
G5ECD6 	0	2
O14894 	0	2
Q9HB21 	0	2
Q811I0 	0	2
Q9BYB4 	0	2
Q8VZA0 	0	2
J9VQC4 	0	2
Q01831 	0	2
Q9NWY4 	0	2
Q557E7 	0	2
Q95RA8 	0	2
P13788 	0	2
P36056 	0	2
Q8I4V8 	0	2
Q9Y6J0 	0	2
Q9UTR9 	0	2
Q9WVH3 	0	2
Q12182 	0	2
Q8NDV2 	0	2
O76902 	0	2
Q06506 	0	2
O14329 	0	2
F4KHG6 	0	2
Q5EU90 	0	2
Q9NP77 	0	2
Q02796 	0	2
Q99MZ3 	0	2
O94761 	0	2
P14618 	0	2
Q32NR9 	0	2
O13539 	0	2
O74563 	0	2
Q9BVL4 	0	2
Q9SUT5 	0	2
O75106 	0	2
Q12156 	0	2
Q8BWT5 	0	2
E7F568 	0	2
Q5SUQ9 	0	2
Q8N4L1 	0	2
A9D2P7 	0	2
Q80WB5 	0	2
Q10262 	0	2
P08433 	0	2
Q9UHH9 	0	2
Q96P66 	0	2
Q9GZP8 	0	2
Q6VY05 	0	2
Q9FVQ1 	0	2
Q9ERG0 	0	2
Q96P65 	0	2
Q9UUE5 	0	2
P09932 	0	2
Q18490 	0	2
O43482 	0	2
Q54HS3 	0	2
Q9P0Z9 	0	2
O65258 	0	2
Q9UIG0 	0	2
P36517 	0	2
Q8IX21 	0	2
Q8GSI0 	0	2
Q2WG80 	0	2
Q9H0E3 	0	2
Q948R9 	0	2
Q08421 	0	2
Q86US8 	0	2
O81098 	0	2
Q6PJW8 	0	2
A0A509AKT6 	0	2
P40465 	0	2
Q16774 	0	2
P32570 	0	2
Q8NEZ2 	0	2
A0A0B5L781 	0	2
Q8INR6 	0	2
O74910 	0	2
P40073 	0	2
Q9C5W3 	0	2
Q8AWF5 	0	2
Q969S2 	0	2
Q9WV31 	0	2
Q38895 	0	2
O00198 	0	2
P42842 	0	2
P12954 	0	2
P16658 	0	2
Q9UK41 	0	2
O94494 	0	2
Q68G30 	0	2
Q12789 	0	2
Q5C9Z4 	0	2
P41252 	0	2
P98081 	0	2
Q336R3 	0	2
Q9EST4 	0	2
O94516 	0	2
P12294 	0	2
P53140 	0	2
O74880 	0	2
P22035 	0	2
Q96JH7 	0	2
Q9P804 	0	2
P15771 	0	2
P0DO12 	0	2
Q05979 	0	2
P09543 	0	2
Q8IZF0 	0	2
O13744 	0	2
P33759 	0	2
Q94AN2 	0	2
Q9NPL8 	0	2
P78540 	0	2
P40630 	0	2
Q9UK76 	0	2
Q86WB0 	0	2
Q15126 	0	2
Q9I7U4 	0	2
A2A288 	0	2
Q61146 	0	2
Q3U5Q7 	0	2
Q9DBN1 	0	2
Q9SEL5 	0	2
E5RQA1 	0	2
Q9XTB5 	0	2
P40085 	0	2
Q8IWD4 	0	2
P53061 	0	2
P43596 	0	2
Q9Z2A5 	0	2
O49660 	0	2
Q75RY2 	0	2
Q12035 	0	2
Q17604 	0	2
Q14739 	0	2
Q9JJ28 	0	2
Q8TDB4 	0	2
P86452 	0	2
Q96E09 	0	2
Q9NZC7 	0	2
Q96DY5 	0	2
Q13562 	0	2
Q12906 	0	2
Q04712 	0	2
O42924 	0	2
O17850 	0	2
P15796 	0	2
Q92750 	0	2
Q42564 	0	2
P24813 	0	2
Q15678 	0	2
Q94AI4 	0	2
D4A3U0 	0	2
Q02637 	0	2
Q2V2P4 	0	2
Q99569 	0	2
Q969G3 	0	2
P52488 	0	2
Q11107 	0	2
P14164 	0	2
Q9VMD6 	0	2
Q9DCX7 	0	2
P16965 	0	2
Q8N726 	0	2
P36954 	0	2
Q60864 	0	2
P38557 	0	2
Q9VMD0 	0	2
O43290 	0	2
Q9NV06 	0	2
Q9CQT2 	0	2
Q9Z0W3 	0	2
Q9QZR8 	0	2
O76616 	0	2
Q9UGM6 	0	2
B2CW77 	0	2
Q6P3S6 	0	2
Q6DYE4 	0	2
Q95QD7 	0	2
A0A2Z5GDY5 	0	2
P24389 	0	2
P83213 	0	2
Q9BVN2 	0	2
Q8N196 	0	2
Q96EH3 	0	2
Q10059 	0	2
Q6PCP7 	0	2
Q5AJU7 	0	2
Q9DBL9 	0	2
P79005 	0	2
Q8GW43 	0	2
B1ASB6 	0	2
G5EEU2 	0	2
Q1MTN3 	0	2
Q15049 	0	2
Q921E6 	0	2
A0A0K3AWP8 	0	2
P40084 	0	2
O75132 	0	2
O13800 	0	2
O94826 	0	2
P49842 	0	2
Q8BJM5 	0	2
Q95TS5 	0	2
Q99207 	0	2
O94916 	0	2
Q9QXN0 	0	2
P18859 	0	2
A7TUE1 	0	2
P87310 	0	2
Q91YD4 	0	2
Q8R3L2 	0	2
P09594 	0	2
P36141 	0	2
G5EDE1 	0	2
P53142 	0	2
Q9VMA3 	0	2
O95707 	0	2
O15226 	0	2
O94301 	0	2
Q08278 	0	2
P79083 	0	2
P39927 	0	2
P00918 	0	2
Q7S5N0 	0	2
C6KST8 	0	2
Q14209 	0	2
Q9URT8 	0	2
Q5ZEF1 	0	2
Q9HCC8 	0	2
G5EGU9 	0	2
Q10432 	0	2
Q9T6H8 	0	2
F4JZC2 	0	2
Q9UT03 	0	2
Q8K3W3 	0	2
Q93YN0 	0	2
Q15067 	0	2
Q6PFX2 	0	2
Q32MQ0 	0	2
Q9SF47 	0	2
P56378 	0	2
Q91X84 	0	2
A0A7J6K629 	0	2
P27882 	0	2
Q7S1R6 	0	2
Q9FZ47 	0	2
Q5PT50 	0	2
Q84JH7 	0	2
Q06315 	0	2
O61766 	0	2
P41779 	0	2
Q04781 	0	2
P27351 	0	2
Q9LUI3 	0	2
P78524 	0	2
Q05809 	0	2
Q9FEC4 	0	2
P38345 	0	2
Q53HV7 	0	2
Q93VR9 	0	2
P53569 	0	2
Q02864 	0	2
P49335 	0	2
Q86VP1 	0	2
Q9H5V9 	0	2
Q9VDE8 	0	2
V5ILE0 	0	2
P49917 	0	2
Q93ZB2 	0	2
P17106 	0	2
P34219 	0	2
Q96IR7 	0	2
Q9DB77 	0	2
Q80UP5 	0	2
Q6C354 	0	2
Q80X86 	0	2
Q84N48 	0	2
P82925 	0	2
Q9LY00 	0	2
Q10187 	0	2
Q45VK7 	0	2
O89050 	0	2
Q9UTQ4 	0	2
Q16581 	0	2
Q9BRD0 	0	2
G5EEV2 	0	2
Q3S4A7 	0	2
P16455 	0	2
A8MQL1 	0	2
Q9CWR0 	0	2
P61218 	0	2
P25299 	0	2
Q941D3 	0	2
Q969P6 	0	2
Q9CQF3 	0	2
O64973 	0	2
A0A286YD83 	0	2
Q91V08 	0	2
Q9C4Z7 	0	2
O00257 	0	2
P35244 	0	2
Q8N8Q3 	0	2
Q8BVZ5 	0	2
P07663 	0	2
P38909 	0	2
Q06236 	0	2
P49957 	0	2
O45952 	0	2
Q940X9 	0	2
Q8C886 	0	2
O88286 	0	2
Q7TQD2 	0	2
Q8BGC4 	0	2
Q967U1 	0	2
Q99929 	0	2
Q8BHN1 	0	2
O14230 	0	2
O94286 	0	2
Q6NUD0 	0	2
Q8LGJ5 	0	2
Q9W3M3 	0	2
Q9SIY3 	0	2
Q23229 	0	2
P38790 	0	2
Q9R080 	0	2
P38985 	0	2
P50861 	0	2
Q01519 	0	2
Q7Z7K0 	0	2
Q8LPL7 	0	2
P47988 	0	2
Q9FFH0 	0	2
P55241 	0	2
P36534 	0	2
Q9W0I5 	0	2
P40380 	0	2
Q7XA78 	0	2
Q8C551 	0	2
O14318 	0	2
F4HS99 	0	2
O94411 	0	2
Q9GRZ3 	0	2
Q9FFH1 	0	2
O94875 	0	2
O48721 	0	2
Q9SXZ2 	0	2
Q6K881 	0	2
Q12363 	0	2
Q08157 	0	2
P35728 	0	2
Q15022 	0	2
Q9W261 	0	2
Q8MUF9 	0	2
Q9LZ08 	0	2
O35613 	0	2
P26717 	0	2
Q8L7N4 	0	2
P09211 	0	2
Q9M658 	0	2
P36617 	0	2
Q96BU1 	0	2
Q05568 	0	2
P83876 	0	2
Q99PV0 	0	2
Q60674 	0	2
Q9ZS51 	0	2
Q54T86 	0	2
Q6PEY1 	0	2
Q02772 	0	2
Q9H5P4 	0	2
Q20716 	0	2
Q500U8 	0	2
P70399 	0	2
O43006 	0	2
A0A2R8VHF7 	0	2
Q09821 	0	2
Q63HR2 	0	2
P22138 	0	2
Q05860 	0	2
Q8N3F8 	0	2
Q99JB8 	0	2
P10795 	0	2
Q62769 	0	2
Q8IZY2 	0	2
Q949Q5 	0	2
G3UYX5 	0	2
Q6P1X5 	0	2
Q12507 	0	2
Q8WW12 	0	2
O14013 	0	2
Q84VX3 	0	2
P01129 	0	2
Q8S4F6 	0	2
D3ZUA0 	0	2
Q78ZR5 	0	2
P24919 	0	2
P38162 	0	2
O35484 	0	2
Q96RG2 	0	2
Q8BHK1 	0	2
Q04749 	0	2
Q924H7 	0	2
P05030 	0	2
Q9V452 	0	2
Q86V15 	0	2
P56216 	0	2
Q9VNH1 	0	2
Q9BRG1 	0	2
Q6DRC5 	0	2
P36046 	0	2
Q04623 	0	2
Q03151 	0	2
Q4ADV7 	0	2
P07271 	0	2
Q8LPR8 	0	2
Q9FXD6 	0	2
Q9P2N6 	0	2
Q9UJM8 	0	2
D4A208 	0	2
P38998 	0	2
Q6YN16 	0	2
Q9VDV3 	0	2
P53598 	0	2
Q9SQU2 	0	2
P87238 	0	2
Q84JL7 	0	2
F4KH86 	0	2
P32314 	0	2
Q9NUJ1 	0	2
P28795 	0	2
P17812 	0	2
Q61136 	0	2
Q9BPX6 	0	2
J9VJ62 	0	2
Q9T0A4 	0	2
Q92575 	0	2
Q09967 	0	2
E9Q5G7 	0	2
P29595 	0	2
Q8WVQ1 	0	2
F4JP43 	0	2
O70597 	0	2
Q1K5R0 	0	2
F4INA9 	0	2
Q6UPE1 	0	2
Q92353 	0	2
Q03218 	0	2
P13468 	0	2
Q86MD3 	0	2
Q0E671 	0	2
Q91VD9 	0	2
Q9HD15 	0	2
Q8TE02 	0	2
Q08282 	0	2
Q9NYH9 	0	2
Q8N328 	0	2
P15924 	0	2
P43554 	0	2
Q96T21 	0	2
Q6ZN18 	0	2
Q4VAE3 	0	2
Q86XK2 	0	2
P93758 	0	2
F4IS91 	0	2
Q9C000 	0	2
Q8VCM2 	0	2
Q06449 	0	2
P14905 	0	2
Q9CZL5 	0	2
Q9ZQI7 	0	2
P54198 	0	2
P32354 	0	2
O43044 	0	2
Q9GZS1 	0	2
P25046 	0	2
Q9V9W8 	0	2
Q80VL0 	0	2
Q1MTQ0 	0	2
Q9LGE3 	0	2
O09174 	0	2
Q9P7B8 	0	2
Q00416 	0	2
C0HM83 	0	2
Q9LFC0 	0	2
P12689 	0	2
O88441 	0	2
Q9CZG9 	0	2
Q22795 	0	2
Q9BY10 	0	2
Q96M32 	0	2
Q9FFY9 	0	2
Q8K2T8 	0	2
Q14192 	0	2
O43586 	0	2
O94668 	0	2
Q8IYW5 	0	2
Q9LHF5 	0	2
Q9M9X4 	0	2
Q15637 	0	2
P32970 	0	2
O13855 	0	2
Q9Y228 	0	2
Q8CEG8 	0	2
P32796 	0	2
B1AWL2 	0	2
P38250 	0	2
Q6GPH4 	0	2
O43083 	0	2
P16467 	0	2
Q9SU25 	0	2
Q6IQ20 	0	2
P32445 	0	2
Q96QA6 	0	2
Q93015 	0	2
Q9D328 	0	2
Q08902 	0	2
Q810H6 	0	2
Q09961 	0	2
Q8CD10 	0	2
Q6P2H3 	0	2
Q6DYE8 	0	2
Q9XGM3 	0	2
P97411 	0	2
P41698 	0	2
Q15785 	0	2
Q9D5V6 	0	2
Q8IY92 	0	2
Q92546 	0	2
Q7KZN9 	0	2
Q9HAJ7 	0	2
Q9VU86 	0	2
Q8LBB2 	0	2
Q9BQ87 	0	2
Q03111 	0	2
Q8L719 	0	2
Q12754 	0	2
Q42606 	0	2
Q8NBT2 	0	2
Q05900 	0	2
Q06707 	0	2
G5EF48 	0	2
O55236 	0	2
Q04779 	0	2
Q6PIV2 	0	2
P0CT69 	0	2
Q86U90 	0	2
Q8IZA0 	0	2
Q9ULX3 	0	2
Q6NNL9 	0	2
Q9V968 	0	2
Q9BQ48 	0	2
Q9ESV1 	0	2
Q6Y685 	0	2
P78780 	0	2
Q04087 	0	2
P53063 	0	2
Q8RY71 	0	2
Q96JN0 	0	2
D3U717 	0	2
Q09683 	0	2
H2KYH4 	0	2
Q12146 	0	2
P40041 	0	2
P0DW81 	0	2
Q9QXV1 	0	2
Q8WVM0 	0	2
Q8W4E7 	0	2
Q8NBA8 	0	2
Q7L804 	0	2
Q9NQV5 	0	2
Q9C5J9 	0	2
Q96PH1 	0	2
Q12305 	0	2
Q9HAF1 	0	2
Q9HD23 	0	2
Q9USH6 	0	2
Q9GZY4 	0	2
Q96A54 	0	2
Q19872 	0	2
Q6PIZ9 	0	2
Q9Y3A4 	0	2
Q8VYL1 	0	2
P52656 	0	2
C6SZ50 	0	2
Q924L1 	0	2
G5EGQ6 	0	2
Q7Z4T9 	0	2
Q9CAQ2 	0	2
P40847 	0	2
Q84VQ1 	0	2
Q9H8E8 	0	2
Q9FN52 	0	2
Q95XA8 	0	2
P11471 	0	2
Q9AUE0 	0	2
P35732 	0	2
P04789 	0	2
A0A1B0GUW7 	0	2
Q8N3Z6 	0	2
P50876 	0	2
Q1M168 	0	2
P40459 	0	2
Q9SMX3 	0	2
Q9VKM6 	0	2
Q9UJA2 	0	2
Q6P4A7 	0	2
Q02521 	0	2
Q38AH0 	0	2
Q68DX3 	0	2
P87152 	0	2
Q9LTY1 	0	2
Q9P382 	0	2
Q06214 	0	2
P36152 	0	2
Q8R3P9 	0	2
P38907 	0	2
Q9NPB1 	0	2
P40513 	0	2
Q9VH70 	0	2
Q08874 	0	2
Q9V7P1 	0	2
Q5I0X4 	0	2
Q8H110 	0	2
Q8JFQ4 	0	2
Q8WUX9 	0	2
Q8IVG5 	0	2
O74478 	0	2
Q9VIF5 	0	2
Q8WUU5 	0	2
P32500 	0	2
Q9ZV06 	0	2
Q9N5S3 	0	2
Q12734 	0	2
P16458 	0	2
Q10168 	0	2
P33419 	0	2
Q86PD7 	0	2
O15360 	0	2
P11799 	0	2
Q96QF7 	0	2
Q7YR75 	0	2
Q6PB70 	0	2
O75056 	0	2
Q99836 	0	2
Q9HCS7 	0	2
Q9H3L0 	0	2
Q9H3S7 	0	2
Q2M3C6 	0	2
Q8NB78 	0	2
Q1G3K8 	0	2
Q9NAD6 	0	2
Q9VTZ2 	0	2
O88597 	0	2
Q5VYK3 	0	2
Q96Q11 	0	2
Q19541 	0	2
P56287 	0	2
Q8T0D4 	0	2
Q9UPZ3 	0	2
Q86VP3 	0	2
Q9Y508 	0	2
P87234 	0	2
Q86TS9 	0	2
Q8VY15 	0	2
Q9JJ09 	0	2
Q8TAX9 	0	2
Q14157 	0	2
Q96JB5 	0	2
Q96AZ6 	0	2
O82357 	0	2
O22265 	0	2
O18412 	0	2
P84996 	0	2
P38769 	0	2
Q9WUM4 	0	2
Q9EQQ4 	0	2
Q08457 	0	2
Q10422 	0	2
P53238 	0	2
Q6RFZ7 	0	2
Q3E785 	0	2
Q8N0T1 	0	2
Q8NC56 	0	2
Q9BQ95 	0	2
P39678 	0	2
Q9BLG3 	0	2
Q10PI9 	0	2
P59540 	0	2
Q9W088 	0	2
Q6A078 	0	2
O22832 	0	2
O60934 	0	2
P0DOW4 	0	2
Q8IZU0 	0	2
Q9Y2R0 	0	2
P48268 	0	2
Q0WV90 	0	2
P17442 	0	2
Q8VZS0 	0	2
Q9NUK0 	0	2
Q9Y817 	0	2
P82349 	0	2
Q07532 	0	2
B5X0I6 	0	2
P49435 	0	2
O14827 	0	2
Q13216 	0	2
Q0JJ05 	0	2
P56182 	0	2
P09081 	0	2
P28715 	0	2
Q24167 	0	2
O55003 	0	2
Q8VYZ5 	0	2
Q9EQW6 	0	2
P01880 	0	2
P53808 	0	2
Q9Y5S8 	0	2
P32908 	0	2
Q04170 	0	2
Q865Y9 	0	2
Q9Y3S2 	0	2
G5ED29 	0	2
Q03018 	0	2
O95551 	0	2
Q9Y388 	0	2
Q8L7Z0 	0	2
P42731 	0	2
Q9VYY4 	0	2
Q6PJG6 	0	2
Q9Y5U2 	0	2
Q7Z2Z1 	0	2
P23492 	0	2
P40466 	0	2
Q80UF9 	0	2
A0A2P1GIW3 	0	2
Q96N21 	0	2
O18381 	0	2
Q9UT32 	0	2
P51810 	0	2
Q60680 	0	2
Q9NZ42 	0	2
P06509 	0	2
Q9SNC0 	0	2
Q96IX5 	0	2
Q5SWT3 	0	2
Q2KID9 	0	2
Q9WVC3 	0	2
P25364 	0	2
Q64471 	0	2
Q8TDG4 	0	2
Q8BTQ0 	0	2
Q9D4H9 	0	2
Q9Z125 	0	2
O74500 	0	2
P21771 	0	2
P82922 	0	2
O15164 	0	2
Q15466 	0	2
Q6F6B5 	0	2
Q8VZB2 	0	2
Q9UQY9 	0	2
Q8TBR7 	0	2
P87054 	0	2
O24606 	0	2
O59669 	0	2
Q9H3N8 	0	2
Q86WB7 	0	2
P46674 	0	2
Q9NW15 	0	2
Q8VYJ1 	0	2
P46997 	0	2
Q94515 	0	2
O74889 	0	2
O59746 	0	2
P03069 	0	2
P36000 	0	2
Q9S9N6 	0	2
Q0P651 	0	2
O78749 	0	2
O94664 	0	2
Q84VQ4 	0	2
Q9YH58 	0	2
P53032 	0	2
G5EGK5 	0	2
Q8LAJ7 	0	2
P82244 	0	2
Q7DMA9 	0	2
Q14116 	0	2
Q5THR3 	0	2
Q9UDR5 	0	2
O95905 	0	2
Q03718 	0	2
Q9P287 	0	2
C7AJA4 	0	2
Q9Z0S4 	0	2
Q9LVS0 	0	2
Q9D945 	0	2
O77059 	0	2
Q9P2P6 	0	2
Q9FR37 	0	2
Q04264 	0	2
Q8TEH3 	0	2
Q9M9L6 	0	2
Q8IU99 	0	2
Q9Y6G1 	0	2
Q9Y6X4 	0	2
Q9H9P5 	0	2
Q9SJQ9 	0	2
Q9BXJ9 	0	2
Q9W420 	0	2
Q80Z29 	0	2
P47045 	0	2
Q6PL11 	0	2
P53999 	0	2
O35820 	0	2
Q01454 	0	2
Q9Y7J2 	0	2
Q6C7L6 	0	2
Q3T040 	0	2
Q9LY66 	0	2
P53720 	0	2
Q9LTW4 	0	2
Q5HZG9 	0	2
Q99829 	0	2
O35710 	0	2
Q86TG7 	0	2
P34886 	0	2
G5EDW7 	0	2
P22697 	0	2
P13804 	0	2
P62249 	0	2
Q9VR38 	0	2
Q9SX99 	0	2
Q9VNB5 	0	2
O94478 	0	2
Q76KJ5 	0	2
O17286 	0	2
P09956 	0	2
Q7Z695 	0	2
Q9Y3A5 	0	2
O13709 	0	2
Q6ZIK5 	0	2
Q9FJK3 	0	2
Q7TPD6 	0	2
Q15477 	0	2
Q8K4H1 	0	2
Q8NFJ9 	0	2
Q9DBG9 	0	2
Q9NUL5 	0	2
A0A0A6YY25 	0	2
Q9NWW0 	0	2
Q9Y5B8 	0	2
P11101 	0	2
Q9FFS4 	0	2
P19440 	0	2
Q09924 	0	2
Q3UL53 	0	2
Q7TSD4 	0	2
P25368 	0	2
P97481 	0	2
P38227 	0	2
P32761 	0	2
Q62141 	0	2
Q9ZVL6 	0	2
B7WN96 	0	2
P33893 	0	2
O94818 	0	2
Q9SLB9 	0	2
P32904 	0	2
Q9UU84 	0	2
P50416 	0	2
Q9H5V7 	0	2
Q9T0H9 	0	2
P0DXC1 	0	2
O70404 	0	2
Q9NWT8 	0	2
Q00312 	0	2
P53724 	0	2
P80484 	0	2
P06701 	0	2
Q92466 	0	2
Q08050 	0	2
Q8I2S0 	0	2
Q5A4H5 	0	2
P39706 	0	2
P10900 	0	2
O74361 	0	2
Q1ZXQ0 	0	2
Q3E705 	0	2
Q70CQ3 	0	2
Q99LM3 	0	2
Q53KK6 	0	2
Q501D2 	0	2
Q42529 	0	2
Q8IIS5 	0	2
Q9LU39 	0	2
Q9NPP4 	0	2
O55227 	0	2
O04209 	0	2
Q9LRI8 	0	2
P43587 	0	2
Q9WVJ6 	0	2
P08593 	0	2
P52927 	0	2
P39880 	0	2
P09798 	0	2
Q84LK0 	0	2
V5IM94 	0	2
Q13342 	0	2
O22802 	0	2
Q9FPR3 	0	2
A2AKK5 	0	2
Q08236 	0	2
Q8C0R7 	0	2
Q96FQ6 	0	2
O81242 	0	2
Q0QWG9 	0	2
A0PK05 	0	2
Q12080 	0	2
Q9CQT7 	0	2
Q673G8 	0	2
Q94AT3 	0	2
Q9H6R4 	0	2
Q03036 	0	2
P09119 	0	2
P22033 	0	2
Q9Y2Y6 	0	2
P07270 	0	2
Q7ZW57 	0	2
O74331 	0	2
P35183 	0	2
Q15717 	0	2
Q12955 	0	2
Q8NBV4 	0	2
Q9USV1 	0	2
Q6NPN9 	0	2
O43818 	0	2
P53883 	0	2
Q9HBM1 	0	2
O14212 	0	2
Q9H307 	0	2
O14215 	0	2
P10109 	0	2
Q24JJ9 	0	2
Q8VZU2 	0	2
Q5SY16 	0	2
Q64442 	0	2
Q9FMW8 	0	2
P31376 	0	2
Q8WXF8 	0	2
O74354 	0	2
Q96PN7 	0	2
Q61161 	0	2
Q03771 	0	2
P49792 	0	2
P83758 	0	2
P38631 	0	2
Q9SB47 	0	2
Q3E824 	0	2
B2AFA8 	0	2
Q9UUI2 	0	2
Q18616 	0	2
Q6S5L8 	0	2
Q38897 	0	2
A0A2H1VE33 	0	2
Q0WNB1 	0	2
O23166 	0	2
Q5SSJ5 	0	2
Q19203 	0	2
P09368 	0	2
Q6P587 	0	2
P39952 	0	2
Q8CI52 	0	2
O96000 	0	2
O14196 	0	2
Q96KG9 	0	2
Q06697 	0	2
P97452 	0	2
Q257B3 	0	2
A0A0G2K309 	0	2
P46059 	0	2
Q99575 	0	2
Q8C5S7 	0	2
O14734 	0	2
P54725 	0	2
Q99942 	0	2
Q9ESK9 	0	2
Q8NFU0 	0	2
O95359 	0	2
Q9Y7R3 	0	2
Q9XI73 	0	2
Q9C6T1 	0	2
Q8N7A1 	0	2
P53083 	0	2
O23299 	0	2
P10749 	0	2
Q7JRE4 	0	2
Q9QYJ6 	0	2
Q7SAJ1 	0	2
Q6S591 	0	2
P17712 	0	2
Q8R5A0 	0	2
Q3U9N9 	0	2
Q12334 	0	2
P46669 	0	2
Q9JJD0 	0	2
Q8QG92 	0	2
J9VE33 	0	2
Q9WVM1 	0	2
P42114 	0	2
Q15760 	0	2
Q9M2Z2 	0	2
E5FYH0 	0	2
P36038 	0	2
O55230 	0	2
Q8VYU8 	0	2
O96237 	0	2
Q8INM3 	0	2
Q659A1 	0	2
A8CVF3 	0	2
Q12178 	0	2
Q9UQ84 	0	2
Q64267 	0	2
G5EGE9 	0	2
O80669 	0	2
A0A076FFM5 	0	2
Q9NVI1 	0	2
Q8W4D6 	0	2
Q10317 	0	2
O77264 	0	2
Q3MIR4 	0	2
Q9VGL8 	0	2
Q8GZA8 	0	2
Q9M280 	0	2
O43592 	0	2
O42804 	0	2
Q91WE2 	0	2
Q9JHI9 	0	2
P0DJI6 	0	2
O14322 	0	2
P38283 	0	2
Q02630 	0	2
Q9BY12 	0	2
Q9NX08 	0	2
P09144 	0	2
P43582 	0	2
Q9LY74 	0	2
Q96305 	0	2
Q05683 	0	2
P32451 	0	2
P53850 	0	2
P50105 	0	2
Q08492 	0	2
Q86WR6 	0	2
P04817 	0	2
Q9LZW2 	0	2
Q9EPA0 	0	2
Q9BTL3 	0	2
A0A120KVR5 	0	2
Q9FNZ5 	0	2
Q8VZS3 	0	2
B3EWF7 	0	2
Q9NZP6 	0	2
Q9H410 	0	2
Q09014 	0	2
G5EG86 	0	2
Q18171 	0	2
Q96FX2 	0	2
Q6PFQ7 	0	2
A2AG58 	0	2
Q5AMH6 	0	2
Q6P756 	0	2
Q8WZJ8 	0	2
Q93062 	0	2
Q58A45 	0	2
Q8CH19 	0	2
Q24472 	0	2
P59649 	0	2
Q9LSA9 	0	2
O60829 	0	2
P19889 	0	2
O43504 	0	2
Q9M3B8 	0	2
Q61818 	0	2
Q96PY6 	0	2
Q9LUI2 	0	2
P38182 	0	2
Q8BWY7 	0	2
F4I8I0 	0	2
Q10429 	0	2
Q05498 	0	2
Q9SCL7 	0	2
P97577 	0	2
A0A061ACU2 	0	2
Q9NY33 	0	2
Q9XUK2 	0	2
P07247 	0	2
Q94BV2 	0	2
Q9NQV6 	0	2
Q9SW31 	0	2
Q02457 	0	2
P23804 	0	2
P24929 	0	2
O94459 	0	2
P32388 	0	2
Q8WUQ7 	0	2
E7FKV8 	0	2
Q3KNY0 	0	2
P32584 	0	2
Q05CL8 	0	2
Q9UI30 	0	2
Q66K74 	0	2
Q96T76 	0	2
P0CB49 	0	2
Q93Y52 	0	2
A0A2H1A5W4 	0	2
F4KFB3 	0	2
P56282 	0	2
Q9JK95 	0	2
O00522 	0	2
P57071 	0	2
Q5T9L3 	0	2
Q00947 	0	2
O35914 	0	2
O54825 	0	2
P42937 	0	2
P05084 	0	2
Q9BZZ5 	0	2
P40156 	0	2
Q13029 	0	2
Q20709 	0	2
Q96P48 	0	2
Q6ZVD8 	0	2
Q9FPS9 	0	2
F4KAV2 	0	2
Q9HD33 	0	2
Q62315 	0	2
Q96G30 	0	2
Q9H3M7 	0	2
Q9FJ17 	0	2
Q9Y3D5 	0	2
Q9C9B9 	0	2
Q9VF30 	0	2
Q9NQ31 	0	2
O14188 	0	2
Q7JWP6 	0	2
Q02614 	0	2
Q8L5Z4 	0	2
Q86VE9 	0	2
Q96RN5 	0	2
Q53R41 	0	2
F6ZDS4 	0	2
Q8VWG3 	0	2
Q9XFT3 	0	2
Q21446 	0	2
Q9VPF9 	0	2
Q5M755 	0	2
P80470 	0	2
P53972 	0	2
Q04006 	0	2
Q7L4E1 	0	2
Q94AR8 	0	2
P53067 	0	2
Q9NZC4 	0	2
P47087 	0	2
Q9FIB6 	0	2
P24482 	0	2
Q94BQ3 	0	2
P48437 	0	2
Q8GXF8 	0	2
Q8IDM6 	0	2
Q6FI81 	0	2
Q8WYQ5 	0	2
Q9FXH5 	0	2
Q06833 	0	2
Q07163 	0	2
Q9I7K0 	0	2
Q03782 	0	2
Q9FPW4 	0	2
Q96KR7 	0	2
Q7M750 	0	2
Q05930 	0	2
Q9HGN4 	0	2
Q9P127 	0	2
Q9C8H3 	0	2
Q8IUH3 	0	2
Q06089 	0	2
Q03220 	0	2
Q9LEM8 	0	2
O13788 	0	2
O23210 	0	2
O60057 	0	2
Q9BV20 	0	2
P30793 	0	2
A6NHQ2 	0	2
Q16773 	0	2
A3KPQ7 	0	2
P47041 	0	2
P38793 	0	2
Q12033 	0	2
O81852 	0	2
P0DPG3 	0	2
Q680Q4 	0	2
Q2LAE1 	0	2
A2XFC1 	0	2
O44997 	0	2
Q9BR61 	0	2
Q8LGD5 	0	2
Q39009 	0	2
Q96N11 	0	2
Q9BZE9 	0	2
O94397 	0	2
Q95Y80 	0	2
O94667 	0	2
Q9FFJ8 	0	2
P41920 	0	2
Q9BY77 	0	2
Q8K4J6 	0	2
P11930 	0	2
P53088 	0	2
P28007 	0	2
P40356 	0	2
P21190 	0	2
O35235 	0	2
Q6MG82 	0	2
O13807 	0	2
Q16635 	0	2
Q9C446 	0	2
Q25825 	0	2
Q08702 	0	2
Q8N6L0 	0	2
G5EEC5 	0	2
Q0VD83 	0	2
O94522 	0	2
P46947 	0	2
Q7Z3D4 	0	2
Q2Z1W2 	0	2
O14497 	0	2
P39965 	0	2
Q9UTT2 	0	2
P40467 	0	2
P49888 	0	2
Q9H079 	0	2
O74359 	0	2
Q9ZPQ3 	0	2
P11115 	0	2
Q4PLS0 	0	2
O14730 	0	2
Q03713 	0	2
Q8GXJ1 	0	2
Q9HCJ1 	0	2
O23247 	0	2
Q8GT74 	0	2
E2RU97 	0	2
Q9LZD0 	0	2
Q9D3G5 	0	2
P53507 	0	2
Q96PE3 	0	2
P50402 	0	2
Q8TC26 	0	2
Q96JB3 	0	2
Q90ZS6 	0	2
Q60415 	0	2
Q1K8V2 	0	2
Q586F4 	0	2
Q02046 	0	2
O82265 	0	2
Q00497 	0	2
Q91XT6 	0	2
O23277 	0	2
P34341 	0	2
Q9Y6H6 	0	2
Q8BFX3 	0	2
O94888 	0	2
F4J7T2 	0	2
Q02410 	0	2
Q8NHV9 	0	2
B2D6M2 	0	2
Q95QA6 	0	2
Q86XK3 	0	2
P12524 	0	2
Q9FJW3 	0	2
Q9M7I7 	0	2
Q94BT6 	0	2
Q3UHH1 	0	2
O13985 	0	2
O13801 	0	2
P70279 	0	2
Q38E51 	0	2
Q7Z7H3 	0	2
F4JVI3 	0	2
P17677 	0	2
P40757 	0	2
O02274 	0	2
Q9JMG3 	0	2
Q13868 	0	2
Q01613 	0	2
Q9FIG9 	0	2
Q96247 	0	2
O24463 	0	2
Q9BXL5 	0	2
Q8IPX7 	0	2
P24391 	0	2
Q8NI27 	0	2
Q9VWF2 	0	2
Q9UMN6 	0	2
O55207 	0	2
P29467 	0	2
Q9C5S1 	0	2
Q96RS6 	0	2
Q9P7H8 	0	2
Q96K12 	0	2
Q8R5A3 	0	2
P91082 	0	2
Q9H211 	0	2
Q9SL95 	0	2
P20941 	0	2
O74458 	0	2
Q7SG49 	0	2
Q6P1K2 	0	2
O60130 	0	2
Q6K678 	0	2
E9PYL2 	0	2
Q91WV7 	0	2
Q69ZR9 	0	2
Q8LPQ9 	0	2
Q9P0J0 	0	2
Q8GWP5 	0	2
O59744 	0	2
P12198 	0	2
P54105 	0	2
P25028 	0	2
Q8WXC6 	0	2
P82139 	0	2
Q05175 	0	2
Q8SUF9 	0	2
Q9UJ42 	0	2
Q9P6L9 	0	2
O80845 	0	2
O94294 	0	2
O88457 	0	2
Q9NV29 	0	2
P53241 	0	2
Q9UQ35 	0	2
P53060 	0	2
Q03430 	0	2
Q02983 	0	2
P28321 	0	2
Q9BTV5 	0	2
Q8C624 	0	2
P40571 	0	2
O94355 	0	2
O64827 	0	2
O14036 	0	2
P78929 	0	2
Q9UT31 	0	2
Q9SY69 	0	2
Q9GZV3 	0	2
P60881 	0	2
Q07589 	0	2
Q9NZN3 	0	2
O88846 	0	2
O13803 	0	2
O35615 	0	2
Q9UGC7 	0	2
Q17390 	0	2
Q9NUM3 	0	2
Q94K73 	0	2
P38292 	0	2
Q9LFA3 	0	2
Q00278 	0	2
Q94AV5 	0	2
A6NK89 	0	2
Q1W6H9 	0	2
Q06672 	0	2
Q06892 	0	2
Q9SYD8 	0	2
Q5T8A7 	0	2
C4LY96 	0	2
Q02794 	0	2
P32432 	0	2
Q9VEX9 	0	2
Q8WWL7 	0	2
P07253 	0	2
H2KZB2 	0	2
Q6IEG0 	0	2
P97367 	0	2
Q94AH1 	0	2
Q24434 	0	2
V5IRA3 	0	2
Q9U572 	1	3
Q9BX93 	1	3
Q8J0D2 	1	3
P28335 	1	3
Q96LA5 	1	3
Q92154 	1	3
Q76FP5 	1	3
P80961 	1	3
P07727 	1	3
Q05091 	1	3
P47178 	1	3
O08795 	1	3
P29459 	1	3
Q01528 	1	3
Q95JC9 	1	3
P02763 	1	3
Q05359 	1	3
P19425 	1	3
P01027 	1	3
P81264 	1	3
Q8NK90 	1	3
Q8SXL2 	1	3
P02466 	1	3
P26010 	1	3
P00719 	1	3
A9UGV5 	1	3
Q8N441 	1	3
P20013 	1	3
A1IKL2 	1	3
P15309 	1	3
O95711 	1	3
Q92643 	1	3
Q15768 	1	3
P0DSJ6 	1	3
P12729 	1	3
P67876 	1	3
P15516 	1	3
P19667 	1	3
P13691 	1	3
Q99013 	1	3
Q8N766 	1	3
Q20224 	1	3
Q86WA6 	1	3
P83234 	1	3
F1AWB0 	1	3
Q8C1Q4 	1	3
P24052 	1	3
Q00017 	1	3
Q6UX46 	1	3
Q8NBJ9 	1	3
Q9NPF0 	1	3
Q9H7M9 	1	3
P06865 	1	3
O00092 	1	3
P21837 	1	3
L8BRS3 	1	3
Q6UX52 	1	3
P32004 	1	3
Q90WJ9 	1	3
Q9UBN6 	1	3
P04639 	1	3
Q9BZR6 	1	3
Q8BSU2 	1	3
C0HKM3 	1	3
Q8JFQ0 	1	3
P42578 	1	3
Q969N2 	1	3
P09619 	1	3
P38660 	1	3
Q8T113 	1	3
P01538 	1	3
P51868 	1	3
P13598 	1	3
Q95NK7 	1	3
O18998 	1	3
O60931 	1	3
P19438 	1	3
P33559 	1	3
P01221 	1	3
Q6UW56 	1	3
Q9NPR2 	1	3
Q8NBI3 	1	3
P10820 	1	3
Q13421 	1	3
Q9UVI4 	1	3
Q26994 	1	3
Q28143 	1	3
Q52085 	1	3
P13611 	1	3
Q7M418 	1	3
P09341 	1	3
O14786 	1	3
P0DUS6 	1	3
Q01129 	1	3
P22301 	1	3
P81511 	1	3
Q02862 	1	3
P18428 	1	3
Q9Y251 	1	3
P17948 	1	3
Q9SLP4 	1	3
B2NHN2 	1	3
Q5B833 	1	3
Q63191 	1	3
Q9NSA1 	1	3
P52798 	1	3
P86929 	1	3
A0A482A9N4 	1	3
P09486 	1	3
Q90W22 	1	3
Q2ULM2 	1	3
F2QXM5 	1	3
O76942 	1	3
P04217 	1	3
Q9V496 	1	3
Q9P246 	1	3
P52823 	1	3
I6S390 	1	3
C0HL38 	1	3
Q9SUQ8 	1	3
P05117 	1	3
P15018 	1	3
P43077 	1	3
Q9Y6C2 	1	3
P01189 	1	3
P16144 	1	3
P12273 	1	3
P32802 	1	3
P33487 	1	3
Q9ES58 	1	3
P16235 	1	3
P62520 	1	3
P93484 	1	3
Q6T6C2 	1	3
O13547 	1	3
P07141 	1	3
P0DPU9 	1	3
P83313 	1	3
B0CPC6 	1	3
P06911 	1	3
A0A5C2A2T2 	1	3
Q13162 	1	3
F1NSM7 	1	3
P0DMD3 	1	3
Q7Z1K3 	1	3
P14630 	1	3
P31419 	1	3
P79208 	1	3
Q9NJ98 	1	3
Q05928 	1	3
O62605 	1	3
Q08481 	1	3
Q02596 	1	3
Q9NQ25 	1	3
P02814 	1	3
Q9Y5Q6 	1	3
Q91055 	1	3
Q07081 	1	3
Q9BZM5 	1	3
P13725 	1	3
P26732 	1	3
Q91XZ4 	1	3
P0C1B3 	1	3
Q9GSA4 	1	3
Q8MVA6 	1	3
P23142 	1	3
G3MYZ3 	1	3
P58154 	1	3
Q43413 	1	3
P08541 	1	3
Q8WUJ3 	1	3
P15270 	1	3
P42705 	1	3
Q6UXB2 	1	3
P25236 	1	3
Q06K77 	1	3
A0A8T9EMC0 	1	3
Q8ITW8 	0	3
P32489 	0	3
P38175 	0	3
Q2V2Q1 	0	3
P27680 	0	3
A0A0B5LB55 	0	3
O74844 	0	3
O76064 	0	3
Q8NCN4 	0	3
P25618 	0	3
Q9JHL0 	0	3
Q6P2D8 	0	3
Q45EK2 	0	3
Q06091 	0	3
Q9NRY2 	0	3
P20676 	0	3
Q96KP4 	0	3
Q9NPG3 	0	3
Q4WJ81 	0	3
O74946 	0	3
Q9UDY8 	0	3
O15504 	0	3
Q86WR0 	0	3
Q8L774 	0	3
P97931 	0	3
Q9HE02 	0	3
P39013 	0	3
P12297 	0	3
Q9UUK4 	0	3
Q9VZL5 	0	3
P38830 	0	3
Q9V9N4 	0	3
O23174 	0	3
Q9LVM5 	0	3
P29344 	0	3
Q22717 	0	3
Q4AE62 	0	3
P53983 	0	3
Q8I6Z7 	0	3
A0A437AGY2 	0	3
P38783 	0	3
P53004 	0	3
Q8BKC5 	0	3
Q9BZH6 	0	3
Q7X7A4 	0	3
Q91836 	0	3
Q93WE4 	0	3
Q96AH0 	0	3
P47158 	0	3
P38852 	0	3
Q06675 	0	3
Q42843 	0	3
P78508 	0	3
Q9HCC9 	0	3
Q61471 	0	3
Q14498 	0	3
Q9Z1P6 	0	3
I6PL68 	0	3
Q06568 	0	3
Q8K2X8 	0	3
P13010 	0	3
Q54EQ8 	0	3
P42166 	0	3
F6VAN0 	0	3
Q22812 	0	3
Q9UTL6 	0	3
P40087 	0	3
Q6EPZ0 	0	3
P59103 	0	3
Q9W123 	0	3
O20030 	0	3
P38208 	0	3
P78953 	0	3
P34250 	0	3
Q5FWP4 	0	3
Q3UZP0 	0	3
Q9H814 	0	3
Q9BU64 	0	3
Q01448 	0	3
Q8NCN2 	0	3
H2KZH5 	0	3
P87176 	0	3
P02314 	0	3
Q9SKZ1 	0	3
Q03213 	0	3
Q91Z31 	0	3
Q99LY9 	0	3
Q16514 	0	3
Q63425 	0	3
Q91VJ5 	0	3
O94751 	0	3
Q0ZLH2 	0	3
Q9BQ83 	0	3
Q9FJN9 	0	3
O64750 	0	3
P09547 	0	3
P24349 	0	3
Q9VX09 	0	3
O01670 	0	3
Q8GY65 	0	3
Q12089 	0	3
P51521 	0	3
O75179 	0	3
Q09146 	0	3
Q8W5B1 	0	3
Q9FNP4 	0	3
P34981 	0	3
Q9P212 	0	3
Q9VT00 	0	3
Q7RWZ7 	0	3
Q9Y6N1 	0	3
F8VPJ6 	0	3
O75592 	0	3
Q7M0E7 	0	3
P32790 	0	3
Q9LR64 	0	3
Q07950 	0	3
Q15029 	0	3
Q03640 	0	3
E9PVX6 	0	3
Q71SY5 	0	3
O74986 	0	3
O13988 	0	3
B4XT64 	0	3
P28074 	0	3
P87052 	0	3
Q53H47 	0	3
P53568 	0	3
O46101 	0	3
Q9NPJ4 	0	3
O75414 	0	3
Q5SS91 	0	3
Q8HTL5 	0	3
Q2M3R5 	0	3
Q04411 	0	3
Q04867 	0	3
Q12106 	0	3
Q12090 	0	3
Q4V7C6 	0	3
O02696 	0	3
H2KYS8 	0	3
Q9W1X4 	0	3
Q17784 	0	3
Q95339 	0	3
Q8H1Q1 	0	3
G5EGK6 	0	3
Q9VBB3 	0	3
T2BMW7 	0	3
P0CW70 	0	3
Q86TC9 	0	3
P38628 	0	3
Q9Y2K1 	0	3
P62913 	0	3
P38827 	0	3
Q9VRJ0 	0	3
Q6NL34 	0	3
Q5D869 	0	3
Q9H2S6 	0	3
Q3UHC2 	0	3
P01100 	0	3
Q6DN90 	0	3
Q8IG69 	0	3
P38927 	0	3
Q9P0W2 	0	3
Q9LXT3 	0	3
O43008 	0	3
Q96CX2 	0	3
Q6PI77 	0	3
Q09728 	0	3
Q9UNX4 	0	3
Q84WV6 	0	3
P10156 	0	3
Q96CA5 	0	3
Q9NS91 	0	3
Q9WV69 	0	3
Q9VKJ9 	0	3
Q39055 	0	3
Q9TZ70 	0	3
Q96C12 	0	3
Q9JHU6 	0	3
Q22663 	0	3
Q92317 	0	3
Q5TGY3 	0	3
Q8W487 	0	3
P17558 	0	3
Q8WWC4 	0	3
Q8BMI0 	0	3
F4JF14 	0	3
Q9BSH4 	0	3
Q71RC2 	0	3
P25043 	0	3
O43909 	0	3
Q21443 	0	3
A4FUC0 	0	3
Q8I566 	0	3
P33240 	0	3
P09234 	0	3
Q03862 	0	3
P21135 	0	3
Q7L3V2 	0	3
O59757 	0	3
Q99543 	0	3
Q96BR5 	0	3
Q01962 	0	3
Q9CPQ8 	0	3
Q53GL0 	0	3
Q1PDI2 	0	3
A1Z7A8 	0	3
A8K830 	0	3
P53068 	0	3
B1B534 	0	3
Q9VWE6 	0	3
Q6P4Q7 	0	3
Q39057 	0	3
P10734 	0	3
B5TYT3 	0	3
Q8S1D9 	0	3
Q9UBH6 	0	3
Q9CR24 	0	3
O74958 	0	3
Q9JK24 	0	3
Q19360 	0	3
Q8R4C2 	0	3
Q9S7B5 	0	3
P50080 	0	3
Q12986 	0	3
O49937 	0	3
O74740 	0	3
Q4VC44 	0	3
O13351 	0	3
O13848 	0	3
Q9SGA2 	0	3
P63040 	0	3
Q9LU68 	0	3
Q1ACB3 	0	3
P18412 	0	3
Q9ZUX4 	0	3
Q9R1X4 	0	3
Q8C8Y5 	0	3
Q9SYM0 	0	3
Q9BQS6 	0	3
Q9JLC3 	0	3
Q80WJ1 	0	3
Q14669 	0	3
Q95QW4 	0	3
Q940L4 	0	3
Q02685 	0	3
Q41142 	0	3
P40498 	0	3
P32792 	0	3
P40850 	0	3
G5EGS7 	0	3
P38803 	0	3
Q9SL94 	0	3
Q9SGY2 	0	3
Q9SZR9 	0	3
D3J162 	0	3
Q08119 	0	3
Q8VDF2 	0	3
Q22323 	0	3
Q02297 	0	3
Q9WV78 	0	3
Q9HCU9 	0	3
Q9VLD6 	0	3
G5EEG1 	0	3
A0A0G2K047 	0	3
Q96DE5 	0	3
Q5U419 	0	3
Q62209 	0	3
Q5FW52 	0	3
Q9SND6 	0	3
P29350 	0	3
Q09349 	0	3
Q03770 	0	3
Q9VH08 	0	3
P0DH95 	0	3
Q8VY21 	0	3
Q8H1E5 	0	3
Q9Y6P5 	0	3
Q00912 	0	3
P43618 	0	3
Q95QK3 	0	3
Q86UW2 	0	3
O74848 	0	3
Q95RQ8 	0	3
Q12415 	0	3
Q9Y6X3 	0	3
P15343 	0	3
Q08952 	0	3
P04080 	0	3
Q9LK57 	0	3
Q16206 	0	3
Q8VC04 	0	3
Q06608 	0	3
Q9FT52 	0	3
Q12204 	0	3
P29965 	0	3
P33417 	0	3
Q57V03 	0	3
F4I902 	0	3
Q9VC56 	0	3
P92966 	0	3
Q9NTK1 	0	3
P09597 	0	3
P09007 	0	3
Q7K556 	0	3
A6NK58 	0	3
P40567 	0	3
Q969F0 	0	3
P36144 	0	3
Q12405 	0	3
Q8NAG6 	0	3
Q99638 	0	3
Q9TYT3 	0	3
P27684 	0	3
O96622 	0	3
Q92341 	0	3
Q12056 	0	3
Q60676 	0	3
Q9DCR4 	0	3
Q92945 	0	3
Q9Y118 	0	3
Q9V3H8 	0	3
P38749 	0	3
Q96QD9 	0	3
P34440 	0	3
Q8H1D9 	0	3
Q9Z286 	0	3
Q9BZB8 	0	3
Q9UFW8 	0	3
O59767 	0	3
Q8TEK3 	0	3
Q8RX78 	0	3
Q7S711 	0	3
Q9UT50 	0	3
Q8BT35 	0	3
Q0ZCJ7 	0	3
P00423 	0	3
Q9ZNT7 	0	3
P40568 	0	3
Q8VZD4 	0	3
Q7RYW7 	0	3
Q8IXP5 	0	3
Q13487 	0	3
B8BNY7 	0	3
Q9US52 	0	3
Q9FNZ4 	0	3
Q35914 	0	3
Q8TD19 	0	3
P32389 	0	3
G5EDM7 	0	3
Q9SIU2 	0	3
Q9SAL0 	0	3
P39001 	0	3
Q9Y6K5 	0	3
Q03370 	0	3
P35817 	0	3
Q1MTS0 	0	3
P38913 	0	3
Q9S7G6 	0	3
P87233 	0	3
Q9ZW33 	0	3
Q9Z1K6 	0	3
Q4WIN1 	0	3
Q22024 	0	3
Q9Y7M6 	0	3
O65220 	0	3
Q63472 	0	3
Q811D2 	0	3
Q93654 	0	3
O54963 	0	3
Q18412 	0	3
Q8R2H7 	0	3
P10862 	0	3
O14146 	0	3
Q60974 	0	3
Q6WNK7 	0	3
Q9MAB9 	0	3
Q8MIR0 	0	3
Q9SKZ5 	0	3
P53333 	0	3
Q8IYT2 	0	3
Q9SD11 	0	3
O94979 	0	3
Q12874 	0	3
O14064 	0	3
Q8K337 	0	3
Q03327 	0	3
O88382 	0	3
Q9UKN8 	0	3
P97717 	0	3
Q9Y7Y5 	0	3
Q9Y4R8 	0	3
Q06801 	0	3
P0CG12 	0	3
Q8ST83 	0	3
Q9SFU0 	0	3
Q5M834 	0	3
P43569 	0	3
P14712 	0	3
P19263 	0	3
Q2NL27 	0	3
Q9Y7Y6 	0	3
Q9FXI5 	0	3
Q9DC04 	0	3
Q94131 	0	3
P40625 	0	3
Q8BKA3 	0	3
Q9SZD6 	0	3
Q93092 	0	3
B8BDQ4 	0	3
Q3SXM5 	0	3
Q9R226 	0	3
Q8CJF7 	0	3
Q9CAI5 	0	3
Q9P797 	0	3
O75586 	0	3
P22516 	0	3
Q8VHW8 	0	3
Q96L08 	0	3
Q93YW0 	0	3
Q05043 	0	3
Q6S5G3 	0	3
Q4KMQ1 	0	3
Q13285 	0	3
Q96SI1 	0	3
Q96QT6 	0	3
P54622 	0	3
Q6P8X9 	0	3
P14737 	0	3
Q9UUA8 	0	3
Q9QZ04 	0	3
Q15038 	0	3
P25441 	0	3
Q12036 	0	3
Q383Q5 	0	3
Q38942 	0	3
Q8LE98 	0	3
Q9NWH2 	0	3
P53920 	0	3
P53307 	0	3
Q8IZS7 	0	3
B8ZXI1 	0	3
P52503 	0	3
Q9WUU9 	0	3
Q61069 	0	3
Q9NZM5 	0	3
P32776 	0	3
P46637 	0	3
Q99L90 	0	3
Q9GMC9 	0	3
Q86W26 	0	3
Q9HGL9 	0	3
E9EXC4 	0	3
Q7JM44 	0	3
Q12802 	0	3
Q42736 	0	3
Q6P589 	0	3
Q8BMA3 	0	3
Q08470 	0	3
P36632 	0	3
Q9VLL3 	0	3
O74560 	0	3
P50077 	0	3
A0A0K3AR81 	0	3
P18263 	0	3
Q9Y675 	0	3
Q9Z0D9 	0	3
Q14CX5 	0	3
Q02455 	0	3
P13489 	0	3
Q9W484 	0	3
Q96GM8 	0	3
P32479 	0	3
Q96WW2 	0	3
O55035 	0	3
A8MPH9 	0	3
Q9C757 	0	3
P53139 	0	3
Q8VZQ4 	0	3
Q10573 	0	3
Q9HDB9 	0	3
A0A0F7G352 	0	3
P46963 	0	3
P54857 	0	3
Q6GYP7 	0	3
Q12124 	0	3
P60002 	0	3
Q99315 	0	3
Q9EQ80 	0	3
Q08509 	0	3
Q9Y5B0 	0	3
O13699 	0	3
Q9UGI0 	0	3
Q9Y2W2 	0	3
Q80TN7 	0	3
Q8IU60 	0	3
Q9UBD5 	0	3
P53913 	0	3
Q84LB6 	0	3
Q92766 	0	3
Q8NGU9 	0	3
Q9BX63 	0	3
Q8WUG5 	0	3
Q96T49 	0	3
B9TSP7 	0	3
P54256 	0	3
A2IDD5 	0	3
Q20733 	0	3
Q9C115 	0	3
P53298 	0	3
P26188 	0	3
O74388 	0	3
Q99J99 	0	3
F4K8S5 	0	3
O43805 	0	3
Q9H1K0 	0	3
P26755 	0	3
Q6NVU6 	0	3
Q9NR00 	0	3
P38074 	0	3
Q9NRN9 	0	3
O95704 	0	3
P53899 	0	3
Q9ZNV9 	0	3
Q6LA54 	0	3
Q91ZE0 	0	3
Q75QN2 	0	3
Q93ZF6 	0	3
P14291 	0	3
Q96MB7 	0	3
Q96VH5 	0	3
O74761 	0	3
Q05541 	0	3
Q60698 	0	3
Q9XZS8 	0	3
Q39214 	0	3
Q00757 	0	3
Q9GZQ3 	0	3
Q7RTY1 	0	3
O22788 	0	3
Q95749 	0	3
P19173 	0	3
B4DJY2 	0	3
O22773 	0	3
P40382 	0	3
Q9HFF5 	0	3
Q9NWT6 	0	3
Q9CA42 	0	3
P38873 	0	3
Q8BM47 	0	3
Q9UTQ7 	0	3
Q9Y6D6 	0	3
P34802 	0	3
Q9FFD2 	0	3
Q9H4A6 	0	3
Q9QY02 	0	3
Q9P7K5 	0	3
Q8GUT5 	0	3
Q9JIQ3 	0	3
P36421 	0	3
A2T1U1 	0	3
Q9SGS4 	0	3
P37107 	0	3
Q9JHR9 	0	3
Q96HA7 	0	3
Q8IWT0 	0	3
Q9SAA2 	0	3
P17505 	0	3
Q6PCZ4 	0	3
Q9LDY5 	0	3
P39749 	0	3
Q9Y2G0 	0	3
Q7TP54 	0	3
Q7LL22 	0	3
P16547 	0	3
Q6TCH4 	0	3
Q9NS69 	0	3
Q4VBD9 	0	3
Q20646 	0	3
P46379 	0	3
P54860 	0	3
A6H8Y1 	0	3
P50535 	0	3
P52306 	0	3
P38637 	0	3
Q9SJZ6 	0	3
Q9SD80 	0	3
Q9ASS2 	0	3
Q42512 	0	3
Q9BQG0 	0	3
Q7SH52 	0	3
Q9P2H5 	0	3
Q9NYP3 	0	3
Q86XI2 	0	3
Q940U6 	0	3
Q9LR78 	0	3
Q8IXI2 	0	3
Q9EPC1 	0	3
A0A075TXZ1 	0	3
Q9CQ91 	0	3
Q14690 	0	3
Q96DX5 	0	3
P40535 	0	3
Q8BMP6 	0	3
Q9XH37 	0	3
Q965H3 	0	3
Q76JU9 	0	3
P32944 	0	3
Q9H875 	0	3
P22194 	0	3
P32338 	0	3
Q9DBU6 	0	3
P51795 	0	3
A6NLJ0 	0	3
P38117 	0	3
Q9SK71 	0	3
Q7LDG7 	0	3
O44498 	0	3
Q12247 	0	3
Q61233 	0	3
Q8C5Y2 	0	3
O65502 	0	3
Q9NXZ1 	0	3
Q9D115 	0	3
P26370 	0	3
P39112 	0	3
Q9FLY0 	0	3
Q6GQQ9 	0	3
Q9S758 	0	3
O47027 	0	3
A1Z9G3 	0	3
Q9CUU3 	0	3
M0R7Z9 	0	3
K4CWS6 	0	3
Q969S3 	0	3
Q12297 	0	3
P38737 	0	3
A2AKX3 	0	3
Q5T890 	0	3
Q9UM63 	0	3
S0DPL8 	0	3
D3ZNV2 	0	3
Q02606 	0	3
Q8TEW0 	0	3
Q9CWR7 	0	3
Q7X6P3 	0	3
Q9LX34 	0	3
Q9SYM5 	0	3
Q8R0N6 	0	3
Q700C7 	0	3
O13683 	0	3
Q9CQK7 	0	3
Q9DEE9 	0	3
Q3V0B4 	0	3
Q6XQN6 	0	3
Q9Y6D0 	0	3
P57088 	0	3
Q9VQD6 	0	3
Q16540 	0	3
Q9NVT9 	0	3
Q5SV85 	0	3
Q06211 	0	3
Q8N100 	0	3
P52298 	0	3
P48987 	0	3
Q9VN45 	0	3
Q8TAE8 	0	3
Q9D1F4 	0	3
P32347 	0	3
Q37708 	0	3
Q9VPQ6 	0	3
Q9W0K4 	0	3
Q9Y586 	0	3
Q8GWA2 	0	3
P22438 	0	3
Q99990 	0	3
Q12349 	0	3
P83111 	0	3
Q5JVS0 	0	3
Q9LF24 	0	3
B5KM66 	0	3
Q9VN60 	0	3
A2AIV2 	0	3
Q5SSW2 	0	3
Q9ESJ7 	0	3
Q9NXV2 	0	3
H3BKT1 	0	3
Q8VY16 	0	3
Q05636 	0	3
Q03081 	0	3
Q9LQU4 	0	3
Q6TA49 	0	3
Q8NBS3 	0	3
Q9NVU7 	0	3
P38236 	0	3
P51557 	0	3
P02786 	0	3
Q92619 	0	3
O13297 	0	3
Q9WTW1 	0	3
Q9Y5I7 	0	3
Q9JII1 	0	3
P38207 	0	3
P32833 	0	3
Q9C107 	0	3
P40007 	0	3
Q9NQ33 	0	3
Q96QE3 	0	3
Q00453 	0	3
Q68E01 	0	3
Q15004 	0	3
Q8GYF7 	0	3
Q7TS63 	0	3
Q57UZ7 	0	3
Q54SM3 	0	3
P40548 	0	3
P15382 	0	3
Q08857 	0	3
Q9V3Y0 	0	3
Q07913 	0	3
Q9BT49 	0	3
Q03694 	0	3
Q9U2M1 	0	3
Q8BN78 	0	3
Q96SK2 	0	3
Q9LF79 	0	3
Q66L44 	0	3
O00154 	0	3
Q95XQ1 	0	3
Q20992 	0	3
Q99MI9 	0	3
P25555 	0	3
Q7M3M8 	0	3
P38996 	0	3
Q8BQR4 	0	3
Q92585 	0	3
Q9LTR2 	0	3
Q9UTK5 	0	3
Q386F1 	0	3
O36024 	0	3
G5EEW6 	0	3
G2HK15 	0	3
Q9BQ65 	0	3
Q5U117 	0	3
Q69ZK0 	0	3
Q9EPI8 	0	3
Q92522 	0	3
Q8W234 	0	3
O74971 	0	3
O82504 	0	3
Q59H18 	0	3
O74374 	0	3
O74485 	0	3
P19954 	0	3
Q9LYD9 	0	3
P17987 	0	3
P90551 	0	3
Q24478 	0	3
P47149 	0	3
Q9P7J2 	0	3
Q8N8R5 	0	3
Q69383 	0	3
Q9WTK2 	0	3
O74553 	0	3
Q8N3I7 	0	3
O95218 	0	3
Q8K3G9 	0	3
Q7K4V4 	0	3
P40541 	0	3
Q9DBA9 	0	3
Q9M158 	0	3
Q9FGQ9 	0	3
Q9UPV0 	0	3
Q5AP95 	0	3
F8VPU2 	0	3
Q5NCS9 	0	3
Q16611 	0	3
P40506 	0	3
O82239 	0	3
P11978 	0	3
Q8N2Z9 	0	3
Q9EPL8 	0	3
P53877 	0	3
A0A0B5KU17 	0	3
O60952 	0	3
Q62696 	0	3
Q99321 	0	3
P38961 	0	3
Q9D2A5 	0	3
P25569 	0	3
P40064 	0	3
Q9UPR3 	0	3
Q6BDR8 	0	3
P52891 	0	3
Q7TS55 	0	3
Q6PCD5 	0	3
Q07349 	0	3
Q8TEV9 	0	3
Q9LMT7 	0	3
Q9SU08 	0	3
Q562E2 	0	3
P42847 	0	3
A1Z830 	0	3
P47148 	0	3
Q9UJY1 	0	3
P97346 	0	3
O97965 	0	3
P18496 	0	3
Q9VCP1 	0	3
Q12181 	0	3
P32800 	0	3
Q0WLC6 	0	3
Q9SJ50 	0	3
Q13889 	0	3
Q94C32 	0	3
Q8N5C6 	0	3
Q8NDL9 	0	3
Q18PE0 	0	3
Q15003 	0	3
Q9SNX8 	0	3
Q16891 	0	3
Q7Z2D5 	0	3
Q9DAT5 	0	3
Q5VTR2 	0	3
Q9U405 	0	3
Q86UK7 	0	3
Q9NZ09 	0	3
S8F0G9 	0	3
Q10SY9 	0	3
Q8K136 	0	3
Q8N5N7 	0	3
Q9Z2D6 	0	3
Q9ZNQ8 	0	3
Q8VZ20 	0	3
Q94BY9 	0	3
P40337 	0	3
Q62908 	0	3
Q9SN22 	0	3
P20719 	0	3
Q7KMJ6 	0	3
P43557 	0	3
P18409 	0	3
Q9Y3Y2 	0	3
Q9C8L2 	0	3
Q99489 	0	3
Q05921 	0	3
P51530 	0	3
Q18425 	0	3
P53914 	0	3
Q99615 	0	3
P49793 	0	3
Q8WUA4 	0	3
Q9LIQ9 	0	3
Q9CAF6 	0	3
Q10103 	0	3
Q8L6Z4 	0	3
Q12285 	0	3
Q9UGY1 	0	3
Q4WN10 	0	3
P40528 	0	3
P19447 	0	3
Q9H8K7 	0	3
Q96GJ1 	0	3
P53226 	0	3
P35735 	0	3
Q9BPX3 	0	3
Q9SPU7 	0	3
Q3ECR7 	0	3
P19538 	0	3
Q9NPI8 	0	3
P38801 	0	3
P86924 	0	3
Q3E7B2 	0	3
Q15311 	0	3
Q9DAG5 	0	3
P17665 	0	3
Q9Y5L0 	0	3
P38809 	0	3
Q08096 	0	3
O82264 	0	3
Q9V6L9 	0	3
Q1MTQ9 	0	3
Q9H1P3 	0	3
P38770 	0	3
Q9C5Q8 	0	3
O95997 	0	3
A0A1B0GSN8 	0	3
O74964 	0	3
Q80WE1 	0	3
Q9Z2N6 	0	3
A0A3B3IS91 	0	3
Q5DTW7 	0	3
Q6IPU0 	0	3
Q19614 	0	3
P22907 	0	3
O43502 	0	3
P38289 	0	3
O74954 	0	3
P0CG13 	0	3
Q9WTQ8 	0	3
Q9P6R0 	0	3
Q9ZWS6 	0	3
Q39261 	0	3
O88951 	0	3
P24226 	0	3
Q9Y3B8 	0	3
Q9SV55 	0	3
P83267 	0	3
Q96IZ0 	0	3
Q5TA50 	0	3
Q0D2I5 	0	3
D3ZAW2 	0	3
Q94535 	0	3
Q05123 	0	3
Q04364 	0	3
P42736 	0	3
Q9M2V1 	0	3
Q9BYN7 	0	3
Q9Y530 	0	3
Q14657 	0	3
O35625 	0	3
Q9LD47 	0	3
G5EEH9 	0	3
Q9EQR5 	0	3
Q7TQJ8 	0	3
Q9ASY8 	0	3
P38632 	0	3
P57093 	0	3
Q60560 	0	3
P33076 	0	3
Q12277 	0	3
Q9HEQ9 	0	3
Q15751 	0	3
P50874 	0	3
P53331 	0	3
Q9LS48 	0	3
O43030 	0	3
P53076 	0	3
Q9Y265 	0	3
O75127 	0	3
O82775 	0	3
Q99L02 	0	3
O43597 	0	3
Q9P0U4 	0	3
Q96NE9 	0	3
Q9UTR8 	0	3
Q03533 	0	3
Q9AT00 	0	3
P54789 	0	3
O46043 	0	3
Q91XU0 	0	3
O77480 	0	3
Q9BQA5 	0	3
P31356 	0	3
P38323 	0	3
Q03323 	0	3
Q8WVI0 	0	3
Q9SG11 	0	3
Q9LRH6 	0	3
P56288 	0	3
Q9UBB6 	0	3
Q01964 	0	3
Q7RZ62 	0	3
O48917 	0	3
P53991 	0	3
Q27403 	0	3
Q9UNN5 	0	3
Q9H4X1 	0	3
Q8WXI7 	0	3
Q8I1X7 	0	3
P48240 	0	3
O80796 	0	3
Q07534 	0	3
P05626 	0	3
P28324 	0	3
Q8CIV7 	0	3
Q9Y7J1 	0	3
Q6IDB0 	0	3
Q10571 	0	3
Q9VW47 	0	3
Q3E772 	0	3
P15505 	0	3
P52553 	0	3
Q02969 	0	3
P62993 	0	3
P52739 	0	3
Q12082 	0	3
Q9HAB3 	0	3
Q6PJP8 	0	3
P82024 	0	3
P42846 	0	3
F4ITM1 	0	3
P38705 	0	3
Q8IS16 	0	3
Q8L7S5 	0	3
Q3B7D0 	0	3
Q8IVS2 	0	3
Q8RXN6 	0	3
Q6I9Y2 	0	3
O94670 	0	3
Q9LKA0 	0	3
Q9NZD8 	0	3
Q9I9B9 	0	3
Q3U4H6 	0	3
P41223 	0	3
Q12049 	0	3
Q91V81 	0	3
Q9NUU6 	0	3
Q9Z1A5 	0	3
Q7XZF5 	0	3
O04616 	0	3
Q9LQF2 	0	3
Q84TH9 	0	3
Q9ULU4 	0	3
Q8N684 	0	3
Q9BZV1 	0	3
Q6NTE8 	0	3
P23326 	0	3
Q3ZN08 	0	3
Q9M2X3 	0	3
Q23544 	0	3
P25621 	0	3
P42566 	0	3
Q9SYJ8 	0	3
P53287 	0	3
Q9C0Z8 	0	3
Q9Y2M2 	0	3
Q99P21 	0	3
Q9NYV6 	0	3
Q5W0Q7 	0	3
P42935 	0	3
P15325 	0	3
A3BK75 	0	3
O13516 	0	3
Q6PCP5 	0	3
Q6UWZ7 	0	3
Q6RI63 	0	3
Q99LG4 	0	3
P46677 	0	3
O14862 	0	3
Q8N9N5 	0	3
O13965 	0	3
Q62187 	0	3
Q8BGW0 	0	3
G5EC23 	0	3
O74968 	0	3
Q8C9X6 	0	3
Q9GZM5 	0	3
P53694 	0	3
C6EUD4 	0	3
Q3EBQ3 	0	3
A6QPQ5 	0	3
Q90ZA1 	0	3
O74808 	0	3
Q8IUH5 	0	3
Q9U3F4 	0	3
Q09130 	0	3
P39103 	0	3
Q8VYD4 	0	3
Q4L180 	0	3
P49626 	0	3
Q9MA15 	0	3
Q12400 	0	3
P38989 	0	3
O49562 	0	3
P53927 	0	3
Q21986 	0	3
Q86Y97 	0	3
Q6DBN4 	0	3
Q8N895 	0	3
Q96524 	0	3
Q9NPI6 	0	3
Q9Y7L4 	0	3
Q6UXV4 	0	3
P38228 	0	3
O77408 	0	3
O14015 	0	3
Q96AB3 	0	3
Q5SV06 	0	3
Q9UBF8 	0	3
O49686 	0	3
Q94BS2 	0	3
P04386 	0	3
Q9URT4 	0	3
Q9GSF8 	0	3
A0A509AER3 	0	3
Q8NEY8 	0	3
Q9C7I5 	0	3
Q1RMW2 	0	3
P0DPI2 	0	3
P20050 	0	3
Q9CAF2 	0	3
Q8L493 	0	3
Q6GNV6 	0	3
Q04048 	0	3
G5EG51 	0	3
O60141 	0	3
Q9W413 	0	3
O96006 	0	3
Q04847 	0	3
O42958 	0	3
P53743 	0	3
Q8N1N2 	0	3
P08153 	0	3
B5X582 	0	3
O63075 	0	3
Q8IZ52 	0	3
Q9BRU2 	0	3
A0A0D1E3S6 	0	3
Q62847 	0	3
Q9ASW3 	0	3
P39113 	0	3
Q01560 	0	3
Q01501 	0	3
P48382 	0	3
Q9P6Q0 	0	3
Q5VZV1 	0	3
P21580 	0	3
Q2NND9 	0	3
P82411 	0	3
Q8N140 	0	3
C4R8D7 	0	3
Q80Z30 	0	3
Q7L5Y9 	0	3
P38262 	0	3
Q9MZ03 	0	3
Q07243 	0	3
P35203 	0	3
Q8H157 	0	3
P53930 	0	3
Q99JS0 	0	3
Q9H869 	0	3
Q9P805 	0	3
O14929 	0	3
P10080 	0	3
Q9FG37 	0	3
P55199 	0	3
Q9NSG2 	0	3
Q945M1 	0	3
Q9CQ54 	0	3
Q07979 	0	3
P52868 	0	3
P07884 	0	3
P30989 	0	3
F4HXU3 	0	3
Q7XHR2 	0	3
Q8CC21 	0	3
Q96BP2 	0	3
Q8VCF0 	0	3
P40547 	0	3
Q9NRZ7 	0	3
Q8W104 	0	3
Q9VPM5 	0	3
Q63768 	0	3
Q9LTK0 	0	3
Q05648 	0	3
Q9Y237 	0	3
O94687 	0	3
Q8H1F7 	0	3
Q867Z4 	0	3
Q945P1 	0	3
P0DJH6 	0	3
I3W9F6 	0	3
P78753 	0	3
Q60547 	0	3
Q9Y4X0 	0	3
A0FGR9 	0	3
P38360 	0	3
P93009 	0	3
O74854 	0	3
P07266 	0	3
Q8LEA8 	0	3
P23786 	0	3
Q9SWA6 	0	3
Q04347 	0	3
Q6DFQ7 	0	3
Q9HGP5 	0	3
Q9Y804 	0	3
Q9VHJ6 	0	3
P50591 	0	3
Q7L5D6 	0	3
P82352 	0	3
P27216 	0	3
Q9N589 	0	3
O13046 	0	3
Q3SZC1 	0	3
Q8C6L5 	0	3
Q924K8 	0	3
Q9ER97 	0	3
P98200 	0	3
O55022 	0	3
O15417 	0	3
P32903 	0	3
D3Z7P3 	0	3
P20659 	0	3
A1ZAW0 	0	3
Q84ST4 	0	3
Q9SV15 	0	3
P21727 	0	3
O94473 	0	3
Q9VXG1 	0	3
Q84K96 	0	3
Q05949 	0	3
Q02959 	0	3
Q8LGI2 	0	3
Q7Z2T5 	0	3
Q9ET80 	0	3
Q550D5 	0	3
Q06497 	0	3
Q9C0C6 	0	3
Q9D030 	0	3
Q9P1Z0 	0	3
Q9SX65 	0	3
Q8NFV4 	0	3
Q00055 	0	3
Q9UN81 	0	3
Q84Y18 	0	3
P25087 	0	3
Q920G2 	0	3
P87315 	0	3
O75340 	0	3
Q6PD74 	0	3
G5EG17 	0	3
Q04748 	0	3
E5KBU3 	0	3
Q9BWX1 	0	3
Q86UB2 	0	3
Q94CV1 	0	3
Q6XUX1 	0	3
Q07436 	0	3
O82259 	0	3
Q10412 	0	3
P40305 	0	3
Q3USZ2 	0	3
Q9VFS6 	0	3
Q96CM4 	0	3
Q17635 	0	3
O94427 	0	3
P38812 	0	3
Q96QC0 	0	3
Q10290 	0	3
Q8R0S1 	0	3
Q07897 	0	3
Q05016 	0	3
Q6LA53 	0	3
Q96BY6 	0	3
Q585P3 	0	3
Q9W1V7 	0	3
Q9FMM3 	0	3
O75955 	0	3
Q8RVC7 	0	3
Q8N1G0 	0	3
Q00899 	0	3
P01583 	0	3
Q9Y3E7 	0	3
Q09675 	0	3
Q9R1P0 	0	3
Q32NC0 	0	3
P62277 	0	3
Q9D992 	0	3
P49922 	0	3
Q9Y4W2 	0	3
P42771 	0	3
O17670 	0	3
Q9STG9 	0	3
P40063 	0	3
Q03193 	0	3
P25992 	0	3
P53866 	0	3
Q9FJW4 	0	3
Q9H816 	0	3
Q80VL1 	0	3
Q68CJ6 	0	3
Q02060 	0	3
Q9Y2I1 	0	3
P32453 	0	3
Q84Q77 	0	3
P38285 	0	3
Q7JXA8 	0	3
Q9USZ4 	0	3
Q9VHB0 	0	3
Q07139 	0	3
Q9SU50 	0	3
P40208 	0	3
P06774 	0	3
Q9Y244 	0	3
S0DQI7 	0	3
Q01217 	0	3
G5EGA3 	0	3
Q9GRT1 	0	3
Q19253 	0	3
Q13286 	0	3
Q6NV75 	0	3
Q7XK25 	0	3
O35671 	0	3
Q336N8 	0	3
Q9D011 	0	3
Q7L2Z9 	0	3
P39988 	0	3
O96626 	0	3
P42117 	0	3
P00560 	0	3
Q69Z66 	0	3
Q9URV3 	0	3
Q969V5 	0	3
F4IAX1 	0	3
P03872 	0	3
P47139 	0	3
O70302 	0	3
Q03254 	0	3
Q9LUJ5 	0	3
O13826 	0	3
P12695 	0	3
P25686 	0	3
Q65ZG8 	0	3
Q5XF06 	0	3
Q9LJ87 	0	3
Q9CX92 	0	3
Q8MLZ3 	0	3
Q10274 	0	3
Q9NY27 	0	3
Q8II12 	0	3
Q920Q3 	0	3
P32499 	0	3
Q9UPI3 	0	3
Q61115 	0	3
Q04013 	0	3
Q15024 	0	3
Q03063 	0	3
D5LXJ0 	0	3
Q96AQ6 	0	3
Q6P087 	0	3
Q8N567 	0	3
Q9P7L2 	0	3
Q94521 	0	3
P27469 	0	3
Q9S7E9 	0	3
Q07065 	0	3
Q9SX85 	0	3
Q9WVC7 	0	3
Q9HGK2 	0	3
J9VUG5 	0	3
Q15916 	0	3
P38111 	0	3
Q7Z410 	0	3
Q96IU4 	0	3
P40576 	0	3
P17429 	0	3
O60293 	0	3
Q96GR2 	0	3
P14066 	0	3
P81451 	0	3
P80269 	0	3
Q9H467 	0	3
Q147X3 	0	3
O48716 	0	3
O48847 	0	3
V6CLN5 	0	3
P53153 	0	3
Q6J9Q2 	0	3
Q02099 	0	3
P25586 	0	3
Q9HBL7 	0	3
Q9N658 	0	3
O13758 	0	3
Q9UJW9 	0	3
P36011 	0	3
F4ISV6 	0	3
Q04083 	0	3
P02381 	0	3
O60182 	0	3
G5ECC7 	0	3
Q7Z418 	0	3
Q8QZY3 	0	3
Q06835 	0	3
P28805 	0	3
P97414 	0	3
P38255 	0	3
P80483 	0	3
P46946 	0	3
Q3U108 	0	3
Q96LI6 	0	3
Q12150 	0	3
Q9BRV3 	0	3
Q9SA98 	0	3
Q95QI7 	0	3
O14210 	0	3
Q6ZSS7 	0	3
Q5IBH7 	0	3
P08525 	0	3
P38804 	0	3
Q9UII2 	0	3
P23511 	0	3
P09925 	0	3
Q60949 	0	3
P40471 	0	3
O74905 	0	3
P22936 	0	3
P46818 	0	3
P22572 	0	3
F4KCE9 	0	3
Q96SW2 	0	3
Q5KS41 	0	3
Q60817 	0	3
Q9C5G0 	0	3
Q9WTJ6 	0	3
Q62384 	0	3
Q9SU14 	0	3
Q9Z2F5 	0	3
Q8N4Q1 	0	3
Q8SWR3 	0	3
P39707 	0	3
Q8ND76 	0	3
Q9SJW9 	0	3
Q96BM1 	0	3
Q9NYJ1 	0	3
Q12063 	0	3
Q62711 	0	3
P36168 	0	3
P54987 	0	3
Q5T3J3 	0	3
O74309 	0	3
P12383 	0	3
Q8IRB5 	0	3
Q99607 	0	3
Q86W50 	0	3
Q8GWR1 	0	3
P62861 	0	3
P51163 	0	3
P91399 	0	3
Q3V2A7 	0	3
Q501D5 	0	3
Q9N4M4 	0	3
Q8MUJ1 	0	3
Q8K5A9 	0	3
P53885 	0	3
Q62318 	0	3
P0DP88 	0	3
O62683 	0	3
Q9STY0 	0	3
Q9HA38 	0	3
D3ZUE1 	0	3
Q949T8 	0	3
Q6EPW7 	0	3
P82180 	0	3
P53721 	0	3
Q01593 	0	3
Q9P7Y0 	0	3
Q8VYR5 	0	3
Q9BRS8 	0	3
Q2M1K9 	0	3
P30038 	0	3
P27275 	1	4
P48307 	1	4
P02810 	1	4
Q868Z9 	1	4
P02649 	1	4
P09479 	1	4
P01131 	1	4
Q01965 	1	4
Q9Z1K9 	1	4
P02652 	1	4
P30440 	1	4
P24792 	1	4
Q8MJV4 	1	4
Q63617 	1	4
Q5EPH2 	1	4
Q5D710 	1	4
F1RRV3 	1	4
P32358 	1	4
A4LAR6 	1	4
Q969Z4 	1	4
Q7Q7R8 	1	4
P12318 	1	4
P0DUQ6 	1	4
P81383 	1	4
W1I921 	1	4
P0DPU3 	1	4
P35777 	1	4
O93233 	1	4
O95866 	1	4
P17301 	1	4
O76192 	1	4
P01500 	1	4
P10163 	1	4
P02783 	1	4
P48842 	1	4
P10040 	1	4
P01909 	1	4
P02774 	1	4
O60844 	1	4
Q9GZZ8 	1	4
P60042 	1	4
P27919 	1	4
P86407 	1	4
Q9UKZ9 	1	4
P21956 	1	4
P04275 	1	4
Q50KB1 	1	4
P80748 	1	4
Q9Z0K8 	1	4
P79263 	1	4
Q9LJD9 	1	4
Q6DWK3 	1	4
Q8MI35 	1	4
O43278 	1	4
P30986 	1	4
Q9VH14 	1	4
O95157 	1	4
E0X9F6 	1	4
Q9HB40 	1	4
Q9H293 	1	4
P42292 	1	4
P01920 	1	4
Q8MMH0 	1	4
P18510 	1	4
Q6UW88 	1	4
Q5ZPR3 	1	4
Q96PL1 	1	4
Q28989 	1	4
Q8NBL1 	1	4
Q05895 	1	4
P54837 	1	4
Q4V645 	1	4
O02380 	1	4
Q6UWJ8 	1	4
P20740 	1	4
P15289 	1	4
Q9NPG1 	1	4
O64411 	1	4
Q76CA2 	1	4
P30919 	1	4
O48818 	1	4
P14217 	1	4
P54660 	1	4
Q29W25 	1	4
P14925 	1	4
Q9BXJ7 	1	4
P17697 	1	4
P19320 	1	4
P05113 	1	4
P38574 	1	4
P08505 	1	4
P14946 	1	4
P84688 	1	4
A0A023W145 	1	4
Q969H8 	1	4
P83508 	1	4
P19594 	1	4
P28039 	1	4
A0A7M6UMR7 	1	4
Q99467 	1	4
P26203 	1	4
Q07558 	1	4
P01591 	1	4
G9M8X1 	1	4
P04552 	1	4
A0A1S6EK92 	1	4
P07507 	1	4
P19034 	1	4
P86872 	1	4
O88917 	1	4
A5HAK0 	1	4
P21978 	1	4
Q5GQ85 	1	4
Q8X150 	1	4
E0XKJ9 	1	4
P28770 	1	4
D4A540 	1	4
P0DUS7 	1	4
P36980 	1	4
P80188 	1	4
P16150 	1	4
Q60GF7 	1	4
P11717 	1	4
Q8NI17 	1	4
P18417 	1	4
Q8I948 	1	4
P00687 	1	4
P15570 	1	4
Q9VA83 	1	4
Q29381 	1	4
P82187 	1	4
O46432 	1	4
Q03383 	1	4
P82103 	1	4
P14214 	1	4
Q16927 	1	4
P01297 	1	4
Q9M373 	1	4
Q28173 	1	4
Q6UXD5 	1	4
Q28862 	1	4
Q8MUP7 	1	4
Q95121 	1	4
P09791 	1	4
P04119 	1	4
Q13651 	1	4
P01038 	1	4
Q02809 	1	4
P00450 	1	4
P55083 	1	4
P20774 	1	4
P55847 	1	4
D3Z9M3 	1	4
Q8BHP7 	1	4
P19427 	1	4
P35495 	1	4
O76076 	1	4
Q86QT3 	1	4
Q8LD43 	1	4
Q9H5V8 	1	4
Q86YD3 	1	4
Q6UXL0 	1	4
Q6UX27 	1	4
P33681 	1	4
O43866 	1	4
P01830 	1	4
Q39962 	1	4
P0DQE1 	1	4
A9UGV6 	1	4
P11911 	1	4
Q8WP90 	1	4
Q5G8A6 	1	4
Q6F4C6 	1	4
A0A1W6EVN2 	1	4
P0DUT0 	1	4
Q95P08 	1	4
P05423 	0	4
Q9LSV0 	0	4
Q93442 	0	4
Q52LJ0 	0	4
O42978 	0	4
Q94AI6 	0	4
Q86MI0 	0	4
O95625 	0	4
P56765 	0	4
Q5VTT2 	0	4
Q9UPX6 	0	4
Q9SAC6 	0	4
Q12167 	0	4
P22315 	0	4
Q93034 	0	4
P16649 	0	4
Q9NR21 	0	4
Q7L0Y3 	0	4
Q9NSK7 	0	4
Q9NSU2 	0	4
P32785 	0	4
Q94IN5 	0	4
Q94K49 	0	4
Q08231 	0	4
L0R6Q1 	0	4
P40917 	0	4
P32494 	0	4
Q12788 	0	4
Q9SU30 	0	4
Q14694 	0	4
O14867 	0	4
Q43157 	0	4
P47130 	0	4
Q5F1R6 	0	4
Q9QX74 	0	4
Q9NYF8 	0	4
Q3URD3 	0	4
P15999 	0	4
Q9SJF1 	0	4
Q80SU7 	0	4
Q18919 	0	4
O96623 	0	4
P38325 	0	4
Q18593 	0	4
P0C6T3 	0	4
Q06991 	0	4
P40995 	0	4
Q99LW6 	0	4
Q058N4 	0	4
Q9UKJ5 	0	4
O59748 	0	4
Q9VZM7 	0	4
O43078 	0	4
Q6U6G5 	0	4
Q8RXH2 	0	4
O04714 	0	4
Q12161 	0	4
Q920Q2 	0	4
Q9FKS8 	0	4
Q7ZT01 	0	4
Q9Y421 	0	4
Q65XX7 	0	4
Q96SB8 	0	4
Q709R6 	0	4
Q9SIV2 	0	4
Q9Y222 	0	4
P41073 	0	4
P03903 	0	4
Q1LZ24 	0	4
P53990 	0	4
P47102 	0	4
P41005 	0	4
Q9Y2B4 	0	4
Q34807 	0	4
Q923S6 	0	4
Q9LKW9 	0	4
P23772 	0	4
Q96AY2 	0	4
Q1K7P9 	0	4
Q80TS7 	0	4
A0A509AQ68 	0	4
Q54ER9 	0	4
Q6IBW4 	0	4
P38811 	0	4
O76460 	0	4
Q9UHW5 	0	4
P27889 	0	4
Q7XI96 	0	4
Q9FVE6 	0	4
Q8WV24 	0	4
Q93V85 	0	4
Q9UTH3 	0	4
Q55GJ6 	0	4
P22985 	0	4
Q9U7D5 	0	4
Q12298 	0	4
P53769 	0	4
Q7Z2G1 	0	4
Q9LD43 	0	4
G5EE01 	0	4
P38885 	0	4
O01971 	0	4
Q6RFH5 	0	4
Q61823 	0	4
Q7Z2W9 	0	4
O14464 	0	4
P84148 	0	4
P47050 	0	4
Q5VT06 	0	4
Q9Z1B8 	0	4
P31539 	0	4
P43619 	0	4
Q8N9N2 	0	4
Q9P6P2 	0	4
Q8VDL9 	0	4
Q9VEC3 	0	4
P36521 	0	4
Q04930 	0	4
P09596 	0	4
O74944 	0	4
Q949W6 	0	4
P21957 	0	4
Q22618 	0	4
Q04377 	0	4
Q09904 	0	4
Q6EPN6 	0	4
Q10414 	0	4
P17095 	0	4
Q9D742 	0	4
Q9USX4 	0	4
P23225 	0	4
Q0WPF2 	0	4
Q9UTH9 	0	4
P43116 	0	4
F4ICK8 	0	4
P47069 	0	4
P08740 	0	4
P30658 	0	4
P00856 	0	4
P82248 	0	4
P38872 	0	4
Q9S745 	0	4
Q9LMJ4 	0	4
Q16873 	0	4
P98078 	0	4
B9FDE0 	0	4
P00973 	0	4
Q9H4K7 	0	4
Q9HAW0 	0	4
P25846 	0	4
P40096 	0	4
Q14061 	0	4
O13900 	0	4
P40364 	0	4
P82413 	0	4
O46385 	0	4
Q96Q15 	0	4
Q9VKV5 	0	4
Q9UP83 	0	4
Q93Y07 	0	4
A0A0D1DMJ6 	0	4
Q9H777 	0	4
Q9LLC1 	0	4
Q3E764 	0	4
P33203 	0	4
P53119 	0	4
Q06511 	0	4
O74856 	0	4
Q6PCM1 	0	4
P26043 	0	4
Q9FFK6 	0	4
Q9D5P4 	0	4
Q5XJV7 	0	4
Q8QFX1 	0	4
Q8SSG3 	0	4
P14906 	0	4
Q6P5E8 	0	4
Q9P000 	0	4
P80404 	0	4
P34247 	0	4
Q9P790 	0	4
Q9QZI7 	0	4
O43521 	0	4
Q8L557 	0	4
Q96SD1 	0	4
P25208 	0	4
A2RTF1 	0	4
P22681 	0	4
Q9GZT3 	0	4
Q91VJ2 	0	4
P49590 	0	4
Q0VG06 	0	4
Q13501 	0	4
Q9WVB3 	0	4
Q7Y1W1 	0	4
Q9NPG8 	0	4
Q9BSF0 	0	4
Q96AP4 	0	4
Q9H4Z3 	0	4
Q9NWU5 	0	4
P00813 	0	4
Q9H227 	0	4
Q9Y2D1 	0	4
O88873 	0	4
Q7Z5Q5 	0	4
D3YN49 	0	4
P08638 	0	4
O74845 	0	4
Q02447 	0	4
Q5JS13 	0	4
P36094 	0	4
P00445 	0	4
O94874 	0	4
P36136 	0	4
P08580 	0	4
O23077 	0	4
Q86LG1 	0	4
O13612 	0	4
Q12416 	0	4
Q84JE8 	0	4
Q04839 	0	4
Q9BYI3 	0	4
Q9UMX3 	0	4
Q03280 	0	4
O95786 	0	4
B9DHT4 	0	4
Q0E3V2 	0	4
P39994 	0	4
P09605 	0	4
Q12235 	0	4
Q13426 	0	4
O60287 	0	4
O74975 	0	4
P47108 	0	4
P40493 	0	4
Q9BRP8 	0	4
O75387 	0	4
Q9M394 	0	4
Q9VKM1 	0	4
P40202 	0	4
O60127 	0	4
Q8CI15 	0	4
O44827 	0	4
P43583 	0	4
P0DI83 	0	4
P42925 	0	4
P39979 	0	4
Q8K3D3 	0	4
Q9LJG6 	0	4
Q9H4Q4 	0	4
Q9CQP8 	0	4
F4IDJ0 	0	4
Q91YE5 	0	4
A0A5F8MPU3 	0	4
Q20481 	0	4
Q9W1F4 	0	4
O77475 	0	4
G5ECU7 	0	4
Q9HBF4 	0	4
Q925D4 	0	4
Q15642 	0	4
E9Q6W4 	0	4
Q8RWG2 	0	4
P79943 	0	4
Q8BY35 	0	4
P53734 	0	4
O13983 	0	4
Q4QAU9 	0	4
P50536 	0	4
P41895 	0	4
P36118 	0	4
P53167 	0	4
Q84V03 	0	4
Q9VFW4 	0	4
O20029 	0	4
P41846 	0	4
P25379 	0	4
Q8VIJ5 	0	4
Q9YHT2 	0	4
Q9Y2M0 	0	4
Q9FJW6 	0	4
Q10423 	0	4
Q9Z2F6 	0	4
F4IY03 	0	4
A2A9C3 	0	4
Q9Y4K3 	0	4
Q949M9 	0	4
P82970 	0	4
P61088 	0	4
Q08202 	0	4
A2SWM2 	0	4
Q05934 	0	4
Q9W6V6 	0	4
P53218 	0	4
Q8N7J2 	0	4
Q86UV5 	0	4
Q9USJ7 	0	4
Q9SGH4 	0	4
P38772 	0	4
Q12252 	0	4
Q9VQ89 	0	4
Q9GZN0 	0	4
Q9BYC2 	0	4
O74783 	0	4
Q680B9 	0	4
O88492 	0	4
Q9SII9 	0	4
Q3T0J3 	0	4
Q8GYC7 	0	4
Q2MHN3 	0	4
Q06629 	0	4
Q9H0F6 	0	4
Q00972 	0	4
Q9NS23 	0	4
Q9VQI9 	0	4
Q922B6 	0	4
Q8GWA7 	0	4
P49754 	0	4
P56286 	0	4
F8VPN2 	0	4
I1SSI6 	0	4
P53276 	0	4
Q9P802 	0	4
P07332 	0	4
O43013 	0	4
P06391 	0	4
P31115 	0	4
Q9FWA3 	0	4
Q16342 	0	4
P19541 	0	4
Q8T0G4 	0	4
Q10200 	0	4
Q9S736 	0	4
Q8N699 	0	4
O70361 	0	4
U9W802 	0	4
O23722 	0	4
Q8TDU6 	0	4
Q06665 	0	4
P40968 	0	4
Q8GSJ6 	0	4
Q9Y3U8 	0	4
P53125 	0	4
A8MZ59 	0	4
O74317 	0	4
D3Z6Q9 	0	4
Q9SVQ3 	0	4
Q9V3Z1 	0	4
Q80TT2 	0	4
Q22829 	0	4
G5EC32 	0	4
Q1K4P1 	0	4
Q9D4W2 	0	4
P34909 	0	4
Q9DCD5 	0	4
Q8GXH3 	0	4
Q08966 	0	4
O88339 	0	4
Q96P70 	0	4
Q8IBN8 	0	4
Q06148 	0	4
Q06244 	0	4
Q23238 	0	4
E9Q9M8 	0	4
Q03388 	0	4
O13722 	0	4
Q5VWZ2 	0	4
P38870 	0	4
Q02932 	0	4
Q9DBR0 	0	4
P07978 	0	4
Q9NR83 	0	4
Q9Y2X0 	0	4
Q02749 	0	4
W0RYD3 	0	4
Q9BSJ6 	0	4
P0DOY1 	0	4
O49687 	0	4
O13894 	0	4
O74790 	0	4
P09114 	0	4
P43244 	0	4
P27788 	0	4
Q08213 	0	4
P82929 	0	4
Q8NI36 	0	4
Q9U3D6 	0	4
Q15847 	0	4
Q96MH2 	0	4
Q7K3D8 	0	4
Q9NEZ5 	0	4
Q9NGX9 	0	4
Q60700 	0	4
Q13492 	0	4
Q9I7K6 	0	4
G3UVW3 	0	4
Q12830 	0	4
Q9CZX7 	0	4
Q9JIH2 	0	4
P41930 	0	4
Q04213 	0	4
Q969F9 	0	4
Q9C086 	0	4
Q3U0V2 	0	4
Q8MSU4 	0	4
Q23794 	0	4
Q10296 	0	4
Q5F2E7 	0	4
Q9ZQS5 	0	4
P40316 	0	4
Q9Y3M2 	0	4
Q9Y616 	0	4
Q9NZM4 	0	4
Q55GF9 	0	4
P42695 	0	4
Q04891 	0	4
Q2MHE4 	0	4
O13838 	0	4
O09111 	0	4
O60674 	0	4
P38691 	0	4
Q5TAQ9 	0	4
Q8GWE0 	0	4
P25359 	0	4
Q92621 	0	4
Q02336 	0	4
Q5YDB5 	0	4
P32767 	0	4
Q9JJR2 	0	4
A0A2Z4LIS9 	0	4
Q9M1X2 	0	4
O70372 	0	4
Q5BKR2 	0	4
P54258 	0	4
Q12142 	0	4
Q9H0G5 	0	4
Q6YSY5 	0	4
Q944H2 	0	4
Q9CAP8 	0	4
O00712 	0	4
P40457 	0	4
Q09666 	0	4
Q9H2D6 	0	4
Q6P0N0 	0	4
Q96A72 	0	4
Q09669 	0	4
Q92552 	0	4
P28040 	0	4
O75817 	0	4
E1JH25 	0	4
P40318 	0	4
P10964 	0	4
Q9LS90 	0	4
P08456 	0	4
Q7Z7C8 	0	4
P25649 	0	4
P22148 	0	4
Q80WT4 	0	4
G5EBR8 	0	4
Q9SAH8 	0	4
E9Q3G8 	0	4
Q9UT91 	0	4
Q9DEX1 	0	4
Q07688 	0	4
Q94230 	0	4
P82195 	0	4
B9DFX7 	0	4
A0A8I5ZT12 	0	4
Q99MR6 	0	4
Q06411 	0	4
Q7SIG6 	0	4
Q01852 	0	4
Q8WXD0 	0	4
P15720 	0	4
Q52K88 	0	4
Q9LEZ1 	0	4
P58467 	0	4
P94077 	0	4
Q9SEE9 	0	4
Q9M365 	0	4
Q9WTJ4 	0	4
Q9H9T3 	0	4
Q9FFZ1 	0	4
P53239 	0	4
Q8BUV3 	0	4
Q9N4U5 	0	4
Q5VWP2 	0	4
Q9BY27 	0	4
O76329 	0	4
Q1MTR4 	0	4
Q8C0V1 	0	4
Q91YI1 	0	4
Q9M3C6 	0	4
Q86UT6 	0	4
Q8H0V4 	0	4
Q03702 	0	4
Q02931 	0	4
Q8VC65 	0	4
Q8BUX5 	0	4
Q689G9 	0	4
Q02775 	0	4
Q9LRZ3 	0	4
Q9JMI1 	0	4
P38319 	0	4
P25626 	0	4
Q9UBF9 	0	4
Q9ES56 	0	4
Q8NF91 	0	4
Q92355 	0	4
Q0WPT7 	0	4
Q9NUX5 	0	4
Q6UWF3 	0	4
Q99LT0 	0	4
Q07980 	0	4
P54654 	0	4
P53335 	0	4
Q9FVR6 	0	4
P52594 	0	4
Q8BWM0 	0	4
Q3URU2 	0	4
P03911 	0	4
F4KFT7 	0	4
P38137 	0	4
P43594 	0	4
Q92574 	0	4
Q8RWD5 	0	4
Q8BGD7 	0	4
Q9VEC1 	0	4
Q84N64 	0	4
P50110 	0	4
A1L188 	0	4
Q12904 	0	4
Q9JJL0 	0	4
Q9S7R7 	0	4
Q9GZN7 	0	4
O55081 	0	4
P53327 	0	4
Q802Y8 	0	4
Q9ZST4 	0	4
Q02223 	0	4
Q8IXW5 	0	4
O49570 	0	4
Q9Y3E1 	0	4
Q9SJH7 	0	4
O75475 	0	4
Q8NB91 	0	4
Q9U226 	0	4
Q9ES71 	0	4
Q6ZRQ5 	0	4
P06652 	0	4
Q7TSZ8 	0	4
Q9NAN2 	0	4
Q64MA3 	0	4
Q94BT9 	0	4
P22561 	0	4
P36068 	0	4
Q9Y803 	0	4
G2TRN4 	0	4
Q60865 	0	4
Q9WVR8 	0	4
Q5LJZ2 	0	4
Q3TY86 	0	4
Q12309 	0	4
P17890 	0	4
P40053 	0	4
Q7M2P1 	0	4
Q9Y7L8 	0	4
Q9H204 	0	4
Q8TAF3 	0	4
Q16281 	0	4
Q8R010 	0	4
Q6NXG1 	0	4
Q96DB2 	0	4
Q8RXD3 	0	4
O13395 	0	4
Q10271 	0	4
P36160 	0	4
P14922 	0	4
Q9BZ67 	0	4
Q9STS7 	0	4
Q3KN41 	0	4
B2D6P4 	0	4
Q9PTD5 	0	4
Q9NPJ6 	0	4
Q8TDV2 	0	4
Q9D842 	0	4
Q6ZTU2 	0	4
Q03079 	0	4
P49802 	0	4
Q86UQ0 	0	4
P46089 	0	4
Q8R3H9 	0	4
Q86X51 	0	4
Q9VE86 	0	4
Q6AX31 	0	4
P34077 	0	4
Q68G58 	0	4
Q84JZ6 	0	4
O96759 	0	4
Q04430 	0	4
Q9GYU8 	0	4
Q01780 	0	4
P21675 	0	4
Q8IU68 	0	4
P50548 	0	4
Q15025 	0	4
Q16534 	0	4
O00483 	0	4
O94829 	0	4
Q9BQ52 	0	4
Q920A7 	0	4
Q6ATB4 	0	4
G5EDN3 	0	4
Q6TAS3 	0	4
P38398 	0	4
P26358 	0	4
Q9LZ60 	0	4
Q8H1D3 	0	4
Q9JLR5 	0	4
Q9HAW4 	0	4
Q8GTS1 	0	4
O35253 	0	4
P87231 	0	4
Q84SC3 	0	4
Q61827 	0	4
P14137 	0	4
Q56Y52 	0	4
P82649 	0	4
Q05892 	0	4
P87169 	0	4
Q92361 	0	4
P53254 	0	4
P24309 	0	4
Q96D46 	0	4
Q64429 	0	4
O76054 	0	4
P13275 	0	4
P38858 	0	4
Q6VMQ6 	0	4
Q8N5C7 	0	4
O94328 	0	4
Q7Z4V0 	0	4
Q7S4E0 	0	4
Q9VL76 	0	4
P48015 	0	4
P51946 	0	4
O00488 	0	4
Q9FNN6 	0	4
Q0P5N6 	0	4
O43687 	0	4
P11860 	0	4
Q80VY9 	0	4
P53150 	0	4
P82162 	0	4
Q5EGY4 	0	4
Q01649 	0	4
Q9Y3C1 	0	4
P09364 	0	4
P70033 	0	4
Q9ESE1 	0	4
Q9UT76 	0	4
G5ECN5 	0	4
B0F481 	0	4
Q94527 	0	4
P30044 	0	4
Q9UF56 	0	4
Q7TMF3 	0	4
Q6NQK2 	0	4
E9Q7G0 	0	4
Q9USQ4 	0	4
Q70CQ1 	0	4
Q9Y3D6 	0	4
P81450 	0	4
Q01295 	0	4
P38297 	0	4
Q9D2V8 	0	4
O94830 	0	4
Q9Y2F5 	0	4
O48528 	0	4
Q92247 	0	4
Q96IZ2 	0	4
Q96RL1 	0	4
A2ANU3 	0	4
P28350 	0	4
Q9SHJ5 	0	4
Q8GXD9 	0	4
Q9VA37 	0	4
P35201 	0	4
P53867 	0	4
Q9UPN3 	0	4
O74846 	0	4
O09130 	0	4
P82611 	0	4
Q28205 	0	4
Q9WTR1 	0	4
O13329 	0	4
P25346 	0	4
Q6PE84 	0	4
Q8IZY5 	0	4
P13621 	0	4
Q9LVG4 	0	4
Q9VSK8 	0	4
F4JP52 	0	4
Q9QWH1 	0	4
Q5XKP0 	0	4
E9P8D2 	0	4
O08774 	0	4
Q9JM05 	0	4
Q96DG6 	0	4
Q03372 	0	4
Q9SX29 	0	4
Q09228 	0	4
Q6PCQ0 	0	4
Q69ZN7 	0	4
O82645 	0	4
P36523 	0	4
Q9Y6G5 	0	4
Q14973 	0	4
Q09826 	0	4
Q8TDD5 	0	4
O94653 	0	4
Q86YS7 	0	4
Q8WZK0 	0	4
P18847 	0	4
Q69YH5 	0	4
Q6P4H8 	0	4
Q7S4Y4 	0	4
Q8BP40 	0	4
B9DHG0 	0	4
P56393 	0	4
Q8GV05 	0	4
Q6EIG7 	0	4
P32754 	0	4
P01111 	0	4
O54942 	0	4
Q03525 	0	4
Q9BWW7 	0	4
Q9Z1P2 	0	4
Q02642 	0	4
Q42342 	0	4
P19536 	0	4
Q8GW29 	0	4
Q80U72 	0	4
C0HME5 	0	4
P52591 	0	4
Q84XV2 	0	4
Q10SU5 	0	4
Q9VNS0 	0	4
P49367 	0	4
Q93WG3 	0	4
Q9SQR5 	0	4
Q12373 	0	4
Q9M5P3 	0	4
Q96NY9 	0	4
Q53GL7 	0	4
P79015 	0	4
Q96E14 	0	4
Q584I8 	0	4
Q9P0P8 	0	4
P53540 	0	4
Q8NG31 	0	4
Q7Z7F0 	0	4
C0HM53 	0	4
G4MWZ7 	0	4
Q9H633 	0	4
Q2TAL8 	0	4
Q9P3U7 	0	4
Q3KP66 	0	4
P40014 	0	4
Q9SMH4 	0	4
Q9TY84 	0	4
Q14DK4 	0	4
P47881 	0	4
Q00723 	0	4
G5EDT1 	0	4
Q9UUB6 	0	4
Q9VHI4 	0	4
P56382 	0	4
P40002 	0	4
Q9NK54 	0	4
Q6IR42 	0	4
Q9LQI7 	0	4
P45968 	0	4
Q99K24 	0	4
P38241 	0	4
P22469 	0	4
Q53TQ3 	0	4
Q13950 	0	4
Q9CQ29 	0	4
Q5HZI1 	0	4
E9EWQ4 	0	4
A9Y0K8 	0	4
P40072 	0	4
Q8RXD9 	0	4
Q9Y3I1 	0	4
P46984 	0	4
Q08058 	0	4
Q99627 	0	4
P10852 	0	4
P51593 	0	4
B6RAL1 	0	4
Q9H334 	0	4
P04553 	0	4
O94701 	0	4
Q8LGB6 	0	4
Q20929 	0	4
O43114 	0	4
Q9VJV8 	0	4
Q6VVB1 	0	4
Q9FJG1 	0	4
P50534 	0	4
Q9Z2Q2 	0	4
Q5JRX3 	0	4
O74736 	0	4
P46014 	0	4
Q9UBI1 	0	4
Q02825 	0	4
Q08622 	0	4
P17655 	0	4
P40079 	0	4
Q8BG07 	0	4
Q04431 	0	4
P30803 	0	4
Q02204 	0	4
Q9UI26 	0	4
Q14432 	0	4
Q8W1E3 	0	4
Q9LLY4 	0	4
Q9Y5J6 	0	4
Q12522 	0	4
Q80TH2 	0	4
P56785 	0	4
Q9Z2D7 	0	4
P53155 	0	4
Q96N96 	0	4
P36036 	0	4
Q9FYT6 	0	4
Q9CQY9 	0	4
P70500 	0	4
P83565 	0	4
Q9W539 	0	4
Q9Y7U7 	0	4
Q08818 	0	4
F4JTE7 	0	4
Q9JJK4 	0	4
P40166 	0	4
P40957 	0	4
Q9LD83 	0	4
P38271 	0	4
U9W8F2 	0	4
Q9LYY2 	0	4
Q9TYY7 	0	4
O43715 	0	4
Q7FAD5 	0	4
P35435 	0	4
Q3TBT3 	0	4
Q4W9R0 	0	4
A2ASQ1 	0	4
Q8S8K8 	0	4
P02836 	0	4
Q9BXJ8 	0	4
Q9H0U6 	0	4
Q9NUL3 	0	4
Q7TSH3 	0	4
Q96TA1 	0	4
Q9UNE7 	0	4
Q12072 	0	4
Q9D563 	0	4
P38782 	0	4
P14693 	0	4
Q07458 	0	4
Q9Y5Y5 	0	4
P46676 	0	4
P22354 	0	4
Q04705 	0	4
O96693 	0	4
P56975 	0	4
Q925F4 	0	4
P51959 	0	4
Q02873 	0	4
Q08176 	0	4
Q8NBZ0 	0	4
Q20745 	0	4
P07703 	0	4
Q5VWN6 	0	4
Q384Y1 	0	4
P23615 	0	4
Q9SRP6 	0	4
Q04675 	0	4
P38710 	0	4
Q9FVU9 	0	4
Q10302 	0	4
O43082 	0	4
P34218 	0	4
P10676 	0	4
Q92565 	0	4
Q9VKD7 	0	4
P58234 	0	4
Q96DN6 	0	4
P46678 	0	4
O23875 	0	4
A0A509AKI1 	0	4
Q6B0I6 	0	4
Q03654 	0	4
P40205 	0	4
Q8N5G0 	0	4
Q8GT66 	0	4
Q9QWV4 	0	4
O13852 	0	4
Q8L940 	0	4
Q96FI4 	0	4
Q94KE2 	0	4
P33749 	0	4
O88379 	0	4
Q8IW03 	0	4
O74365 	0	4
Q01804 	0	4
Q9SKT1 	0	4
P54797 	0	4
Q9Y5N6 	0	4
Q93227 	0	4
Q96TC7 	0	4
Q381V1 	0	4
Q5ND04 	0	4
P11420 	0	4
P23180 	0	4
Q66JW3 	0	4
Q99314 	0	4
P32524 	0	4
Q9VR19 	0	4
P92949 	0	4
Q96WW3 	0	4
P06100 	0	4
P52756 	0	4
M0R3Q7 	0	4
O05000 	0	4
Q07555 	0	4
Q12931 	0	4
Q3MK94 	0	4
Q9QZA2 	0	4
O95210 	0	4
Q92349 	0	4
Q9U1S7 	0	4
O64759 	0	4
P92204 	0	4
Q9LRB7 	0	4
Q1K528 	0	4
Q8L8M9 	0	4
Q80Z37 	0	4
Q9R1C7 	0	4
Q80ZI2 	0	4
Q15013 	0	4
P49411 	0	4
P25367 	0	4
Q8C9B9 	0	4
O43542 	0	4
Q7SA88 	0	4
Q12383 	0	4
P53081 	0	4
P11178 	0	4
P06838 	0	4
P25332 	0	4
O48533 	0	4
F4J264 	0	4
Q9LQK7 	0	4
P97524 	0	4
O75934 	0	4
P47119 	0	4
Q9NTI7 	0	4
Q1H537 	0	4
F4IY62 	0	4
Q8VIM4 	0	4
Q9H583 	0	4
E9QAU8 	0	4
G5EFY7 	0	4
O54693 	0	4
Q3ZCG2 	0	4
Q6P2C8 	0	4
Q5JVF3 	0	4
Q02773 	0	4
P15308 	0	4
P0C5Z0 	0	4
Q9Y7K9 	0	4
Q9S713 	0	4
Q9VQD4 	0	4
Q8R1N0 	0	4
Q99JB6 	0	4
Q9P258 	0	4
Q9P2W1 	0	4
P49903 	0	4
O43299 	0	4
P40050 	0	4
Q9P0N9 	0	4
Q12406 	0	4
Q9Y5Q8 	0	4
Q03615 	0	4
Q9LF68 	0	4
Q9UKA1 	0	4
O43557 	0	4
P23506 	0	4
O00910 	0	4
Q9XI00 	0	4
Q9BUB7 	0	4
Q8BVN3 	0	4
Q9GZR7 	0	4
Q04601 	0	4
P48526 	0	4
P63002 	0	4
P40897 	0	4
P70331 	0	4
Q9NWU2 	0	4
Q9D995 	0	4
Q08580 	0	4
O13895 	0	4
P10914 	0	4
Q9VW27 	0	4
P93045 	0	4
Q9DAM1 	0	4
Q07930 	0	4
Q6Z6M4 	0	4
P70445 	0	4
Q03281 	0	4
A0A445AGS0 	0	4
O22914 	0	4
Q15424 	0	4
P30776 	0	4
Q8VY11 	0	4
Q08985 	0	4
O74804 	0	4
P40381 	0	4
Q14140 	0	4
Q0P5I5 	0	4
P92792 	0	4
Q86X29 	0	4
Q62261 	0	4
Q99LD8 	0	4
Q9H3Z4 	0	4
O88491 	0	4
Q5VY09 	0	4
Q04724 	0	4
Q03067 	0	4
Q9P6I9 	0	4
B6HQN4 	0	4
Q9H4I9 	0	4
Q9C0W0 	0	4
Q96GD0 	0	4
Q12467 	0	4
Q9WTW8 	0	4
P06746 	0	4
Q9UUJ4 	0	4
Q9NS37 	0	4
Q05776 	0	4
P13280 	0	4
Q1K6Q3 	0	4
Q9DCX2 	0	4
Q9JJN6 	0	4
P07954 	0	4
Q86Y01 	0	4
D3YXJ0 	0	4
Q09808 	0	4
Q9BY84 	0	4
O14044 	0	4
Q92186 	0	4
P53184 	0	4
F4IDB2 	0	4
Q7XJJ7 	0	4
Q99278 	0	4
Q7S7U5 	0	4
P78587 	0	4
P53255 	0	4
P38855 	0	4
Q03482 	0	4
Q5BVD1 	0	4
P36213 	0	4
Q94F00 	0	4
Q9W2I4 	0	4
P38806 	0	4
O59858 	0	4
P34537 	0	4
P13002 	0	4
Q1EHW4 	0	4
Q9ESC8 	0	4
P36093 	0	4
Q64318 	0	4
P20052 	0	4
Q6P9F0 	0	4
E9PXM9 	0	4
F4K3G5 	0	4
Q67UU9 	0	4
P53212 	0	4
F4KBW6 	0	4
Q96AG4 	0	4
P53874 	0	4
Q68D91 	0	4
P09622 	0	4
Q09725 	0	4
Q06681 	0	4
Q3UNH4 	0	4
P42356 	0	4
Q9USR4 	0	4
Q93WL3 	0	4
O94428 	0	4
P48512 	0	4
Q03219 	0	4
Q09406 	0	4
P43246 	0	4
Q9USQ7 	0	4
Q8WXX5 	0	4
Q9BUZ4 	0	4
P25298 	0	4
Q9M3I4 	0	4
Q9BZJ7 	0	4
Q8BRE0 	0	4
P32318 	0	4
Q96RS0 	0	4
P52435 	0	4
P40543 	0	4
O81787 	0	4
P38874 	0	4
Q0VD86 	0	4
Q91YJ3 	0	4
Q10308 	0	4
Q3KRA9 	0	4
Q02884 	0	4
Q12143 	0	4
Q9CQZ6 	0	4
Q283Q6 	0	4
Q01892 	0	4
Q9JKF1 	0	4
Q9M7N6 	0	4
Q9D8B6 	0	4
Q9H3K6 	0	4
O22806 	0	4
Q96L50 	0	4
Q5XIE6 	0	4
Q5HYK7 	0	4
Q9VN91 	0	4
Q9NTX7 	0	4
P13498 	0	4
Q9NY25 	0	4
G5ECD9 	0	4
P13164 	0	4
O88735 	0	4
P53854 	0	4
Q5HZJ0 	0	4
Q9BW71 	0	4
Q9BT78 	0	4
Q04500 	0	4
Q8SWX0 	0	4
P32585 	0	4
P53072 	0	4
Q9JLM4 	0	4
Q873E4 	0	4
O88713 	0	4
Q12368 	0	4
Q92982 	0	4
P53217 	0	4
P52296 	0	4
Q04437 	0	4
Q9SHE8 	0	4
Q8IXQ9 	0	4
O43052 	0	4
Q86TV6 	0	4
Q96CJ1 	0	4
A0A7J6KE60 	0	4
Q2V2P9 	0	4
Q9Y6K0 	0	4
P55160 	0	4
Q8IJH8 	0	4
A2AIL4 	0	4
P97813 	0	4
Q86WA8 	0	4
Q9SJX7 	0	4
Q9Y5A9 	0	4
Q9UHB9 	0	4
Q9UUI3 	0	4
Q5DTT2 	0	4
O74517 	0	4
Q8LJT8 	0	4
Q12032 	0	4
Q9P0U1 	0	4
P16989 	0	4
Q9ZVA7 	0	4
Q9TW65 	0	4
P79071 	0	4
Q8VY77 	0	4
Q07896 	0	4
Q03071 	0	4
Q9US22 	0	4
P70662 	0	4
F4HQA1 	0	4
P43558 	0	4
Q9SYK4 	0	4
P53251 	0	4
Q16658 	0	4
Q9SS80 	0	4
Q09142 	0	4
Q6T4R5 	0	4
P36531 	0	4
P36163 	0	4
Q10B19 	0	4
E9F591 	0	4
Q9UIA9 	0	4
Q9FLS8 	0	4
P22009 	0	4
G5DGA8 	0	4
O35144 	0	4
B6HQ74 	0	4
O95466 	0	4
O94423 	0	4
P21138 	0	4
O75971 	0	4
Q9URY2 	0	4
Q9M1I7 	0	4
Q93YU5 	0	4
P37225 	0	4
Q9USY3 	0	4
Q15650 	0	4
P10355 	0	4
P40688 	0	4
Q6PDX6 	0	4
P39522 	0	4
P36037 	0	4
P53881 	0	4
Q12420 	0	4
Q9P7G0 	0	4
Q03673 	0	4
Q9LTT3 	0	4
Q3E7A3 	0	4
O44548 	0	4
Q9EQ61 	0	4
Q9NY74 	0	4
Q6TEC1 	0	4
Q04659 	0	4
Q9UTH0 	0	4
P17789 	0	4
P43266 	0	4
O74835 	0	4
Q5IRJ6 	0	4
Q8W4B1 	0	4
Q4KMP7 	0	4
F4IV66 	0	4
Q37707 	0	4
Q05048 	0	4
Q7KHG2 	0	4
Q4WUK4 	0	4
P48608 	0	4
Q4KMM3 	0	4
P32048 	0	4
Q06632 	0	4
Q9UTR1 	0	4
O94248 	0	4
P30047 	0	4
Q54HC6 	0	4
Q12418 	0	4
Q9M903 	0	4
Q3E7C1 	0	4
O60053 	0	4
A1A519 	0	4
P25573 	0	4
P00480 	0	4
Q9Y6X9 	0	4
P40848 	0	4
Q9VJN5 	0	4
Q5FBB7 	0	4
Q8NEG4 	0	4
Q09601 	0	4
Q66GP9 	0	4
Q9SZH4 	0	4
Q6P8Z1 	0	4
P49919 	0	4
P49107 	0	4
Q9SVM8 	0	4
Q12513 	0	4
Q00816 	0	4
Q9FNE9 	0	4
Q9LH52 	0	4
Q9HC21 	0	4
Q9NYY8 	0	4
O74544 	0	4
Q71BG9 	0	4
Q9USP0 	0	4
Q9U1W1 	0	4
P40154 	0	4
Q8WWV3 	0	4
Q8WUF5 	0	4
Q9D5U8 	0	4
Q9Z206 	0	4
Q00653 	0	4
Q8GZ79 	0	4
O74329 	0	4
O82743 	0	4
O00623 	0	4
P07834 	0	4
Q1MTQ7 	0	4
A0A5K7RLP0 	0	4
Q8BLG0 	0	4
Q80XX4 	0	4
P34784 	0	4
P53725 	0	4
Q9D8H7 	0	4
O94972 	0	4
Q7YUD6 	0	4
Q58FA4 	0	4
O02751 	0	4
P24522 	0	4
Q80TR8 	0	4
Q9DAD6 	0	4
Q94AQ9 	0	4
P40159 	0	4
Q9VQ56 	0	4
Q9ES52 	0	4
Q584U2 	0	4
P51864 	0	4
O74113 	0	4
O43325 	0	4
Q96WV2 	0	4
Q12333 	0	4
U3H042 	0	4
Q7Z591 	0	4
Q9ZV24 	0	4
O96660 	0	4
Q8N5M1 	0	4
O94913 	0	4
Q58WW2 	0	4
Q15233 	0	4
O95273 	0	4
Q8VYM2 	0	4
Q9Y2Q9 	0	4
A2A884 	0	4
P53260 	0	4
O60683 	0	4
P36159 	0	4
P38060 	0	4
Q9LK88 	0	4
Q6IN84 	0	4
P40326 	0	4
Q7ZT48 	0	4
Q8R104 	0	4
Q21502 	0	4
Q8TC56 	0	4
Q9VW15 	0	4
Q96LI5 	0	4
P25588 	0	4
Q06162 	0	4
G5EED4 	0	4
Q9H9P8 	0	4
Q5H9R7 	0	4
P0C2B6 	0	4
A1XBS5 	0	4
Q99J39 	0	4
Q12445 	0	4
Q96375 	0	4
Q10360 	0	4
Q86WP2 	0	4
Q08561 	0	4
Q76NM6 	0	4
Q9NV70 	0	4
P18583 	0	4
A2AMT1 	0	4
Q9UPW6 	0	4
P47035 	0	4
Q9NVA1 	0	4
Q96ST2 	0	4
Q64378 	0	4
P62857 	0	4
Q8IX15 	0	4
O42647 	0	4
H2L0N8 	0	4
O82289 	0	4
P51175 	0	4
Q9B6C8 	0	4
Q7K6X4 	0	4
Q9UTI3 	0	4
Q06682 	0	4
A4F267 	0	4
O74469 	0	4
Q9S816 	0	4
Q8R4T1 	0	4
P53833 	0	4
Q5BJU5 	0	4
D3ZVU9 	0	4
Q5BJY9 	0	4
O95278 	0	4
Q49MI3 	0	4
Q9P7U2 	0	4
O74792 	0	4
Q63836 	0	4
O14368 	0	4
Q12462 	0	4
Q9JKY0 	0	4
Q68DD2 	0	4
Q920D2 	0	4
Q86TP1 	0	4
Q3ED65 	0	4
Q09293 	0	4
Q9M2N5 	0	4
J4UQC2 	0	4
Q681Y3 	0	4
Q03824 	0	4
P78811 	0	4
A0A509AQJ1 	0	4
Q9VDE4 	0	4
Q9UT17 	0	4
Q5TEU4 	0	4
P36023 	0	4
O95782 	0	4
P40038 	0	4
Q6Q547 	0	4
Q9VBX1 	0	4
P17152 	0	4
Q8NFH3 	0	4
Q8NC24 	0	4
G1X9H9 	0	4
Q9Y802 	0	4
Q07307 	0	4
Q8IYB3 	0	4
P38889 	0	4
O22210 	0	4
P36131 	0	4
Q7TNV0 	0	4
Q9NWZ8 	0	4
Q8TDR4 	0	4
Q9D818 	0	4
Q1HTZ9 	0	4
Q9S7W5 	0	4
Q96CU9 	0	4
A2YMU2 	0	4
P39995 	0	4
P53256 	0	4
Q9VUB5 	0	4
Q386M3 	0	4
Q12308 	0	4
Q9NZE8 	0	4
P39961 	0	4
Q8I615 	0	4
Q9Y6A4 	0	4
P48595 	0	4
O48782 	0	4
Q9JM73 	0	4
Q6ZT62 	0	4
P05982 	0	4
Q93VM9 	0	4
Q5BPF3 	0	4
P52901 	0	4
P12904 	0	4
P22293 	0	4
Q18221 	0	4
Q9Z0P4 	0	4
O14523 	0	4
Q9FZ96 	0	4
Q9ZWA1 	0	4
P0DJ07 	0	4
O62644 	1	5
P85841 	1	5
Q6UXB8 	1	5
Q8LG54 	1	5
P06205 	1	5
Q8T4J9 	1	5
Q9LRC8 	1	5
Q8T9R8 	1	5
Q945U0 	1	5
A0A0R4I951 	1	5
P13612 	1	5
P13686 	1	5
Q9H9K5 	1	5
Q14392 	1	5
O55038 	1	5
Q8W257 	1	5
O42720 	1	5
Q84V39 	1	5
O75629 	1	5
O43155 	1	5
Q9NAX4 	1	5
Q6UWY5 	1	5
P80356 	1	5
Q8MP06 	1	5
Q6Z232 	1	5
Q9C9H5 	1	5
Q02747 	1	5
Q92563 	1	5
Q96AP7 	1	5
P14209 	1	5
Q96BF3 	1	5
P81160 	1	5
P17715 	1	5
P15226 	1	5
A0A2I8B346 	1	5
O02826 	1	5
P67861 	1	5
P22388 	1	5
Q76CE8 	1	5
Q41161 	1	5
Q6X4U4 	1	5
Q12396 	1	5
Q8VCS0 	1	5
Q0ZS87 	1	5
P39037 	1	5
P04557 	1	5
Q99969 	1	5
P78581 	1	5
B3STN7 	1	5
Q6E0U4 	1	5
Q18184 	1	5
O00206 	1	5
P80022 	1	5
Q6UWI4 	1	5
P02896 	1	5
P00724 	1	5
Q8I817 	1	5
Q8WZI8 	1	5
Q9UAD0 	1	5
Q61885 	1	5
Q7M3V1 	1	5
Q6UW32 	1	5
P81828 	1	5
P49125 	1	5
P02462 	1	5
Q7Z5A7 	1	5
P11021 	1	5
Q55U20 	1	5
P13385 	1	5
P16882 	1	5
Q96HE7 	1	5
Q8WML4 	1	5
P25116 	1	5
P00996 	1	5
P05790 	1	5
Q8NBM8 	1	5
Q96FE7 	1	5
Q2U4L7 	1	5
Q96S96 	1	5
Q8N126 	1	5
O42807 	1	5
P97710 	1	5
Q9BXJ3 	1	5
P23502 	1	5
P35578 	1	5
Q8NBN3 	1	5
P28798 	1	5
H6U1I8 	1	5
O95715 	1	5
O55232 	1	5
O14412 	1	5
Q62598 	1	5
A0A1L6K371 	1	5
C7G3K3 	1	5
Q6UWK7 	1	5
Q9H6E4 	1	5
P30659 	1	5
P27797 	1	5
P01165 	1	5
Q9TY95 	1	5
A1X159 	1	5
P80109 	1	5
P02780 	1	5
P24821 	1	5
P23438 	1	5
Q08380 	1	5
P56722 	1	5
Q9ZT66 	1	5
Q6UWI2 	1	5
Q61508 	1	5
Q71DJ5 	1	5
P07457 	1	5
Q29422 	1	5
Q64HC7 	1	5
Q27270 	1	5
Q03405 	1	5
P05059 	1	5
Q15762 	1	5
Q01151 	1	5
Q5BGU9 	1	5
P0DQC1 	1	5
P31025 	1	5
O64392 	1	5
P14625 	1	5
Q24824 	1	5
P19035 	1	5
P55955 	1	5
Q8WQK0 	1	5
P08514 	1	5
Q9NBW4 	1	5
Q8T0W8 	1	5
Q16568 	1	5
P0C8G7 	1	5
P81702 	1	5
C5P3X6 	1	5
G5EC68 	1	5
P28906 	1	5
P04937 	1	5
Q9XYT4 	1	5
Q8TD06 	1	5
Q5KQS4 	1	5
P15196 	1	5
Q09117 	1	5
Q8AYA2 	1	5
Q40975 	1	5
P22362 	1	5
P01269 	1	5
P82358 	1	5
P22327 	1	5
P08796 	1	5
Q14802 	1	5
Q05443 	1	5
Q8TDQ1 	1	5
Q99MA2 	1	5
Q00870 	1	5
Q62813 	1	5
Q99ML8 	1	5
O97939 	1	5
B8JLQ9 	1	5
Q9UAH3 	1	5
P49256 	1	5
Q8NBK3 	1	5
Q59Y31 	1	5
P30101 	1	5
Q9NZ53 	1	5
Q43871 	1	5
Q86Y78 	1	5
P42264 	1	5
P25311 	1	5
Q25055 	1	5
Q13145 	1	5
Q75WF2 	1	5
P01833 	1	5
Q9YH85 	1	5
P20062 	1	5
F7J1C8 	1	5
P38851 	0	5
Q08215 	0	5
Q8VYD2 	0	5
Q3E747 	0	5
P38779 	0	5
Q9H6E5 	0	5
Q7RXU7 	0	5
Q8WVY7 	0	5
Q8TF63 	0	5
Q06213 	0	5
Q96CM3 	0	5
D0EL35 	0	5
O81836 	0	5
P10627 	0	5
Q8BQP9 	0	5
Q92878 	0	5
P22058 	0	5
Q7Z614 	0	5
P36162 	0	5
Q9LES2 	0	5
Q90578 	0	5
P38242 	0	5
P14907 	0	5
Q04279 	0	5
Q0WP44 	0	5
O60729 	0	5
Q86W42 	0	5
Q9Y6M1 	0	5
P04637 	0	5
Q3LHL9 	0	5
O13853 	0	5
F4J8G7 	0	5
A2VEY9 	0	5
Q0E7J7 	0	5
Q2TAK8 	0	5
Q8LGU6 	0	5
P20484 	0	5
Q40477 	0	5
P39689 	0	5
A0A1D8PRB7 	0	5
P12853 	0	5
Q8SXD4 	0	5
P46970 	0	5
Q57X81 	0	5
O00841 	0	5
Q06164 	0	5
Q9HEV5 	0	5
Q01080 	0	5
Q9DC70 	0	5
Q9USM3 	0	5
Q05728 	0	5
Q9USW5 	0	5
O94308 	0	5
P70120 	0	5
Q12166 	0	5
P33418 	0	5
O35465 	0	5
P48237 	0	5
A0A1P8BH03 	0	5
Q9LSD0 	0	5
Q6P6C2 	0	5
P07246 	0	5
Q9UBQ5 	0	5
P35192 	0	5
Q9VV73 	0	5
Q10154 	0	5
P00432 	0	5
Q12068 	0	5
Q12158 	0	5
O94450 	0	5
Q9UID6 	0	5
Q6I621 	0	5
Q9ZPX5 	0	5
Q96MF7 	0	5
Q8R515 	0	5
P12354 	0	5
P36114 	0	5
Q10341 	0	5
A0A2I0BUK1 	0	5
P53264 	0	5
Q9UHV7 	0	5
C9JLW8 	0	5
Q8R526 	0	5
Q01329 	0	5
P34225 	0	5
E1BUG7 	0	5
Q9Z0X1 	0	5
Q9BV86 	0	5
A0A075TXZ8 	0	5
P47821 	0	5
P08067 	0	5
Q9LES4 	0	5
P53297 	0	5
Q9UHV9 	0	5
Q9P7P1 	0	5
Q8W593 	0	5
O13702 	0	5
O42848 	0	5
P18480 	0	5
Q15562 	0	5
Q05937 	0	5
Q9JIB0 	0	5
O21619 	0	5
Q8TAM2 	0	5
Q03214 	0	5
Q24134 	0	5
Q9SRY4 	0	5
Q12084 	0	5
P28648 	0	5
Q8CEG0 	0	5
Q8WUM0 	0	5
O54957 	0	5
Q6NZY4 	0	5
Q7SBR3 	0	5
P60484 	0	5
Q04177 	0	5
Q24322 	0	5
Q33DK1 	0	5
Q8GXN9 	0	5
Q04002 	0	5
P82137 	0	5
P53955 	0	5
Q06339 	0	5
P00403 	0	5
O60097 	0	5
Q04728 	0	5
Q6PG16 	0	5
Q14164 	0	5
Q9H7D7 	0	5
B6VQ60 	0	5
Q9CZP5 	0	5
Q800K6 	0	5
L0R8F8 	0	5
Q9M5P2 	0	5
O43813 	0	5
D2K8N5 	0	5
P29590 	0	5
Q9FMZ0 	0	5
P46778 	0	5
P53903 	0	5
Q9LSB9 	0	5
P0DYC2 	0	5
P53114 	0	5
Q9QZQ8 	0	5
Q9ER99 	0	5
Q9BVJ7 	0	5
Q7S6M9 	0	5
Q8IWZ6 	0	5
P34111 	0	5
Q3ZC04 	0	5
Q04231 	0	5
Q1ZXU0 	0	5
I3PB37 	0	5
Q06554 	0	5
O75324 	0	5
O94326 	0	5
Q86B87 	0	5
F4IAT8 	0	5
P00107 	0	5
Q9UQ80 	0	5
Q5PP51 	0	5
O13834 	0	5
O14291 	0	5
Q12246 	0	5
P29374 	0	5
P38988 	0	5
Q9LTB0 	0	5
Q63430 	0	5
P57680 	0	5
Q70Z53 	0	5
P40033 	0	5
O14079 	0	5
Q12457 	0	5
Q7XA66 	0	5
Q9USU3 	0	5
P25638 	0	5
Q9C7S0 	0	5
G5EGD2 	0	5
Q9SIV5 	0	5
Q7Z6G3 	0	5
F2Z699 	0	5
P21359 	0	5
P53193 	0	5
Q9UDW3 	0	5
P38879 	0	5
Q96S44 	0	5
Q92262 	0	5
Q9BSW2 	0	5
A2A5K6 	0	5
P38848 	0	5
Q1RNF8 	0	5
Q08961 	0	5
E9PRG8 	0	5
Q9Y4U1 	0	5
Q00922 	0	5
Q9BPW8 	0	5
Q38834 	0	5
Q8BH07 	0	5
Q9UDX5 	0	5
Q8N3J2 	0	5
Q969K3 	0	5
Q8GYH7 	0	5
Q8L7E9 	0	5
Q96TL7 	0	5
Q8IY22 	0	5
Q8NHU3 	0	5
O23661 	0	5
P53187 	0	5
Q5GH67 	0	5
Q9VV87 	0	5
P82669 	0	5
Q8N2Y8 	0	5
Q08235 	0	5
Q9SRT0 	0	5
Q9NTJ3 	0	5
Q5U5X0 	0	5
Q9P7S7 	0	5
P29144 	0	5
Q9H5U6 	0	5
Q337M4 	0	5
Q0WQ41 	0	5
O08759 	0	5
Q9V4Z9 	0	5
Q6SKR2 	0	5
P40566 	0	5
Q9BTF0 	0	5
Q14511 	0	5
Q8TBZ0 	0	5
Q8IS98 	0	5
Q75WF1 	0	5
Q8WXD5 	0	5
Q8RWX4 	0	5
P25642 	0	5
Q2YDI5 	0	5
Q923Q2 	0	5
Q8SX83 	0	5
Q9VD44 	0	5
Q12343 	0	5
O70405 	0	5
Q949P2 	0	5
Q08422 	0	5
B2RZD2 	0	5
O94614 	0	5
Q8TCY9 	0	5
Q96F07 	0	5
Q11184 	0	5
Q0WQG8 	0	5
Q6NKS4 	0	5
A2ARP9 	0	5
Q99NI4 	0	5
Q8WZ42 	0	5
Q94K75 	0	5
Q94AX2 	0	5
P07390 	0	5
Q8MLV1 	0	5
Q8LEG1 	0	5
Q22197 	0	5
P53170 	0	5
Q9P305 	0	5
Q9XF23 	0	5
O14503 	0	5
P63006 	0	5
S0DHV6 	0	5
Q5Z807 	0	5
P20134 	0	5
Q9D219 	0	5
P40069 	0	5
Q9NYG5 	0	5
Q9XIA7 	0	5
Q8WV28 	0	5
P54861 	0	5
Q9Y3V2 	0	5
A0A078CGE6 	0	5
P48412 	0	5
P82670 	0	5
Q3U284 	0	5
O74433 	0	5
Q674X7 	0	5
P05109 	0	5
A0A1D8PN96 	0	5
Q8RWV3 	0	5
Q06032 	0	5
H3K2Y6 	0	5
Q9UH77 	0	5
P18911 	0	5
P33308 	0	5
P17256 	0	5
P48231 	0	5
Q8N371 	0	5
P56192 	0	5
F4J284 	0	5
Q22707 	0	5
Q10430 	0	5
B4FUP5 	0	5
Q14451 	0	5
Q03776 	0	5
Q1MTN9 	0	5
A0A3S7X906 	0	5
O22920 	0	5
Q12102 	0	5
Q498E2 	0	5
O23193 	0	5
Q56NI9 	0	5
Q9VAH9 	0	5
P32342 	0	5
Q8IHY1 	0	5
P49756 	0	5
Q8BG79 	0	5
F1QN48 	0	5
O55102 	0	5
Q08182 	0	5
Q7XYY2 	0	5
Q4PSK3 	0	5
Q94545 	0	5
Q8N9R8 	0	5
Q38893 	0	5
P30419 	0	5
Q969Y2 	0	5
F4JGZ1 	0	5
P49815 	0	5
P33751 	0	5
P58418 	0	5
Q22355 	0	5
O70200 	0	5
P97868 	0	5
Q9SCJ9 	0	5
Q9Y512 	0	5
Q9LXF3 	0	5
P27793 	0	5
Q84T94 	0	5
Q94234 	0	5
Q9SJH0 	0	5
F4KHI3 	0	5
Q9UT48 	0	5
Q9USX8 	0	5
Q9FN69 	0	5
Q6UN15 	0	5
Q08558 	0	5
Q8R2Y0 	0	5
Q86UA6 	0	5
Q9UUG2 	0	5
Q06604 	0	5
P53692 	0	5
P53317 	0	5
P49720 	0	5
Q7SB95 	0	5
A0A0S2UWC9 	0	5
P34241 	0	5
Q9FE22 	0	5
P18410 	0	5
P46972 	0	5
Q9Y2V0 	0	5
Q9VCX1 	0	5
Q9BUK6 	0	5
Q99MQ3 	0	5
Q6UWU4 	0	5
Q9NRP7 	0	5
Q9NYV7 	0	5
P86044 	0	5
Q9UTG8 	0	5
P40055 	0	5
Q8L983 	0	5
Q95ZL9 	0	5
Q9VC61 	0	5
P21620 	0	5
P42945 	0	5
Q8K1N1 	0	5
P35790 	0	5
Q93VT9 	0	5
Q9P275 	0	5
A0A386CAB9 	0	5
P16554 	0	5
Q9JLI6 	0	5
P23611 	0	5
Q7Z6K1 	0	5
Q7S300 	0	5
Q07938 	0	5
Q5ND34 	0	5
P42338 	0	5
O94740 	0	5
Q9USU8 	0	5
P25443 	0	5
P55039 	0	5
O74462 	0	5
Q9VWN4 	0	5
P46060 	0	5
Q8GYD9 	0	5
Q96DZ5 	0	5
C0HLU2 	0	5
P51808 	0	5
F4JHA2 	0	5
Q53H82 	0	5
Q8LAC4 	0	5
Q06616 	0	5
Q9H3J6 	0	5
Q9WU70 	0	5
Q8S9K3 	0	5
Q8T053 	0	5
Q8I397 	0	5
Q08831 	0	5
Q9BSV6 	0	5
Q3TLD5 	0	5
Q6IQ49 	0	5
Q9M670 	0	5
Q8NFT6 	0	5
Q9S814 	0	5
Q8RWN0 	0	5
Q5RI15 	0	5
Q9US14 	0	5
Q9ESJ1 	0	5
Q8NDZ2 	0	5
Q9Y4Z0 	0	5
P30561 	0	5
Q24246 	0	5
O43716 	0	5
Q9FEC1 	0	5
P40237 	0	5
O77512 	0	5
Q9QXY4 	0	5
Q24562 	0	5
Q8VC49 	0	5
Q3UIU2 	0	5
P33895 	0	5
Q96MT3 	0	5
P33400 	0	5
P42677 	0	5
O60779 	0	5
P62875 	0	5
Q8RXA7 	0	5
Q9P013 	0	5
Q7Z5K2 	0	5
Q9M4B5 	0	5
Q9P6M0 	0	5
P21145 	0	5
E3VNM4 	0	5
Q7Z412 	0	5
Q9ZSZ8 	0	5
P53102 	0	5
Q8IRH5 	0	5
P39946 	0	5
Q6Z2G7 	0	5
Q6KCD5 	0	5
Q7SA90 	0	5
Q9NRR8 	0	5
P53941 	0	5
Q38998 	0	5
Q9HB07 	0	5
P56277 	0	5
Q10F03 	0	5
Q94126 	0	5
Q9BT17 	0	5
Q94ID2 	0	5
P83211 	0	5
O95071 	0	5
Q96529 	0	5
Q9FFD8 	0	5
Q9M022 	0	5
Q86BY9 	0	5
Q9UT46 	0	5
Q9P1Z3 	0	5
Q10665 	0	5
P17629 	0	5
E9AGH7 	0	5
Q9VGH1 	0	5
O23403 	0	5
Q921G6 	0	5
O14681 	0	5
P21245 	0	5
Q9HE07 	0	5
O95630 	0	5
Q810M5 	0	5
Q9XIK0 	0	5
P78527 	0	5
Q9HFE6 	0	5
Q3UHU5 	0	5
Q03385 	0	5
P22893 	0	5
P34087 	0	5
Q61234 	0	5
Q99NF1 	0	5
A9LNK9 	0	5
Q8BTW8 	0	5
Q6PDY0 	0	5
O94225 	0	5
Q9LZA6 	0	5
Q6ZVD7 	0	5
Q6P9B9 	0	5
A7UWX2 	0	5
Q5QJE6 	0	5
Q32P44 	0	5
O08650 	0	5
Q12393 	0	5
Q96RK1 	0	5
Q57ZI5 	0	5
Q9P2D8 	0	5
Q9CR51 	0	5
Q04964 	0	5
Q24400 	0	5
P19824 	0	5
Q9P7M3 	0	5
P80217 	0	5
C8KI33 	0	5
Q9CQQ7 	0	5
Q96QE5 	0	5
F4IF36 	0	5
Q8NEZ4 	0	5
Q96JZ2 	0	5
J9VI03 	0	5
P34162 	0	5
Q8WZ33 	0	5
O60504 	0	5
P53309 	0	5
P49334 	0	5
Q9H0F5 	0	5
O74879 	0	5
Q9C5H9 	0	5
Q8L8Z1 	0	5
P57678 	0	5
P33201 	0	5
Q9UTA6 	0	5
Q9NSN8 	0	5
Q8R000 	0	5
Q9Y3E5 	0	5
Q8WXX7 	0	5
O74791 	0	5
P32874 	0	5
Q9QZM5 	0	5
P02489 	0	5
Q9LS08 	0	5
Q21773 	0	5
P53369 	0	5
O13998 	0	5
Q9UFC0 	0	5
P63220 	0	5
H0YL14 	0	5
Q8BMB0 	0	5
Q24119 	0	5
Q9ZT96 	0	5
Q9UBP6 	0	5
Q01532 	0	5
P53289 	0	5
Q96EL1 	0	5
D3YXK1 	0	5
P53921 	0	5
Q6NZF1 	0	5
Q8BJA3 	0	5
Q7XR83 	0	5
P33412 	0	5
J9VIL4 	0	5
Q0WNP3 	0	5
Q8VZS6 	0	5
Q9H6U6 	0	5
Q587J8 	0	5
P30048 	0	5
Q8CGU4 	0	5
P34078 	0	5
O15524 	0	5
F4JYC8 	0	5
P35194 	0	5
Q9VY78 	0	5
G5ECG2 	0	5
Q9UBC1 	0	5
Q9WTV0 	0	5
P32344 	0	5
Q9H1E3 	0	5
Q9H2G9 	0	5
Q9CQ75 	0	5
O75689 	0	5
Q54BW5 	0	5
Q9H9E3 	0	5
P38751 	0	5
Q18909 	0	5
Q06563 	0	5
P06841 	0	5
Q13573 	0	5
Q6ZY51 	0	5
Q02206 	0	5
Q12199 	0	5
Q9H582 	0	5
O60016 	0	5
Q8CDY7 	0	5
D4A7U2 	0	5
P82194 	0	5
P52655 	0	5
Q8WV22 	0	5
Q07362 	0	5
P41002 	0	5
Q9H5J8 	0	5
Q9CAF5 	0	5
Q9H063 	0	5
Q9WVS6 	0	5
Q8NFQ8 	0	5
P35639 	0	5
P70460 	0	5
Q12504 	0	5
Q05024 	0	5
P21827 	0	5
O23680 	0	5
Q9VKJ3 	0	5
Q1W209 	0	5
Q9Y7Q7 	0	5
Q07800 	0	5
Q1K730 	0	5
Q9UT18 	0	5
O94708 	0	5
Q8TD16 	0	5
Q12283 	0	5
Q08553 	0	5
Q9VJL6 	0	5
D6VTK4 	0	5
P06813 	0	5
O04479 	0	5
Q9UJU6 	0	5
Q08417 	0	5
P32103 	0	5
Q03750 	0	5
Q9FFA7 	0	5
Q9W2H9 	0	5
P19955 	0	5
Q5XVF0 	0	5
P17353 	0	5
Q07053 	0	5
Q9Y2I9 	0	5
Q04073 	0	5
Q8NFH4 	0	5
P46681 	0	5
Q9FGX1 	0	5
P87112 	0	5
P38969 	0	5
Q91W39 	0	5
Q6ZPR5 	0	5
Q16637 	0	5
Q9UTC0 	0	5
Q8I299 	0	5
Q23590 	0	5
P21357 	0	5
Q8S9G8 	0	5
A0A5B9G902 	0	5
Q9H790 	0	5
Q01664 	0	5
P53969 	0	5
Q8IP99 	0	5
Q5AFI4 	0	5
P36069 	0	5
Q6K9U2 	0	5
P40028 	0	5
P14868 	0	5
P0CT67 	0	5
Q9DB96 	0	5
P12624 	0	5
Q9DBD5 	0	5
P70278 	0	5
W7MAT5 	0	5
Q9SFB0 	0	5
P82924 	0	5
P08011 	0	5
Q96FF9 	0	5
Q96LW4 	0	5
O23342 	0	5
Q80SY4 	0	5
O74904 	0	5
O14880 	0	5
O95751 	0	5
F4IUY8 	0	5
P40024 	0	5
Q9VAB8 	0	5
P42841 	0	5
Q96JM7 	0	5
Q810F1 	0	5
O15304 	0	5
Q9SS48 	0	5
Q21952 	0	5
Q9C0U3 	0	5
Q8W3L1 	0	5
P19736 	0	5
Q9VFX3 	0	5
Q9HBM0 	0	5
P57743 	0	5
Q961D9 	0	5
Q43715 	0	5
Q9H4B6 	0	5
Q9UJQ4 	0	5
Q9CPY0 	0	5
Q9UH65 	0	5
O02219 	0	5
Q06623 	0	5
Q9Y241 	0	5
P0CU09 	0	5
Q14642 	0	5
Q08926 	0	5
P42073 	0	5
Q8VZL6 	0	5
O43543 	0	5
O43031 	0	5
P32245 	0	5
Q969X0 	0	5
C8VP82 	0	5
P48771 	0	5
Q969P5 	0	5
P83510 	0	5
P29083 	0	5
Q2MH31 	0	5
Q5XIQ3 	0	5
Q9Y6W5 	0	5
Q9Y7U4 	0	5
O73622 	0	5
Q99643 	0	5
Q12774 	0	5
P38265 	0	5
Q5M775 	0	5
Q08923 	0	5
Q9NTM9 	0	5
Q96I59 	0	5
P62847 	0	5
Q2VLK6 	0	5
Q7S4E7 	0	5
P38081 	0	5
O43913 	0	5
O43819 	0	5
Q12321 	0	5
Q03799 	0	5
P56383 	0	5
Q9Y2D8 	0	5
Q54QQ1 	0	5
Q9BRT2 	0	5
Q8L748 	0	5
O14114 	0	5
F4HRV8 	0	5
Q9FZ89 	0	5
Q8H1U5 	0	5
Q8TEC5 	0	5
P40037 	0	5
Q06106 	0	5
Q8IYL3 	0	5
Q12884 	0	5
Q8GYU3 	0	5
Q86XE0 	0	5
Q9W252 	0	5
Q9D3F7 	0	5
P36528 	0	5
Q9GZS3 	0	5
A0A075TRC0 	0	5
Q8NFG4 	0	5
Q56P03 	0	5
Q8N4T4 	0	5
P33307 	0	5
Q9XIP2 	0	5
Q03798 	0	5
Q6NZQ4 	0	5
Q9M3K7 	0	5
Q7FZF1 	0	5
Q9NYK5 	0	5
Q5VZI3 	0	5
O95989 	0	5
P46938 	0	5
O13563 	0	5
P11181 	0	5
Q9UU91 	0	5
F4JZG9 	0	5
Q8TDM6 	0	5
P61604 	0	5
Q9JI13 	0	5
Q8BVN4 	0	5
Q86WV5 	0	5
O42913 	0	5
Q9UI40 	0	5
Q8C854 	0	5
Q9LS24 	0	5
Q9H871 	0	5
A0A0P0WQ90 	0	5
Q20977 	0	5
Q9DA19 	0	5
Q9BZF1 	0	5
Q8TD31 	0	5
P24642 	0	5
Q96KQ7 	0	5
P18074 	0	5
P25038 	0	5
Q96D96 	0	5
O77932 	0	5
Q9NXV6 	0	5
Q5DT39 	0	5
Q9P0S2 	0	5
Q9NYX4 	0	5
Q9Y2D9 	0	5
Q8NF50 	0	5
Q94A68 	0	5
Q6Y5D8 	0	5
P29461 	0	5
P25420 	0	5
Q94B35 	0	5
Q8WY64 	0	5
O08901 	0	5
Q8L960 	0	5
D4AEP3 	0	5
Q9NX58 	0	5
P53909 	0	5
Q24174 	0	5
O13339 	0	5
Q96B42 	0	5
Q5W7F1 	0	5
A0A1D6IEG9 	0	5
Q3V0Q6 	0	5
Q9CAC5 	0	5
Q12339 	0	5
Q08949 	0	5
A0A075TRA9 	0	5
Q8LDS4 	0	5
Q9LIQ6 	0	5
P43606 	0	5
P37263 	0	5
P46951 	0	5
F4JXF1 	0	5
Q02354 	0	5
O95059 	0	5
A6H8H2 	0	5
Q5MIZ7 	0	5
Q9NR90 	0	5
P21691 	0	5
Q9BV90 	0	5
Q86VP6 	0	5
O14277 	0	5
Q8L3X9 	0	5
Q6WN19 	0	5
Q20497 	0	5
Q12510 	0	5
P40473 	0	5
K9NVA6 	0	5
Q8NEY3 	0	5
P59382 	0	5
Q39056 	0	5
Q09838 	0	5
P06454 	0	5
Q99653 	0	5
G5EGF8 	0	5
Q8WV93 	0	5
Q38845 	0	5
O49290 	0	5
O43829 	0	5
Q96P67 	0	5
P53082 	0	5
Q03898 	0	5
Q9VEN1 	0	5
Q9FN48 	0	5
Q86MA2 	0	5
Q9EQJ4 	0	5
Q00597 	0	5
Q2V3L3 	0	5
Q09761 	0	5
Q8VY74 	0	5
Q9LVA9 	0	5
Q03790 	0	5
Q09847 	0	5
Q03834 	0	5
Q8NDD1 	0	5
Q96B26 	0	5
Q6DWJ6 	0	5
Q9UUM2 	0	5
Q9NVI7 	0	5
Q99PD6 	0	5
P14908 	0	5
O44476 	0	5
Q9P7B7 	0	5
O35678 	0	5
Q9URQ3 	0	5
Q5PRF9 	0	5
Q00202 	0	5
Q9ZVZ9 	0	5
P32336 	0	5
P34447 	0	5
Q9FK13 	0	5
Q9H147 	0	5
Q9R1T5 	0	5
Q8LBP4 	0	5
Q9P7P2 	0	5
P45432 	0	5
Q80ZI1 	0	5
P0CT73 	0	5
Q9URV9 	0	5
P0DI81 	0	5
Q15652 	0	5
Q6R3K9 	0	5
Q10223 	0	5
Q9Y3C5 	0	5
P54657 	0	5
Q94AQ8 	0	5
Q9XI19 	0	5
P40368 	0	5
Q39709 	0	5
Q21738 	0	5
Q9FVV7 	0	5
Q9MYT8 	0	5
Q6PI48 	0	5
A1YKT1 	0	5
Q5EBL4 	0	5
Q96B49 	0	5
P49789 	0	5
O13710 	0	5
Q8NB16 	0	5
Q9EPB4 	0	5
Q9Y7Z5 	0	5
Q9FYS5 	0	5
Q3EBC8 	0	5
Q9M591 	0	5
Q03761 	0	5
Q8WYA6 	0	5
P38937 	0	5
P51998 	0	5
Q9S7Z2 	0	5
Q92733 	0	5
Q45FA5 	0	5
A0A1D9BZF0 	0	5
Q8VHT6 	0	5
P28288 	0	5
Q9CQT6 	0	5
O81208 	0	5
P49021 	0	5
P05066 	0	5
Q9EP97 	0	5
Q9FME4 	0	5
Q08991 	0	5
Q5T6F0 	0	5
Q9W4X9 	0	5
Q06679 	0	5
Q9LDD5 	0	5
P53944 	0	5
Q39002 	0	5
P12956 	0	5
Q9STX3 	0	5
O42998 	0	5
Q6UL01 	0	5
Q9BUH6 	0	5
P38257 	0	5
P34227 	0	5
P06367 	0	5
Q96QP1 	0	5
Q9NQC7 	0	5
P07195 	0	5
Q9NZH6 	0	5
Q8WY91 	0	5
Q70EL3 	0	5
Q9UK99 	0	5
Q558Z2 	0	5
Q91VX9 	0	5
O14275 	0	5
Q1XG89 	0	5
F4IMQ0 	0	5
A0A5E4M3Q4 	0	5
Q9SLD2 	0	5
Q9SLJ2 	0	5
Q56X52 	0	5
O75508 	0	5
Q9NPJ1 	0	5
P23193 	0	5
P41348 	0	5
Q8WXW3 	0	5
Q3UUF8 	0	5
Q4GZF6 	0	5
Q9M1E7 	0	5
P53846 	0	5
Q8TBZ3 	0	5
O82230 	0	5
P58334 	0	5
Q9ULR3 	0	5
A0A1D5PRR9 	0	5
Q9Y287 	0	5
Q8NCG7 	0	5
Q75WB5 	0	5
Q9CQR4 	0	5
Q13428 	0	5
P26449 	0	5
Q504Q3 	0	5
Q8LBM2 	0	5
Q1MTR2 	0	5
Q03973 	0	5
P09108 	0	5
Q08931 	0	5
Q08959 	0	5
P0CY11 	0	5
P47140 	0	5
Q497V6 	0	5
Q9QYH6 	0	5
Q9NX55 	0	5
Q09260 	0	5
Q9FJF4 	0	5
P17214 	0	5
Q9DCJ5 	0	5
Q03373 	0	5
Q01981 	0	5
Q7T0L4 	0	5
O95721 	0	5
P25040 	0	5
P27707 	0	5
Q9C8R8 	0	5
Q96PP9 	0	5
Q5GH62 	0	5
Q80YF9 	0	5
Q811H0 	0	5
Q500V5 	0	5
P42844 	0	5
P38838 	0	5
Q95QZ9 	0	5
A0A0D1CRD0 	0	5
Q8NI35 	0	5
Q8IYM2 	0	5
Q944Q0 	0	5
Q20591 	0	5
Q7YQK4 	0	5
P50440 	0	5
Q9SQI3 	0	5
Q8BGD8 	0	5
Q9UHX1 	0	5
Q06109 	0	5
O93956 	0	5
O75529 	0	5
Q6ZMZ3 	0	5
P49017 	0	5
H9A1V3 	0	5
O35394 	0	5
Q6A037 	0	5
P32380 	0	5
P30279 	0	5
Q5BJX1 	0	5
Q07395 	0	5
P0CY08 	0	5
Q07914 	0	5
Q8BG21 	0	5
P33447 	0	5
Q8CBX0 	0	5
O95571 	0	5
Q99MY0 	0	5
Q8GUL2 	0	5
P18581 	0	5
Q3E756 	0	5
Q6Q5X2 	0	5
Q9HB96 	0	5
Q9UTI4 	0	5
P40505 	0	5
Q8N6U8 	0	5
Q86VZ6 	0	5
P18296 	0	5
P41541 	0	5
Q9UNA4 	0	5
O42648 	0	5
Q96NT5 	0	5
O94617 	0	5
O75616 	0	5
P41958 	0	5
P47112 	0	5
O94468 	0	5
Q9VAM5 	0	5
Q9CQH3 	0	5
Q06338 	0	5
P57725 	0	5
P40565 	0	5
Q0JHU5 	0	5
Q5U5Q3 	0	5
Q8IXQ6 	0	5
A6NDU8 	0	5
Q9HB75 	0	5
Q9GZZ9 	0	5
O62090 	0	5
Q9HAC7 	0	5
Q7S910 	0	5
Q9UIL8 	0	5
P28776 	0	5
P36120 	0	5
P78963 	0	5
Q75NZ0 	0	5
Q8ND71 	0	5
O80832 	0	5
Q9FNC9 	0	5
Q9UU96 	0	5
O00287 	0	5
Q69ZQ1 	0	5
Q9S752 	0	5
Q9FFC7 	0	5
Q04175 	0	5
P17694 	0	5
Q9NUQ9 	0	5
O60832 	0	5
Q9Y252 	0	5
Q9ZW85 	0	5
O43663 	0	5
Q7XA07 	0	5
Q8H443 	0	5
Q91YI6 	0	5
Q9SID1 	0	5
O75506 	0	5
Q9WU79 	0	5
Q8WXU2 	0	5
Q61127 	0	5
F4JT76 	0	5
Q8WXG6 	0	5
P06180 	0	5
P46959 	0	5
Q06163 	0	5
P38777 	0	5
Q682U6 	0	5
P20477 	0	5
Q3TQ03 	0	5
Q9NVH2 	0	5
A1Z9P3 	0	5
P49443 	0	5
O14519 	0	5
Q9C7A2 	0	5
Q9VWW0 	0	5
A1A4Y4 	0	5
O08900 	0	5
Q8LPS2 	0	5
O75940 	0	5
Q03433 	0	5
P38291 	0	5
P87017 	0	5
P70610 	0	5
Q5T4T6 	0	5
Q42876 	0	5
P60896 	0	5
Q9HAZ2 	0	5
Q8VZE7 	0	5
Q5SXA9 	0	5
Q6L8Q7 	0	5
Q9CQX8 	0	5
P43565 	0	5
P07276 	0	5
P47002 	0	5
Q9LW29 	0	5
P07248 	0	5
A0A2R8Y7D0 	0	5
Q08365 	0	5
Q66HL2 	0	5
P42698 	0	5
Q9UM07 	0	5
Q03631 	0	5
Q641G7 	0	5
Q9BWF2 	0	5
P23542 	0	5
P22224 	0	5
O88466 	0	5
Q8RWE8 	0	5
P54920 	0	5
Q9C882 	0	5
Q05958 	0	5
Q9BT43 	0	5
P27815 	0	5
Q91YM2 	0	5
Q96MI9 	0	5
Q93WX6 	0	5
P70338 	0	5
Q6ZN28 	0	5
Q84LM4 	0	5
Q9FYB5 	0	5
Q5TAX3 	0	5
Q3UZ39 	0	5
Q03124 	0	5
Q9UJX4 	0	5
Q9LZP8 	0	5
Q06493 	0	5
Q9D1M4 	0	5
Q9NTZ6 	0	5
O95900 	0	5
Q25C79 	0	5
P47171 	0	5
P0DH90 	0	5
P29084 	0	5
Q9P0R6 	0	5
P53267 	0	5
Q20024 	0	5
Q6SZW1 	0	5
J3QMY9 	0	5
F4JHH5 	0	5
P31334 	0	5
P34567 	0	5
Q9Y3C4 	0	5
Q9BUU2 	0	5
Q4WW97 	0	5
Q8CGY6 	0	5
P32179 	0	5
O43396 	0	5
P28807 	0	5
Q9SNB7 	0	5
Q9JJK1 	0	5
O00555 	0	5
F4I2H7 	0	5
P54074 	0	5
Q9P6S5 	0	5
Q230X8 	0	5
Q7Z7G2 	0	5
P38351 	0	5
P25578 	0	5
P32843 	0	5
Q9LUJ3 	0	5
Q9BSF8 	0	5
Q10214 	0	5
Q5XVG3 	0	5
Q04603 	0	5
Q9SEL7 	0	5
Q99583 	0	5
Q03305 	0	5
Q9BTP7 	0	5
Q9C9T2 	0	5
Q920G9 	0	5
Q5XF07 	0	5
Q10222 	0	5
O13915 	0	5
O22130 	0	5
Q96PX9 	0	5
Q91YR5 	0	5
Q14166 	0	5
Q9P2Y4 	0	5
Q9BSH3 	0	5
Q99808 	0	5
Q9C5U1 	0	5
O94444 	0	5
P78917 	0	5
Q9BW72 	0	5
P39985 	0	5
P21228 	0	5
Q9BRQ5 	0	5
Q8CJ27 	0	5
Q9HAV4 	0	5
P69850 	0	5
P82673 	0	5
Q84MZ4 	0	5
Q12315 	0	5
Q504T8 	0	5
Q08444 	0	5
Q96301 	0	5
Q764M6 	0	5
P16521 	0	5
Q9VLP7 	0	5
A2A8T7 	0	5
Q6NVG5 	0	5
G5EFF5 	0	5
Q42588 	0	5
Q9P7M1 	0	5
Q6P1J9 	0	5
Q6L5B5 	0	5
Q96HW7 	0	5
Q9Y605 	0	5
Q9SSW0 	0	5
P33448 	0	5
Q07508 	0	5
A0A0U2UYC4 	0	5
Q9JM80 	0	5
Q9LNE8 	0	5
P38264 	0	5
Q7RXV8 	0	5
Q9LN09 	0	5
Q9LMR3 	0	5
Q9VAS7 	0	5
I6LAD1 	0	5
A0A1S4BDC4 	0	5
B8Y6I0 	0	5
Q9M9V9 	0	5
Q96JM3 	0	5
Q4WSD1 	0	5
P05230 	0	5
Q84JU6 	0	5
Q86SP6 	0	5
Q9BTU6 	0	5
O74796 	0	5
P08635 	0	5
Q93560 	0	5
Q9NY87 	0	5
P31414 	0	5
P40460 	0	5
Q04888 	0	5
Q09275 	0	5
Q59LY1 	0	5
Q94165 	0	5
Q9Y5W9 	0	5
Q9NP94 	0	5
Q8C6P8 	0	5
Q7SB98 	0	5
Q8VEE1 	0	5
Q42687 	0	5
Q10210 	0	5
Q96VH4 	0	5
P23230 	0	5
Q22037 	0	5
Q8W4L5 	0	5
Q9FGS4 	0	5
Q5BLX8 	0	5
Q9NS73 	0	5
A2RVJ8 	0	5
P87297 	0	5
Q15078 	0	5
Q8IZV2 	0	5
Q9H0E9 	0	5
Q99ML0 	0	5
O54982 	0	5
Q8W4I6 	0	5
P53112 	0	5
Q9VSA3 	0	5
Q21776 	0	5
Q96EA4 	0	5
Q8N9M5 	0	5
Q58DQ5 	0	5
A3R064 	0	5
Q9LSC4 	0	5
P39705 	0	5
Q11120 	0	5
Q9P0N8 	0	5
Q9NZI6 	0	5
P97376 	0	5
Q9NP98 	0	5
Q9W1C5 	0	5
Q66GT5 	0	5
O15068 	0	5
C0HLF1 	0	5
Q7SHB2 	0	5
Q07418 	0	5
O94580 	0	5
P49728 	0	5
P37727 	0	5
Q7TPF1 	0	5
Q3E823 	0	5
O13725 	0	5
P05085 	0	5
Q9D1E5 	0	5
Q6P7B7 	0	5
Q03468 	0	5
Q38HM4 	0	5
P53804 	0	5
O60094 	0	5
P40155 	0	5
P42840 	0	5
Q14203 	0	5
Q6PFD5 	0	5
P55197 	0	5
P19973 	0	5
P17535 	0	5
Q9NX47 	0	5
P40491 	0	5
Q9UMS0 	0	5
Q8BMA5 	0	5
Q9ES19 	0	5
Q9UTF7 	0	5
P40065 	0	5
Q9NUQ6 	0	5
Q9VBW9 	0	5
A4D126 	0	5
O94279 	0	5
P06526 	0	5
Q9VYD1 	0	5
Q6EKJ0 	0	5
P20143 	0	5
Q53S58 	0	5
Q5EAF2 	0	5
Q9NWV8 	0	5
Q86MV5 	0	5
P82658 	0	5
Q12223 	0	5
P92276 	0	5
Q32065 	0	5
Q13325 	0	5
P49769 	0	5
A0A1W2P872 	0	5
Q8N2C7 	0	5
P14284 	0	5
Q8IWV7 	0	5
Q9H902 	0	5
Q6ZV65 	0	5
Q5SRY7 	0	5
O65680 	0	5
Q8RWV8 	0	5
P63036 	0	5
Q13156 	0	5
Q96SY0 	0	5
Q9NWS8 	0	5
Q9FZK4 	0	5
Q06184 	0	5
G4SLH0 	0	5
O13978 	0	5
Q9P2N5 	0	5
Q10332 	0	5
Q5AK51 	0	5
Q8VWF1 	0	5
P47174 	0	5
Q8WWM7 	0	5
Q6PJT7 	0	5
P57080 	0	5
B1AZ99 	0	5
Q969L4 	0	5
Q80ZD3 	0	5
O59734 	0	5
Q04311 	0	5
Q9Y448 	0	5
Q9H3F6 	0	5
Q6K1E7 	0	5
F4I443 	0	5
Q9CX80 	0	5
P35269 	0	5
Q9LKX9 	0	5
Q9XVS8 	0	5
Q12291 	0	5
Q5AL36 	0	5
P37299 	0	5
Q93008 	0	5
G5EEG7 	0	5
O60174 	0	5
Q96EY5 	0	5
Q3U827 	0	5
Q9H832 	0	5
P53107 	0	5
Q9Y5Z9 	0	5
Q12259 	0	5
Q04613 	0	5
O15439 	0	5
Q86TW2 	0	5
Q96ST8 	0	5
P81900 	0	5
Q84VZ1 	0	5
Q96RQ1 	0	5
P54113 	0	5
Q9LMA8 	0	5
Q90ZN1 	0	5
P32504 	0	5
Q99PQ2 	0	5
Q9Y2I8 	0	5
Q12514 	0	5
O54724 	0	5
O70258 	0	5
Q5FWH3 	0	5
Q9FGW9 	0	5
O74386 	0	5
Q8BVG4 	0	5
P46062 	0	5
O13688 	0	5
P40057 	0	5
A7DTF0 	0	5
O75937 	0	5
P38222 	0	5
Q8K3Y3 	0	5
Q9LSQ5 	0	5
P24499 	0	5
P53188 	0	5
Q3UHA3 	0	5
P10849 	0	5
P23369 	0	5
Q67ZB6 	0	5
Q63638 	0	5
Q8IYR2 	0	5
Q42496 	0	5
Q1G3I2 	0	5
Q8R4T5 	0	5
Q9LEV3 	0	5
Q7KTX8 	0	5
Q9NZC9 	0	5
Q7JXF5 	0	5
Q09685 	0	5
P49662 	0	5
