O62644 	1
P85841 	1
Q6UXB8 	1
Q8LG54 	1
P06205 	1
Q8T4J9 	1
Q9LRC8 	1
Q8T9R8 	1
Q945U0 	1
A0A0R4I951 	1
P13612 	1
P13686 	1
Q9H9K5 	1
Q14392 	1
O55038 	1
Q8W257 	1
O42720 	1
Q84V39 	1
O75629 	1
O43155 	1
Q9NAX4 	1
Q6UWY5 	1
P80356 	1
Q8MP06 	1
Q6Z232 	1
Q9C9H5 	1
Q02747 	1
Q92563 	1
Q96AP7 	1
P14209 	1
Q96BF3 	1
P81160 	1
P17715 	1
P15226 	1
A0A2I8B346 	1
O02826 	1
P67861 	1
P22388 	1
Q76CE8 	1
Q41161 	1
Q6X4U4 	1
Q12396 	1
Q8VCS0 	1
Q0ZS87 	1
P39037 	1
P04557 	1
Q99969 	1
P78581 	1
B3STN7 	1
Q6E0U4 	1
Q18184 	1
O00206 	1
P80022 	1
Q6UWI4 	1
P02896 	1
P00724 	1
Q8I817 	1
Q8WZI8 	1
Q9UAD0 	1
Q61885 	1
Q7M3V1 	1
Q6UW32 	1
P81828 	1
P49125 	1
P02462 	1
Q7Z5A7 	1
P11021 	1
Q55U20 	1
P13385 	1
P16882 	1
Q96HE7 	1
Q8WML4 	1
P25116 	1
P00996 	1
P05790 	1
Q8NBM8 	1
Q96FE7 	1
Q2U4L7 	1
Q96S96 	1
Q8N126 	1
O42807 	1
P97710 	1
Q9BXJ3 	1
P23502 	1
P35578 	1
Q8NBN3 	1
P28798 	1
H6U1I8 	1
O95715 	1
O55232 	1
O14412 	1
Q62598 	1
A0A1L6K371 	1
C7G3K3 	1
Q6UWK7 	1
Q9H6E4 	1
P30659 	1
P27797 	1
P01165 	1
Q9TY95 	1
A1X159 	1
P80109 	1
P02780 	1
P24821 	1
P23438 	1
Q08380 	1
P56722 	1
Q9ZT66 	1
Q6UWI2 	1
Q61508 	1
Q71DJ5 	1
P07457 	1
Q29422 	1
Q64HC7 	1
Q27270 	1
Q03405 	1
P05059 	1
Q15762 	1
Q01151 	1
Q5BGU9 	1
P0DQC1 	1
P31025 	1
O64392 	1
P14625 	1
Q24824 	1
P19035 	1
P55955 	1
Q8WQK0 	1
P08514 	1
Q9NBW4 	1
Q8T0W8 	1
Q16568 	1
P0C8G7 	1
P81702 	1
C5P3X6 	1
G5EC68 	1
P28906 	1
P04937 	1
Q9XYT4 	1
Q8TD06 	1
Q5KQS4 	1
P15196 	1
Q09117 	1
Q8AYA2 	1
Q40975 	1
P22362 	1
P01269 	1
P82358 	1
P22327 	1
P08796 	1
Q14802 	1
Q05443 	1
Q8TDQ1 	1
Q99MA2 	1
Q00870 	1
Q62813 	1
Q99ML8 	1
O97939 	1
B8JLQ9 	1
Q9UAH3 	1
P49256 	1
Q8NBK3 	1
Q59Y31 	1
P30101 	1
Q9NZ53 	1
Q43871 	1
Q86Y78 	1
P42264 	1
P25311 	1
Q25055 	1
Q13145 	1
Q75WF2 	1
P01833 	1
Q9YH85 	1
P20062 	1
F7J1C8 	1
P38851 	0
Q08215 	0
Q8VYD2 	0
Q3E747 	0
P38779 	0
Q9H6E5 	0
Q7RXU7 	0
Q8WVY7 	0
Q8TF63 	0
Q06213 	0
Q96CM3 	0
D0EL35 	0
O81836 	0
P10627 	0
Q8BQP9 	0
Q92878 	0
P22058 	0
Q7Z614 	0
P36162 	0
Q9LES2 	0
Q90578 	0
P38242 	0
P14907 	0
Q04279 	0
Q0WP44 	0
O60729 	0
Q86W42 	0
Q9Y6M1 	0
P04637 	0
Q3LHL9 	0
O13853 	0
F4J8G7 	0
A2VEY9 	0
Q0E7J7 	0
Q2TAK8 	0
Q8LGU6 	0
P20484 	0
Q40477 	0
P39689 	0
A0A1D8PRB7 	0
P12853 	0
Q8SXD4 	0
P46970 	0
Q57X81 	0
O00841 	0
Q06164 	0
Q9HEV5 	0
Q01080 	0
Q9DC70 	0
Q9USM3 	0
Q05728 	0
Q9USW5 	0
O94308 	0
P70120 	0
Q12166 	0
P33418 	0
O35465 	0
P48237 	0
A0A1P8BH03 	0
Q9LSD0 	0
Q6P6C2 	0
P07246 	0
Q9UBQ5 	0
P35192 	0
Q9VV73 	0
Q10154 	0
P00432 	0
Q12068 	0
Q12158 	0
O94450 	0
Q9UID6 	0
Q6I621 	0
Q9ZPX5 	0
Q96MF7 	0
Q8R515 	0
P12354 	0
P36114 	0
Q10341 	0
A0A2I0BUK1 	0
P53264 	0
Q9UHV7 	0
C9JLW8 	0
Q8R526 	0
Q01329 	0
P34225 	0
E1BUG7 	0
Q9Z0X1 	0
Q9BV86 	0
A0A075TXZ8 	0
P47821 	0
P08067 	0
Q9LES4 	0
P53297 	0
Q9UHV9 	0
Q9P7P1 	0
Q8W593 	0
O13702 	0
O42848 	0
P18480 	0
Q15562 	0
Q05937 	0
Q9JIB0 	0
O21619 	0
Q8TAM2 	0
Q03214 	0
Q24134 	0
Q9SRY4 	0
Q12084 	0
P28648 	0
Q8CEG0 	0
Q8WUM0 	0
O54957 	0
Q6NZY4 	0
Q7SBR3 	0
P60484 	0
Q04177 	0
Q24322 	0
Q33DK1 	0
Q8GXN9 	0
Q04002 	0
P82137 	0
P53955 	0
Q06339 	0
P00403 	0
O60097 	0
Q04728 	0
Q6PG16 	0
Q14164 	0
Q9H7D7 	0
B6VQ60 	0
Q9CZP5 	0
Q800K6 	0
L0R8F8 	0
Q9M5P2 	0
O43813 	0
D2K8N5 	0
P29590 	0
Q9FMZ0 	0
P46778 	0
P53903 	0
Q9LSB9 	0
P0DYC2 	0
P53114 	0
Q9QZQ8 	0
Q9ER99 	0
Q9BVJ7 	0
Q7S6M9 	0
Q8IWZ6 	0
P34111 	0
Q3ZC04 	0
Q04231 	0
Q1ZXU0 	0
I3PB37 	0
Q06554 	0
O75324 	0
O94326 	0
Q86B87 	0
F4IAT8 	0
P00107 	0
Q9UQ80 	0
Q5PP51 	0
O13834 	0
O14291 	0
Q12246 	0
P29374 	0
P38988 	0
Q9LTB0 	0
Q63430 	0
P57680 	0
Q70Z53 	0
P40033 	0
O14079 	0
Q12457 	0
Q7XA66 	0
Q9USU3 	0
P25638 	0
Q9C7S0 	0
G5EGD2 	0
Q9SIV5 	0
Q7Z6G3 	0
F2Z699 	0
P21359 	0
P53193 	0
Q9UDW3 	0
P38879 	0
Q96S44 	0
Q92262 	0
Q9BSW2 	0
A2A5K6 	0
P38848 	0
Q1RNF8 	0
Q08961 	0
E9PRG8 	0
Q9Y4U1 	0
Q00922 	0
Q9BPW8 	0
Q38834 	0
Q8BH07 	0
Q9UDX5 	0
Q8N3J2 	0
Q969K3 	0
Q8GYH7 	0
Q8L7E9 	0
Q96TL7 	0
Q8IY22 	0
Q8NHU3 	0
O23661 	0
P53187 	0
Q5GH67 	0
Q9VV87 	0
P82669 	0
Q8N2Y8 	0
Q08235 	0
Q9SRT0 	0
Q9NTJ3 	0
Q5U5X0 	0
Q9P7S7 	0
P29144 	0
Q9H5U6 	0
Q337M4 	0
Q0WQ41 	0
O08759 	0
Q9V4Z9 	0
Q6SKR2 	0
P40566 	0
Q9BTF0 	0
Q14511 	0
Q8TBZ0 	0
Q8IS98 	0
Q75WF1 	0
Q8WXD5 	0
Q8RWX4 	0
P25642 	0
Q2YDI5 	0
Q923Q2 	0
Q8SX83 	0
Q9VD44 	0
Q12343 	0
O70405 	0
Q949P2 	0
Q08422 	0
B2RZD2 	0
O94614 	0
Q8TCY9 	0
Q96F07 	0
Q11184 	0
Q0WQG8 	0
Q6NKS4 	0
A2ARP9 	0
Q99NI4 	0
Q8WZ42 	0
Q94K75 	0
Q94AX2 	0
P07390 	0
Q8MLV1 	0
Q8LEG1 	0
Q22197 	0
P53170 	0
Q9P305 	0
Q9XF23 	0
O14503 	0
P63006 	0
S0DHV6 	0
Q5Z807 	0
P20134 	0
Q9D219 	0
P40069 	0
Q9NYG5 	0
Q9XIA7 	0
Q8WV28 	0
P54861 	0
Q9Y3V2 	0
A0A078CGE6 	0
P48412 	0
P82670 	0
Q3U284 	0
O74433 	0
Q674X7 	0
P05109 	0
A0A1D8PN96 	0
Q8RWV3 	0
Q06032 	0
H3K2Y6 	0
Q9UH77 	0
P18911 	0
P33308 	0
P17256 	0
P48231 	0
Q8N371 	0
P56192 	0
F4J284 	0
Q22707 	0
Q10430 	0
B4FUP5 	0
Q14451 	0
Q03776 	0
Q1MTN9 	0
A0A3S7X906 	0
O22920 	0
Q12102 	0
Q498E2 	0
O23193 	0
Q56NI9 	0
Q9VAH9 	0
P32342 	0
Q8IHY1 	0
P49756 	0
Q8BG79 	0
F1QN48 	0
O55102 	0
Q08182 	0
Q7XYY2 	0
Q4PSK3 	0
Q94545 	0
Q8N9R8 	0
Q38893 	0
P30419 	0
Q969Y2 	0
F4JGZ1 	0
P49815 	0
P33751 	0
P58418 	0
Q22355 	0
O70200 	0
P97868 	0
Q9SCJ9 	0
Q9Y512 	0
Q9LXF3 	0
P27793 	0
Q84T94 	0
Q94234 	0
Q9SJH0 	0
F4KHI3 	0
Q9UT48 	0
Q9USX8 	0
Q9FN69 	0
Q6UN15 	0
Q08558 	0
Q8R2Y0 	0
Q86UA6 	0
Q9UUG2 	0
Q06604 	0
P53692 	0
P53317 	0
P49720 	0
Q7SB95 	0
A0A0S2UWC9 	0
P34241 	0
Q9FE22 	0
P18410 	0
P46972 	0
Q9Y2V0 	0
Q9VCX1 	0
Q9BUK6 	0
Q99MQ3 	0
Q6UWU4 	0
Q9NRP7 	0
Q9NYV7 	0
P86044 	0
Q9UTG8 	0
P40055 	0
Q8L983 	0
Q95ZL9 	0
Q9VC61 	0
P21620 	0
P42945 	0
Q8K1N1 	0
P35790 	0
Q93VT9 	0
Q9P275 	0
A0A386CAB9 	0
P16554 	0
Q9JLI6 	0
P23611 	0
Q7Z6K1 	0
Q7S300 	0
Q07938 	0
Q5ND34 	0
P42338 	0
O94740 	0
Q9USU8 	0
P25443 	0
P55039 	0
O74462 	0
Q9VWN4 	0
P46060 	0
Q8GYD9 	0
Q96DZ5 	0
C0HLU2 	0
P51808 	0
F4JHA2 	0
Q53H82 	0
Q8LAC4 	0
Q06616 	0
Q9H3J6 	0
Q9WU70 	0
Q8S9K3 	0
Q8T053 	0
Q8I397 	0
Q08831 	0
Q9BSV6 	0
Q3TLD5 	0
Q6IQ49 	0
Q9M670 	0
Q8NFT6 	0
Q9S814 	0
Q8RWN0 	0
Q5RI15 	0
Q9US14 	0
Q9ESJ1 	0
Q8NDZ2 	0
Q9Y4Z0 	0
P30561 	0
Q24246 	0
O43716 	0
Q9FEC1 	0
P40237 	0
O77512 	0
Q9QXY4 	0
Q24562 	0
Q8VC49 	0
Q3UIU2 	0
P33895 	0
Q96MT3 	0
P33400 	0
P42677 	0
O60779 	0
P62875 	0
Q8RXA7 	0
Q9P013 	0
Q7Z5K2 	0
Q9M4B5 	0
Q9P6M0 	0
P21145 	0
E3VNM4 	0
Q7Z412 	0
Q9ZSZ8 	0
P53102 	0
Q8IRH5 	0
P39946 	0
Q6Z2G7 	0
Q6KCD5 	0
Q7SA90 	0
Q9NRR8 	0
P53941 	0
Q38998 	0
Q9HB07 	0
P56277 	0
Q10F03 	0
Q94126 	0
Q9BT17 	0
Q94ID2 	0
P83211 	0
O95071 	0
Q96529 	0
Q9FFD8 	0
Q9M022 	0
Q86BY9 	0
Q9UT46 	0
Q9P1Z3 	0
Q10665 	0
P17629 	0
E9AGH7 	0
Q9VGH1 	0
O23403 	0
Q921G6 	0
O14681 	0
P21245 	0
Q9HE07 	0
O95630 	0
Q810M5 	0
Q9XIK0 	0
P78527 	0
Q9HFE6 	0
Q3UHU5 	0
Q03385 	0
P22893 	0
P34087 	0
Q61234 	0
Q99NF1 	0
A9LNK9 	0
Q8BTW8 	0
Q6PDY0 	0
O94225 	0
Q9LZA6 	0
Q6ZVD7 	0
Q6P9B9 	0
A7UWX2 	0
Q5QJE6 	0
Q32P44 	0
O08650 	0
Q12393 	0
Q96RK1 	0
Q57ZI5 	0
Q9P2D8 	0
Q9CR51 	0
Q04964 	0
Q24400 	0
P19824 	0
Q9P7M3 	0
P80217 	0
C8KI33 	0
Q9CQQ7 	0
Q96QE5 	0
F4IF36 	0
Q8NEZ4 	0
Q96JZ2 	0
J9VI03 	0
P34162 	0
Q8WZ33 	0
O60504 	0
P53309 	0
P49334 	0
Q9H0F5 	0
O74879 	0
Q9C5H9 	0
Q8L8Z1 	0
P57678 	0
P33201 	0
Q9UTA6 	0
Q9NSN8 	0
Q8R000 	0
Q9Y3E5 	0
Q8WXX7 	0
O74791 	0
P32874 	0
Q9QZM5 	0
P02489 	0
Q9LS08 	0
Q21773 	0
P53369 	0
O13998 	0
Q9UFC0 	0
P63220 	0
H0YL14 	0
Q8BMB0 	0
Q24119 	0
Q9ZT96 	0
Q9UBP6 	0
Q01532 	0
P53289 	0
Q96EL1 	0
D3YXK1 	0
P53921 	0
Q6NZF1 	0
Q8BJA3 	0
Q7XR83 	0
P33412 	0
J9VIL4 	0
Q0WNP3 	0
Q8VZS6 	0
Q9H6U6 	0
Q587J8 	0
P30048 	0
Q8CGU4 	0
P34078 	0
O15524 	0
F4JYC8 	0
P35194 	0
Q9VY78 	0
G5ECG2 	0
Q9UBC1 	0
Q9WTV0 	0
P32344 	0
Q9H1E3 	0
Q9H2G9 	0
Q9CQ75 	0
O75689 	0
Q54BW5 	0
Q9H9E3 	0
P38751 	0
Q18909 	0
Q06563 	0
P06841 	0
Q13573 	0
Q6ZY51 	0
Q02206 	0
Q12199 	0
Q9H582 	0
O60016 	0
Q8CDY7 	0
D4A7U2 	0
P82194 	0
P52655 	0
Q8WV22 	0
Q07362 	0
P41002 	0
Q9H5J8 	0
Q9CAF5 	0
Q9H063 	0
Q9WVS6 	0
Q8NFQ8 	0
P35639 	0
P70460 	0
Q12504 	0
Q05024 	0
P21827 	0
O23680 	0
Q9VKJ3 	0
Q1W209 	0
Q9Y7Q7 	0
Q07800 	0
Q1K730 	0
Q9UT18 	0
O94708 	0
Q8TD16 	0
Q12283 	0
Q08553 	0
Q9VJL6 	0
D6VTK4 	0
P06813 	0
O04479 	0
Q9UJU6 	0
Q08417 	0
P32103 	0
Q03750 	0
Q9FFA7 	0
Q9W2H9 	0
P19955 	0
Q5XVF0 	0
P17353 	0
Q07053 	0
Q9Y2I9 	0
Q04073 	0
Q8NFH4 	0
P46681 	0
Q9FGX1 	0
P87112 	0
P38969 	0
Q91W39 	0
Q6ZPR5 	0
Q16637 	0
Q9UTC0 	0
Q8I299 	0
Q23590 	0
P21357 	0
Q8S9G8 	0
A0A5B9G902 	0
Q9H790 	0
Q01664 	0
P53969 	0
Q8IP99 	0
Q5AFI4 	0
P36069 	0
Q6K9U2 	0
P40028 	0
P14868 	0
P0CT67 	0
Q9DB96 	0
P12624 	0
Q9DBD5 	0
P70278 	0
W7MAT5 	0
Q9SFB0 	0
P82924 	0
P08011 	0
Q96FF9 	0
Q96LW4 	0
O23342 	0
Q80SY4 	0
O74904 	0
O14880 	0
O95751 	0
F4IUY8 	0
P40024 	0
Q9VAB8 	0
P42841 	0
Q96JM7 	0
Q810F1 	0
O15304 	0
Q9SS48 	0
Q21952 	0
Q9C0U3 	0
Q8W3L1 	0
P19736 	0
Q9VFX3 	0
Q9HBM0 	0
P57743 	0
Q961D9 	0
Q43715 	0
Q9H4B6 	0
Q9UJQ4 	0
Q9CPY0 	0
Q9UH65 	0
O02219 	0
Q06623 	0
Q9Y241 	0
P0CU09 	0
Q14642 	0
Q08926 	0
P42073 	0
Q8VZL6 	0
O43543 	0
O43031 	0
P32245 	0
Q969X0 	0
C8VP82 	0
P48771 	0
Q969P5 	0
P83510 	0
P29083 	0
Q2MH31 	0
Q5XIQ3 	0
Q9Y6W5 	0
Q9Y7U4 	0
O73622 	0
Q99643 	0
Q12774 	0
P38265 	0
Q5M775 	0
Q08923 	0
Q9NTM9 	0
Q96I59 	0
P62847 	0
Q2VLK6 	0
Q7S4E7 	0
P38081 	0
O43913 	0
O43819 	0
Q12321 	0
Q03799 	0
P56383 	0
Q9Y2D8 	0
Q54QQ1 	0
Q9BRT2 	0
Q8L748 	0
O14114 	0
F4HRV8 	0
Q9FZ89 	0
Q8H1U5 	0
Q8TEC5 	0
P40037 	0
Q06106 	0
Q8IYL3 	0
Q12884 	0
Q8GYU3 	0
Q86XE0 	0
Q9W252 	0
Q9D3F7 	0
P36528 	0
Q9GZS3 	0
A0A075TRC0 	0
Q8NFG4 	0
Q56P03 	0
Q8N4T4 	0
P33307 	0
Q9XIP2 	0
Q03798 	0
Q6NZQ4 	0
Q9M3K7 	0
Q7FZF1 	0
Q9NYK5 	0
Q5VZI3 	0
O95989 	0
P46938 	0
O13563 	0
P11181 	0
Q9UU91 	0
F4JZG9 	0
Q8TDM6 	0
P61604 	0
Q9JI13 	0
Q8BVN4 	0
Q86WV5 	0
O42913 	0
Q9UI40 	0
Q8C854 	0
Q9LS24 	0
Q9H871 	0
A0A0P0WQ90 	0
Q20977 	0
Q9DA19 	0
Q9BZF1 	0
Q8TD31 	0
P24642 	0
Q96KQ7 	0
P18074 	0
P25038 	0
Q96D96 	0
O77932 	0
Q9NXV6 	0
Q5DT39 	0
Q9P0S2 	0
Q9NYX4 	0
Q9Y2D9 	0
Q8NF50 	0
Q94A68 	0
Q6Y5D8 	0
P29461 	0
P25420 	0
Q94B35 	0
Q8WY64 	0
O08901 	0
Q8L960 	0
D4AEP3 	0
Q9NX58 	0
P53909 	0
Q24174 	0
O13339 	0
Q96B42 	0
Q5W7F1 	0
A0A1D6IEG9 	0
Q3V0Q6 	0
Q9CAC5 	0
Q12339 	0
Q08949 	0
A0A075TRA9 	0
Q8LDS4 	0
Q9LIQ6 	0
P43606 	0
P37263 	0
P46951 	0
F4JXF1 	0
Q02354 	0
O95059 	0
A6H8H2 	0
Q5MIZ7 	0
Q9NR90 	0
P21691 	0
Q9BV90 	0
Q86VP6 	0
O14277 	0
Q8L3X9 	0
Q6WN19 	0
Q20497 	0
Q12510 	0
P40473 	0
K9NVA6 	0
Q8NEY3 	0
P59382 	0
Q39056 	0
Q09838 	0
P06454 	0
Q99653 	0
G5EGF8 	0
Q8WV93 	0
Q38845 	0
O49290 	0
O43829 	0
Q96P67 	0
P53082 	0
Q03898 	0
Q9VEN1 	0
Q9FN48 	0
Q86MA2 	0
Q9EQJ4 	0
Q00597 	0
Q2V3L3 	0
Q09761 	0
Q8VY74 	0
Q9LVA9 	0
Q03790 	0
Q09847 	0
Q03834 	0
Q8NDD1 	0
Q96B26 	0
Q6DWJ6 	0
Q9UUM2 	0
Q9NVI7 	0
Q99PD6 	0
P14908 	0
O44476 	0
Q9P7B7 	0
O35678 	0
Q9URQ3 	0
Q5PRF9 	0
Q00202 	0
Q9ZVZ9 	0
P32336 	0
P34447 	0
Q9FK13 	0
Q9H147 	0
Q9R1T5 	0
Q8LBP4 	0
Q9P7P2 	0
P45432 	0
Q80ZI1 	0
P0CT73 	0
Q9URV9 	0
P0DI81 	0
Q15652 	0
Q6R3K9 	0
Q10223 	0
Q9Y3C5 	0
P54657 	0
Q94AQ8 	0
Q9XI19 	0
P40368 	0
Q39709 	0
Q21738 	0
Q9FVV7 	0
Q9MYT8 	0
Q6PI48 	0
A1YKT1 	0
Q5EBL4 	0
Q96B49 	0
P49789 	0
O13710 	0
Q8NB16 	0
Q9EPB4 	0
Q9Y7Z5 	0
Q9FYS5 	0
Q3EBC8 	0
Q9M591 	0
Q03761 	0
Q8WYA6 	0
P38937 	0
P51998 	0
Q9S7Z2 	0
Q92733 	0
Q45FA5 	0
A0A1D9BZF0 	0
Q8VHT6 	0
P28288 	0
Q9CQT6 	0
O81208 	0
P49021 	0
P05066 	0
Q9EP97 	0
Q9FME4 	0
Q08991 	0
Q5T6F0 	0
Q9W4X9 	0
Q06679 	0
Q9LDD5 	0
P53944 	0
Q39002 	0
P12956 	0
Q9STX3 	0
O42998 	0
Q6UL01 	0
Q9BUH6 	0
P38257 	0
P34227 	0
P06367 	0
Q96QP1 	0
Q9NQC7 	0
P07195 	0
Q9NZH6 	0
Q8WY91 	0
Q70EL3 	0
Q9UK99 	0
Q558Z2 	0
Q91VX9 	0
O14275 	0
Q1XG89 	0
F4IMQ0 	0
A0A5E4M3Q4 	0
Q9SLD2 	0
Q9SLJ2 	0
Q56X52 	0
O75508 	0
Q9NPJ1 	0
P23193 	0
P41348 	0
Q8WXW3 	0
Q3UUF8 	0
Q4GZF6 	0
Q9M1E7 	0
P53846 	0
Q8TBZ3 	0
O82230 	0
P58334 	0
Q9ULR3 	0
A0A1D5PRR9 	0
Q9Y287 	0
Q8NCG7 	0
Q75WB5 	0
Q9CQR4 	0
Q13428 	0
P26449 	0
Q504Q3 	0
Q8LBM2 	0
Q1MTR2 	0
Q03973 	0
P09108 	0
Q08931 	0
Q08959 	0
P0CY11 	0
P47140 	0
Q497V6 	0
Q9QYH6 	0
Q9NX55 	0
Q09260 	0
Q9FJF4 	0
P17214 	0
Q9DCJ5 	0
Q03373 	0
Q01981 	0
Q7T0L4 	0
O95721 	0
P25040 	0
P27707 	0
Q9C8R8 	0
Q96PP9 	0
Q5GH62 	0
Q80YF9 	0
Q811H0 	0
Q500V5 	0
P42844 	0
P38838 	0
Q95QZ9 	0
A0A0D1CRD0 	0
Q8NI35 	0
Q8IYM2 	0
Q944Q0 	0
Q20591 	0
Q7YQK4 	0
P50440 	0
Q9SQI3 	0
Q8BGD8 	0
Q9UHX1 	0
Q06109 	0
O93956 	0
O75529 	0
Q6ZMZ3 	0
P49017 	0
H9A1V3 	0
O35394 	0
Q6A037 	0
P32380 	0
P30279 	0
Q5BJX1 	0
Q07395 	0
P0CY08 	0
Q07914 	0
Q8BG21 	0
P33447 	0
Q8CBX0 	0
O95571 	0
Q99MY0 	0
Q8GUL2 	0
P18581 	0
Q3E756 	0
Q6Q5X2 	0
Q9HB96 	0
Q9UTI4 	0
P40505 	0
Q8N6U8 	0
Q86VZ6 	0
P18296 	0
P41541 	0
Q9UNA4 	0
O42648 	0
Q96NT5 	0
O94617 	0
O75616 	0
P41958 	0
P47112 	0
O94468 	0
Q9VAM5 	0
Q9CQH3 	0
Q06338 	0
P57725 	0
P40565 	0
Q0JHU5 	0
Q5U5Q3 	0
Q8IXQ6 	0
A6NDU8 	0
Q9HB75 	0
Q9GZZ9 	0
O62090 	0
Q9HAC7 	0
Q7S910 	0
Q9UIL8 	0
P28776 	0
P36120 	0
P78963 	0
Q75NZ0 	0
Q8ND71 	0
O80832 	0
Q9FNC9 	0
Q9UU96 	0
O00287 	0
Q69ZQ1 	0
Q9S752 	0
Q9FFC7 	0
Q04175 	0
P17694 	0
Q9NUQ9 	0
O60832 	0
Q9Y252 	0
Q9ZW85 	0
O43663 	0
Q7XA07 	0
Q8H443 	0
Q91YI6 	0
Q9SID1 	0
O75506 	0
Q9WU79 	0
Q8WXU2 	0
Q61127 	0
F4JT76 	0
Q8WXG6 	0
P06180 	0
P46959 	0
Q06163 	0
P38777 	0
Q682U6 	0
P20477 	0
Q3TQ03 	0
Q9NVH2 	0
A1Z9P3 	0
P49443 	0
O14519 	0
Q9C7A2 	0
Q9VWW0 	0
A1A4Y4 	0
O08900 	0
Q8LPS2 	0
O75940 	0
Q03433 	0
P38291 	0
P87017 	0
P70610 	0
Q5T4T6 	0
Q42876 	0
P60896 	0
Q9HAZ2 	0
Q8VZE7 	0
Q5SXA9 	0
Q6L8Q7 	0
Q9CQX8 	0
P43565 	0
P07276 	0
P47002 	0
Q9LW29 	0
P07248 	0
A0A2R8Y7D0 	0
Q08365 	0
Q66HL2 	0
P42698 	0
Q9UM07 	0
Q03631 	0
Q641G7 	0
Q9BWF2 	0
P23542 	0
P22224 	0
O88466 	0
Q8RWE8 	0
P54920 	0
Q9C882 	0
Q05958 	0
Q9BT43 	0
P27815 	0
Q91YM2 	0
Q96MI9 	0
Q93WX6 	0
P70338 	0
Q6ZN28 	0
Q84LM4 	0
Q9FYB5 	0
Q5TAX3 	0
Q3UZ39 	0
Q03124 	0
Q9UJX4 	0
Q9LZP8 	0
Q06493 	0
Q9D1M4 	0
Q9NTZ6 	0
O95900 	0
Q25C79 	0
P47171 	0
P0DH90 	0
P29084 	0
Q9P0R6 	0
P53267 	0
Q20024 	0
Q6SZW1 	0
J3QMY9 	0
F4JHH5 	0
P31334 	0
P34567 	0
Q9Y3C4 	0
Q9BUU2 	0
Q4WW97 	0
Q8CGY6 	0
P32179 	0
O43396 	0
P28807 	0
Q9SNB7 	0
Q9JJK1 	0
O00555 	0
F4I2H7 	0
P54074 	0
Q9P6S5 	0
Q230X8 	0
Q7Z7G2 	0
P38351 	0
P25578 	0
P32843 	0
Q9LUJ3 	0
Q9BSF8 	0
Q10214 	0
Q5XVG3 	0
Q04603 	0
Q9SEL7 	0
Q99583 	0
Q03305 	0
Q9BTP7 	0
Q9C9T2 	0
Q920G9 	0
Q5XF07 	0
Q10222 	0
O13915 	0
O22130 	0
Q96PX9 	0
Q91YR5 	0
Q14166 	0
Q9P2Y4 	0
Q9BSH3 	0
Q99808 	0
Q9C5U1 	0
O94444 	0
P78917 	0
Q9BW72 	0
P39985 	0
P21228 	0
Q9BRQ5 	0
Q8CJ27 	0
Q9HAV4 	0
P69850 	0
P82673 	0
Q84MZ4 	0
Q12315 	0
Q504T8 	0
Q08444 	0
Q96301 	0
Q764M6 	0
P16521 	0
Q9VLP7 	0
A2A8T7 	0
Q6NVG5 	0
G5EFF5 	0
Q42588 	0
Q9P7M1 	0
Q6P1J9 	0
Q6L5B5 	0
Q96HW7 	0
Q9Y605 	0
Q9SSW0 	0
P33448 	0
Q07508 	0
A0A0U2UYC4 	0
Q9JM80 	0
Q9LNE8 	0
P38264 	0
Q7RXV8 	0
Q9LN09 	0
Q9LMR3 	0
Q9VAS7 	0
I6LAD1 	0
A0A1S4BDC4 	0
B8Y6I0 	0
Q9M9V9 	0
Q96JM3 	0
Q4WSD1 	0
P05230 	0
Q84JU6 	0
Q86SP6 	0
Q9BTU6 	0
O74796 	0
P08635 	0
Q93560 	0
Q9NY87 	0
P31414 	0
P40460 	0
Q04888 	0
Q09275 	0
Q59LY1 	0
Q94165 	0
Q9Y5W9 	0
Q9NP94 	0
Q8C6P8 	0
Q7SB98 	0
Q8VEE1 	0
Q42687 	0
Q10210 	0
Q96VH4 	0
P23230 	0
Q22037 	0
Q8W4L5 	0
Q9FGS4 	0
Q5BLX8 	0
Q9NS73 	0
A2RVJ8 	0
P87297 	0
Q15078 	0
Q8IZV2 	0
Q9H0E9 	0
Q99ML0 	0
O54982 	0
Q8W4I6 	0
P53112 	0
Q9VSA3 	0
Q21776 	0
Q96EA4 	0
Q8N9M5 	0
Q58DQ5 	0
A3R064 	0
Q9LSC4 	0
P39705 	0
Q11120 	0
Q9P0N8 	0
Q9NZI6 	0
P97376 	0
Q9NP98 	0
Q9W1C5 	0
Q66GT5 	0
O15068 	0
C0HLF1 	0
Q7SHB2 	0
Q07418 	0
O94580 	0
P49728 	0
P37727 	0
Q7TPF1 	0
Q3E823 	0
O13725 	0
P05085 	0
Q9D1E5 	0
Q6P7B7 	0
Q03468 	0
Q38HM4 	0
P53804 	0
O60094 	0
P40155 	0
P42840 	0
Q14203 	0
Q6PFD5 	0
P55197 	0
P19973 	0
P17535 	0
Q9NX47 	0
P40491 	0
Q9UMS0 	0
Q8BMA5 	0
Q9ES19 	0
Q9UTF7 	0
P40065 	0
Q9NUQ6 	0
Q9VBW9 	0
A4D126 	0
O94279 	0
P06526 	0
Q9VYD1 	0
Q6EKJ0 	0
P20143 	0
Q53S58 	0
Q5EAF2 	0
Q9NWV8 	0
Q86MV5 	0
P82658 	0
Q12223 	0
P92276 	0
Q32065 	0
Q13325 	0
P49769 	0
A0A1W2P872 	0
Q8N2C7 	0
P14284 	0
Q8IWV7 	0
Q9H902 	0
Q6ZV65 	0
Q5SRY7 	0
O65680 	0
Q8RWV8 	0
P63036 	0
Q13156 	0
Q96SY0 	0
Q9NWS8 	0
Q9FZK4 	0
Q06184 	0
G4SLH0 	0
O13978 	0
Q9P2N5 	0
Q10332 	0
Q5AK51 	0
Q8VWF1 	0
P47174 	0
Q8WWM7 	0
Q6PJT7 	0
P57080 	0
B1AZ99 	0
Q969L4 	0
Q80ZD3 	0
O59734 	0
Q04311 	0
Q9Y448 	0
Q9H3F6 	0
Q6K1E7 	0
F4I443 	0
Q9CX80 	0
P35269 	0
Q9LKX9 	0
Q9XVS8 	0
Q12291 	0
Q5AL36 	0
P37299 	0
Q93008 	0
G5EEG7 	0
O60174 	0
Q96EY5 	0
Q3U827 	0
Q9H832 	0
P53107 	0
Q9Y5Z9 	0
Q12259 	0
Q04613 	0
O15439 	0
Q86TW2 	0
Q96ST8 	0
P81900 	0
Q84VZ1 	0
Q96RQ1 	0
P54113 	0
Q9LMA8 	0
Q90ZN1 	0
P32504 	0
Q99PQ2 	0
Q9Y2I8 	0
Q12514 	0
O54724 	0
O70258 	0
Q5FWH3 	0
Q9FGW9 	0
O74386 	0
Q8BVG4 	0
P46062 	0
O13688 	0
P40057 	0
A7DTF0 	0
O75937 	0
P38222 	0
Q8K3Y3 	0
Q9LSQ5 	0
P24499 	0
P53188 	0
Q3UHA3 	0
P10849 	0
P23369 	0
Q67ZB6 	0
Q63638 	0
Q8IYR2 	0
Q42496 	0
Q1G3I2 	0
Q8R4T5 	0
Q9LEV3 	0
Q7KTX8 	0
Q9NZC9 	0
Q7JXF5 	0
Q09685 	0
P49662 	0
