P11150 	1
O70280 	1
Q96DU3 	1
O01949 	1
Q63415 	1
P0DPU8 	1
Q64385 	1
Q9GZX6 	1
Q9NYY1 	1
P21128 	1
Q96F46 	1
Q9PVW8 	1
P58912 	1
P04706 	1
Q9Y240 	1
P31608 	1
Q86T13 	1
Q9Y5U5 	1
P28319 	1
P04062 	1
P14384 	1
P01033 	1
P22864 	1
Q9MYV1 	1
P11215 	1
P0DPU7 	1
P83958 	1
Q8NC67 	1
G5ED35 	1
P27613 	1
P0CX77 	1
Q9UKY0 	1
P91745 	1
Q01638 	1
P08091 	1
P35053 	1
Q6WN34 	1
Q1HAY7 	1
P19324 	1
Q9UHF4 	1
Q5XM24 	1
P20757 	1
Q6RG02 	1
A0A2I6QB00 	1
P82143 	1
Q06K61 	1
P20068 	1
Q76FB0 	1
D3GDK4 	1
P33767 	1
Q10ST8 	1
Q9NRM6 	1
Q9VMD9 	1
P15261 	1
P34951 	1
E0D877 	1
P02702 	1
P67788 	1
P26842 	1
Q6ASY2 	1
P11654 	1
Q9TVX3 	1
P31420 	1
P91629 	1
Q9HBE5 	1
P10257 	1
Q62867 	1
Q8H8C7 	1
Q9N4D8 	1
P20333 	1
O14791 	1
Q27309 	1
P14448 	1
O62680 	1
P83472 	1
Q9GU69 	1
P53616 	1
P21828 	1
Q27967 	1
P32478 	1
Q15465 	1
P30438 	1
Q39688 	1
P81623 	1
Q556R7 	1
O54861 	1
P0DQB8 	1
O35310 	1
Q99519 	1
C0H9B6 	1
B4FZ87 	1
P25068 	1
P19069 	1
P18709 	1
O76537 	1
B0XT72 	1
P85261 	1
P43174 	1
Q94K85 	1
Q9H1M4 	1
P16112 	1
P00533 	1
P01364 	1
Q90ZY0 	1
Q12546 	1
P61312 	1
P20797 	1
Q39649 	1
P23389 	1
O61668 	1
P33577 	1
Q99935 	1
I6S7G5 	1
P81058 	1
P42579 	1
Q96HF1 	1
Q9JMI7 	1
P86798 	1
P69241 	1
P60153 	1
P02779 	1
P13917 	1
Q00802 	1
O14625 	1
Q25588 	1
P07204 	1
P86009 	1
Q02795 	1
P08069 	1
P07981 	1
Q7M4T0 	1
Q8N6C8 	1
Q8WPJ2 	1
A6XMY0 	1
P01068 	1
P0DUS5 	1
Q13231 	1
P10562 	1
P0C8G6 	1
Q16552 	1
P10493 	1
P83869 	1
Q7Z5L0 	1
Q08334 	1
P01139 	1
Q10NX8 	1
Q8T0Y7 	1
Q94733 	1
P05067 	1
P42660 	1
Q06KA5 	1
Q7SZI7 	1
P00651 	1
Q8T1G4 	1
Q86IV5 	1
P54803 	1
Q55GS3 	1
P11438 	1
P56829 	1
Q9U943 	1
P0DUT6 	1
Q968Z6 	1
P45590 	1
A0A0D1DWQ2 	1
P13671 	1
P00760 	1
P02809 	1
O75462 	1
P50895 	1
Q6QD51 	1
P0DKU2 	1
P32803 	1
Q875I9 	1
Q9NRC9 	1
Q7KRU8 	1
P21570 	1
O75711 	1
Q3UN54 	1
P43307 	1
Q96KN2 	1
Q8JFY4 	1
Q14773 	1
O43291 	1
P40967 	1
Q8NAC3 	1
Q5FWE3 	1
P80513 	1
P04196 	1
Q84ZX5 	1
Q95NJ8 	1
Q9NZV1 	1
P55057 	1
B0FHH8 	1
P08603 	1
P09470 	1
P24807 	1
P0CS93 	1
Q13445 	1
P53366 	1
P16382 	1
P11590 	1
P18181 	1
P04844 	1
Q13007 	1
Q86YL7 	1
Q6XE38 	1
O95633 	1
Q14210 	1
Q27908 	1
Q02126 	1
Q9NQ34 	1
P18684 	1
Q00657 	1
Q9R1T7 	1
P21814 	1
Q09140 	1
P23577 	1
P21581 	1
P15247 	1
Q8BPM6 	1
Q9VG55 	1
Q96BY9 	1
P0C8E7 	1
Q8RUW5 	1
P34115 	1
Q15582 	1
P79073 	1
K9N4Q4 	1
Q4W1I9 	1
P01070 	1
Q42656 	1
P02743 	1
G4V4F9 	1
O35806 	1
Q95P90 	1
P17690 	1
P13204 	1
P55899 	1
P0C8E8 	1
A0A0F7YYX3 	1
O95813 	1
Q653V7 	1
P01888 	1
D7UQ40 	1
O14773 	1
P20462 	1
P56201 	1
Q9BZW8 	1
Q9Y4X3 	1
P05560 	1
P55058 	1
Q09131 	1
Q5MJP5 	1
P17164 	1
P80370 	1
Q9BX59 	1
P20656 	1
M1MR49 	1
P14555 	1
P26780 	1
P23515 	1
Q25255 	1
P10968 	1
Q07092 	1
P07359 	1
P02760 	1
P61916 	1
Q9UBP4 	1
O59896 	1
Q9P0V8 	1
P0C1X6 	1
P24817 	1
O43852 	1
B3STN5 	1
P16636 	1
Q8GT41 	1
Q4V4I9 	1
Q6IWZ0 	1
Q9JI59 	1
P27654 	1
Q96DR8 	1
C0HLA0 	1
Q6UWV2 	1
Q9UK23 	1
P10124 	1
P18761 	1
Q9BWV1 	1
P28825 	1
P55203 	1
P80686 	1
Q8L5J1 	1
P08833 	1
Q10E50 	1
P09586 	1
Q0P569 	1
P05164 	1
Q27085 	1
P23631 	1
Q589G4 	1
B9A8D7 	1
P29026 	1
P01579 	1
Q3C258 	1
P31836 	1
P0DPV0 	1
Q9TT95 	1
P98066 	1
A1XCI9 	1
F1N5C8 	1
P18892 	1
Q8TC27 	1
Q6GU94 	1
P54900 	1
Q01460 	1
Q9UIK5 	1
P07439 	1
Q9ZT64 	1
Q9NTU7 	1
Q9NR61 	1
Q5UCC4 	1
P07712 	1
P42098 	1
Q59XX2 	1
A0A1S3PBB7 	1
Q86Y34 	1
P56202 	1
Q8I7X1 	1
P02701 	1
Q07654 	1
Q9GQV7 	1
P51654 	1
Q5B428 	1
B1P0S1 	1
Q6UWL6 	1
Q9Y2E5 	1
Q5PP12 	1
Q7Z0T3 	1
Q27972 	1
Q84UV8 	1
Q9NR16 	1
Q969J5 	1
P81054 	1
Q99944 	1
P45561 	1
Q17058 	1
Q4WZ11 	1
Q9GL30 	1
P0DL40 	1
Q8S2W4 	1
P07994 	1
G4ZHR2 	1
Q42502 	1
O18330 	1
Q9U572 	1
Q9BX93 	1
Q8J0D2 	1
P28335 	1
Q96LA5 	1
Q92154 	1
Q76FP5 	1
P80961 	1
P07727 	1
Q05091 	1
P47178 	1
O08795 	1
P29459 	1
Q01528 	1
Q95JC9 	1
P02763 	1
Q05359 	1
P19425 	1
P01027 	1
P81264 	1
Q8NK90 	1
Q8SXL2 	1
P02466 	1
P26010 	1
P00719 	1
A9UGV5 	1
Q8N441 	1
P20013 	1
A1IKL2 	1
P15309 	1
O95711 	1
Q92643 	1
Q15768 	1
P0DSJ6 	1
P12729 	1
P67876 	1
P15516 	1
P19667 	1
P13691 	1
Q99013 	1
Q8N766 	1
Q20224 	1
Q86WA6 	1
P83234 	1
F1AWB0 	1
Q8C1Q4 	1
P24052 	1
Q00017 	1
Q6UX46 	1
Q8NBJ9 	1
Q9NPF0 	1
Q9H7M9 	1
P06865 	1
O00092 	1
P21837 	1
L8BRS3 	1
Q6UX52 	1
P32004 	1
Q90WJ9 	1
Q9UBN6 	1
P04639 	1
Q9BZR6 	1
Q8BSU2 	1
C0HKM3 	1
Q8JFQ0 	1
P42578 	1
Q969N2 	1
P09619 	1
P38660 	1
Q8T113 	1
P01538 	1
P51868 	1
P13598 	1
Q95NK7 	1
O18998 	1
O60931 	1
P19438 	1
P33559 	1
P01221 	1
Q6UW56 	1
Q9NPR2 	1
Q8NBI3 	1
P10820 	1
Q13421 	1
Q9UVI4 	1
Q26994 	1
Q28143 	1
Q52085 	1
P13611 	1
Q7M418 	1
P09341 	1
O14786 	1
P0DUS6 	1
Q01129 	1
P22301 	1
P81511 	1
Q02862 	1
P18428 	1
Q9Y251 	1
P17948 	1
Q9SLP4 	1
B2NHN2 	1
Q5B833 	1
Q63191 	1
Q9NSA1 	1
P52798 	1
P86929 	1
A0A482A9N4 	1
P09486 	1
Q90W22 	1
Q2ULM2 	1
F2QXM5 	1
O76942 	1
P04217 	1
Q9V496 	1
Q9P246 	1
P52823 	1
I6S390 	1
C0HL38 	1
Q9SUQ8 	1
P05117 	1
P15018 	1
P43077 	1
Q9Y6C2 	1
P01189 	1
P16144 	1
P12273 	1
P32802 	1
P33487 	1
Q9ES58 	1
P16235 	1
P62520 	1
P93484 	1
Q6T6C2 	1
O13547 	1
P07141 	1
P0DPU9 	1
P83313 	1
B0CPC6 	1
P06911 	1
A0A5C2A2T2 	1
Q13162 	1
F1NSM7 	1
P0DMD3 	1
Q7Z1K3 	1
P14630 	1
P31419 	1
P79208 	1
Q9NJ98 	1
Q05928 	1
O62605 	1
Q08481 	1
Q02596 	1
Q9NQ25 	1
P02814 	1
Q9Y5Q6 	1
Q91055 	1
Q07081 	1
Q9BZM5 	1
P13725 	1
P26732 	1
Q91XZ4 	1
P0C1B3 	1
Q9GSA4 	1
Q8MVA6 	1
P23142 	1
G3MYZ3 	1
P58154 	1
Q43413 	1
P08541 	1
Q8WUJ3 	1
P15270 	1
P42705 	1
Q6UXB2 	1
P25236 	1
Q06K77 	1
A0A8T9EMC0 	1
P27275 	1
P48307 	1
P02810 	1
Q868Z9 	1
P02649 	1
P09479 	1
P01131 	1
Q01965 	1
Q9Z1K9 	1
P02652 	1
P30440 	1
P24792 	1
Q8MJV4 	1
Q63617 	1
Q5EPH2 	1
Q5D710 	1
F1RRV3 	1
P32358 	1
A4LAR6 	1
Q969Z4 	1
Q7Q7R8 	1
P12318 	1
P0DUQ6 	1
P81383 	1
W1I921 	1
P0DPU3 	1
P35777 	1
O93233 	1
O95866 	1
P17301 	1
O76192 	1
P01500 	1
P10163 	1
P02783 	1
P48842 	1
P10040 	1
P01909 	1
P02774 	1
O60844 	1
Q9GZZ8 	1
P60042 	1
P27919 	1
P86407 	1
Q9UKZ9 	1
P21956 	1
P04275 	1
Q50KB1 	1
P80748 	1
Q9Z0K8 	1
P79263 	1
Q9LJD9 	1
Q6DWK3 	1
Q8MI35 	1
O43278 	1
P30986 	1
Q9VH14 	1
O95157 	1
E0X9F6 	1
Q9HB40 	1
Q9H293 	1
P42292 	1
P01920 	1
Q8MMH0 	1
P18510 	1
Q6UW88 	1
Q5ZPR3 	1
Q96PL1 	1
Q28989 	1
Q8NBL1 	1
Q05895 	1
P54837 	1
Q4V645 	1
O02380 	1
Q6UWJ8 	1
P20740 	1
P15289 	1
Q9NPG1 	1
O64411 	1
Q76CA2 	1
P30919 	1
O48818 	1
P14217 	1
P54660 	1
Q29W25 	1
P14925 	1
Q9BXJ7 	1
P17697 	1
P19320 	1
P05113 	1
P38574 	1
P08505 	1
P14946 	1
P84688 	1
A0A023W145 	1
Q969H8 	1
P83508 	1
P19594 	1
P28039 	1
A0A7M6UMR7 	1
Q99467 	1
P26203 	1
Q07558 	1
P01591 	1
G9M8X1 	1
P04552 	1
A0A1S6EK92 	1
P07507 	1
P19034 	1
P86872 	1
O88917 	1
A5HAK0 	1
P21978 	1
Q5GQ85 	1
Q8X150 	1
E0XKJ9 	1
P28770 	1
D4A540 	1
P0DUS7 	1
P36980 	1
P80188 	1
P16150 	1
Q60GF7 	1
P11717 	1
Q8NI17 	1
P18417 	1
Q8I948 	1
P00687 	1
P15570 	1
Q9VA83 	1
Q29381 	1
P82187 	1
O46432 	1
Q03383 	1
P82103 	1
P14214 	1
Q16927 	1
P01297 	1
Q9M373 	1
Q28173 	1
Q6UXD5 	1
Q28862 	1
Q8MUP7 	1
Q95121 	1
P09791 	1
P04119 	1
Q13651 	1
P01038 	1
Q02809 	1
P00450 	1
P55083 	1
P20774 	1
P55847 	1
D3Z9M3 	1
Q8BHP7 	1
P19427 	1
P35495 	1
O76076 	1
Q86QT3 	1
Q8LD43 	1
Q9H5V8 	1
Q86YD3 	1
Q6UXL0 	1
Q6UX27 	1
P33681 	1
O43866 	1
P01830 	1
Q39962 	1
P0DQE1 	1
A9UGV6 	1
P11911 	1
Q8WP90 	1
Q5G8A6 	1
Q6F4C6 	1
A0A1W6EVN2 	1
P0DUT0 	1
Q95P08 	1
O62644 	1
P85841 	1
Q6UXB8 	1
Q8LG54 	1
P06205 	1
Q8T4J9 	1
Q9LRC8 	1
Q8T9R8 	1
Q945U0 	1
A0A0R4I951 	1
P13612 	1
P13686 	1
Q9H9K5 	1
Q14392 	1
O55038 	1
Q8W257 	1
O42720 	1
Q84V39 	1
O75629 	1
O43155 	1
Q9NAX4 	1
Q6UWY5 	1
P80356 	1
Q8MP06 	1
Q6Z232 	1
Q9C9H5 	1
Q02747 	1
Q92563 	1
Q96AP7 	1
P14209 	1
Q96BF3 	1
P81160 	1
P17715 	1
P15226 	1
A0A2I8B346 	1
O02826 	1
P67861 	1
P22388 	1
Q76CE8 	1
Q41161 	1
Q6X4U4 	1
Q12396 	1
Q8VCS0 	1
Q0ZS87 	1
P39037 	1
P04557 	1
Q99969 	1
P78581 	1
B3STN7 	1
Q6E0U4 	1
Q18184 	1
O00206 	1
P80022 	1
Q6UWI4 	1
P02896 	1
P00724 	1
Q8I817 	1
Q8WZI8 	1
Q9UAD0 	1
Q61885 	1
Q7M3V1 	1
Q6UW32 	1
P81828 	1
P49125 	1
P02462 	1
Q7Z5A7 	1
P11021 	1
Q55U20 	1
P13385 	1
P16882 	1
Q96HE7 	1
Q8WML4 	1
P25116 	1
P00996 	1
P05790 	1
Q8NBM8 	1
Q96FE7 	1
Q2U4L7 	1
Q96S96 	1
Q8N126 	1
O42807 	1
P97710 	1
Q9BXJ3 	1
P23502 	1
P35578 	1
Q8NBN3 	1
P28798 	1
H6U1I8 	1
O95715 	1
O55232 	1
O14412 	1
Q62598 	1
A0A1L6K371 	1
C7G3K3 	1
Q6UWK7 	1
Q9H6E4 	1
P30659 	1
P27797 	1
P01165 	1
Q9TY95 	1
A1X159 	1
P80109 	1
P02780 	1
P24821 	1
P23438 	1
Q08380 	1
P56722 	1
Q9ZT66 	1
Q6UWI2 	1
Q61508 	1
Q71DJ5 	1
P07457 	1
Q29422 	1
Q64HC7 	1
Q27270 	1
Q03405 	1
P05059 	1
Q15762 	1
Q01151 	1
Q5BGU9 	1
P0DQC1 	1
P31025 	1
O64392 	1
P14625 	1
Q24824 	1
P19035 	1
P55955 	1
Q8WQK0 	1
P08514 	1
Q9NBW4 	1
Q8T0W8 	1
Q16568 	1
P0C8G7 	1
P81702 	1
C5P3X6 	1
G5EC68 	1
P28906 	1
P04937 	1
Q9XYT4 	1
Q8TD06 	1
Q5KQS4 	1
P15196 	1
Q09117 	1
Q8AYA2 	1
Q40975 	1
P22362 	1
P01269 	1
P82358 	1
P22327 	1
P08796 	1
Q14802 	1
Q05443 	1
Q8TDQ1 	1
Q99MA2 	1
Q00870 	1
Q62813 	1
Q99ML8 	1
O97939 	1
B8JLQ9 	1
Q9UAH3 	1
P49256 	1
Q8NBK3 	1
Q59Y31 	1
P30101 	1
Q9NZ53 	1
Q43871 	1
Q86Y78 	1
P42264 	1
P25311 	1
Q25055 	1
Q13145 	1
Q75WF2 	1
P01833 	1
Q9YH85 	1
P20062 	1
F7J1C8 	1
Q9FI46 	0
P30706 	0
Q9NX04 	0
Q9C0N3 	0
P86397 	0
Q9Z0J4 	0
A6NJ78 	0
Q9W4N2 	0
Q9NSP4 	0
O22161 	0
Q9FQ09 	0
P26269 	0
O43822 	0
P13405 	0
F4K1B4 	0
Q18237 	0
Q7TMA4 	0
Q09776 	0
Q9P7N0 	0
Q61510 	0
Q9VLP3 	0
Q9FL12 	0
Q562A2 	0
O43739 	0
Q8NG66 	0
Q2T9J0 	0
Q8IQG1 	0
P63072 	0
Q17602 	0
Q9C811 	0
Q04110 	0
Q08GK9 	0
Q9Y5Q5 	0
Q96LW7 	0
Q8CCG4 	0
Q08245 	0
Q9Y666 	0
Q9UNS2 	0
Q8LFW5 	0
Q9Z110 	0
Q9H8H0 	0
A6NGQ2 	0
P15340 	0
P53192 	0
F1MH24 	0
Q1K5G1 	0
Q9LK34 	0
P28803 	0
Q8VZ80 	0
Q9HCU8 	0
Q9SDW0 	0
O08773 	0
Q8BVN9 	0
Q9BSK0 	0
P40532 	0
P53784 	0
P53352 	0
O94650 	0
O82804 	0
Q9UU99 	0
Q03825 	0
P16383 	0
O60239 	0
B9DGI8 	0
Q8BJ71 	0
Q03455 	0
P22798 	0
Q944N1 	0
O13974 	0
Q8IWY9 	0
Q9BW91 	0
Q94CE5 	0
Q96QF0 	0
O94358 	0
Q5S007 	0
P28070 	0
Q9Y3Z3 	0
P23503 	0
Q6Q4D0 	0
Q99547 	0
P18888 	0
P10069 	0
Q91YE8 	0
P56671 	0
Q9M8K7 	0
Q8SAB7 	0
Q0WSX8 	0
P53070 	0
O08608 	0
Q61624 	0
Q8VZV9 	0
Q6IDB6 	0
A0A7J6KC99 	0
Q03246 	0
Q7YZH1 	0
Q9H0U9 	0
P56749 	0
Q60EC2 	0
P37840 	0
Q12768 	0
P15919 	0
Q80VA5 	0
Q8CCE9 	0
Q8I8U7 	0
P09110 	0
Q9C552 	0
Q9VQB6 	0
Q94FY8 	0
O13684 	0
Q96A26 	0
Q96HS1 	0
A0A096LP01 	0
A0A509AFM3 	0
F4HYF3 	0
Q8NHG8 	0
Q9V6Q2 	0
O82628 	0
Q96EY7 	0
P54939 	0
P53437 	0
Q708Y0 	0
Q9FM19 	0
Q9V463 	0
Q5BJZ6 	0
Q3E7Y6 	0
P08518 	0
Q01064 	0
P32841 	0
Q8LAP6 	0
P0DKH5 	0
P53207 	0
O42936 	0
Q6UFS5 	0
P53136 	0
Q9VRP5 	0
Q12748 	0
Q8JZU0 	0
P92189 	0
P0C1Z6 	0
Q96HI0 	0
Q9VVR2 	0
P34283 	0
Q69IL4 	0
O59836 	0
Q05942 	0
Q19LA2 	0
O74350 	0
O13600 	0
Q96AE7 	0
A2AG06 	0
Q8IU81 	0
Q91YD9 	0
P39996 	0
P49686 	0
Q93YF5 	0
A0A509ARF0 	0
Q9P267 	0
B9EJG8 	0
Q9ULJ3 	0
Q8N2I9 	0
Q9Y8G3 	0
Q8NDZ0 	0
Q3U2U7 	0
Q5T200 	0
Q8RWV0 	0
G5EGB2 	0
Q9LDC0 	0
P54783 	0
Q09750 	0
P25856 	0
P34707 	0
Q96GN5 	0
Q8N183 	0
Q91876 	0
Q7TSS2 	0
Q8N635 	0
Q18321 	0
Q9UBT7 	0
O74829 	0
P82869 	0
P53077 	0
Q07845 	0
Q13309 	0
A2AMM0 	0
P81269 	0
O59676 	0
O36030 	0
O74418 	0
Q8LDL0 	0
Q60465 	0
P21549 	0
Q04359 	0
O15392 	0
O70343 	0
Q8LDU1 	0
Q2HXU8 	0
P40546 	0
Q90ZF9 	0
Q9NWQ9 	0
Q9Y3R4 	0
Q5A287 	0
Q7Z3K3 	0
P11836 	0
Q5BJF2 	0
P43079 	0
Q8TB37 	0
Q6ZNL6 	0
P0C7T6 	0
P34260 	0
P20609 	0
P41562 	0
Q00013 	0
Q0DUR2 	0
Q9S720 	0
Q02888 	0
Q10362 	0
Q9BQL6 	0
Q9H078 	0
Q26366 	0
Q8K3Y6 	0
Q9VQ30 	0
P17883 	0
O43137 	0
O43313 	0
P29266 	0
G5EEQ5 	0
Q9NSI6 	0
Q06102 	0
Q92759 	0
Q9SIE1 	0
Q9BSD3 	0
Q9SE43 	0
Q9H9J2 	0
P53266 	0
Q9W1R5 	0
U4PAZ9 	0
O04249 	0
Q9SG86 	0
P25348 	0
Q9BZR9 	0
P40554 	0
Q9NZB2 	0
Q9VSB9 	0
P32337 	0
P38876 	0
Q70EL2 	0
Q6NLQ7 	0
O15265 	0
P06267 	0
O75943 	0
Q4E657 	0
P82913 	0
P32862 	0
Q95Q39 	0
P28005 	0
A0A7G5KLV3 	0
Q90Z80 	0
Q9R0N6 	0
Q6EMB2 	0
P35195 	0
Q8IM30 	0
Q8RY16 	0
Q9UBK9 	0
P84090 	0
Q9WTZ9 	0
A0A0K3AUE4 	0
P29747 	0
Q8TF40 	0
Q67UR2 	0
O61016 	0
Q6PGP7 	0
Q9NX52 	0
P07249 	0
Q9JKU3 	0
Q8TEB9 	0
P57741 	0
Q9XII1 	0
P87133 	0
P56373 	0
Q6NLC1 	0
Q96BT3 	0
Q6P4R8 	0
P02240 	0
Q9M9Y4 	0
F4JLC1 	0
Q9LQ02 	0
O14310 	0
Q8L9X2 	0
Q9D8F1 	0
P82919 	0
P27516 	0
L0B1Y1 	0
Q12144 	0
O62471 	0
Q7TNK1 	0
P40360 	0
P52593 	0
G5EGA9 	0
P06778 	0
P56280 	0
O14492 	0
Q08760 	0
O17679 	0
P41277 	0
Q12361 	0
O94519 	0
P47007 	0
O14980 	0
P82192 	0
Q12107 	0
D3ZXW3 	0
Q96NR3 	0
Q7L8L6 	0
Q9NH52 	0
O74400 	0
O04492 	0
P49773 	0
G5EFY4 	0
P62942 	0
P42900 	0
Q9NVF7 	0
P23276 	0
O74461 	0
P82249 	0
Q9VL14 	0
Q8LPU4 	0
Q99J47 	0
Q8NE62 	0
Q9UKV3 	0
A9UHW6 	0
Q96ER3 	0
Q9C950 	0
Q9FH37 	0
Q10426 	0
Q9Y2G2 	0
Q9USL4 	0
O88484 	0
Q10666 	0
Q8VDP4 	0
P47123 	0
Q9H0A8 	0
Q84JF5 	0
P70174 	0
Q9QVP9 	0
Q08687 	0
Q24459 	0
P38110 	0
Q9BZL6 	0
P40121 	0
Q8NF64 	0
Q99598 	0
Q38890 	0
O14113 	0
Q9NZD1 	0
O75496 	0
Q9SK50 	0
Q3UK10 	0
P40317 	0
Q9CZ42 	0
Q7TQK0 	0
Q9UW82 	0
Q9CQT9 	0
Q96I36 	0
Q7XJM2 	0
P32626 	0
O49621 	0
Q02721 	0
B3H5K9 	0
P22068 	0
Q09LZ8 	0
Q5AP80 	0
Q8NHU0 	0
Q9SZR3 	0
Q09793 	0
D3ZX63 	0
P53838 	0
Q8RWI0 	0
F4I1T7 	0
P40481 	0
Q10272 	0
P38313 	0
P30085 	0
P07255 	0
Q24025 	0
Q04637 	0
P40035 	0
Q9P7N4 	0
Q6CLY8 	0
A0A5K1K8Y8 	0
Q5H9F3 	0
Q9VRV7 	0
Q9VE04 	0
P31949 	0
O42661 	0
Q8L785 	0
Q7TNG8 	0
O24629 	0
Q0DRX6 	0
P40344 	0
O74465 	0
Q8H0V5 	0
P40167 	0
Q16617 	0
P34224 	0
P40573 	0
P32480 	0
Q53H12 	0
Q9C7C4 	0
Q9SJ12 	0
P36508 	0
Q5VWG9 	0
Q9V444 	0
Q8GUK1 	0
O94864 	0
Q10204 	0
B3DMA2 	0
W2SDE2 	0
O04211 	0
Q04408 	0
Q4PSU4 	0
E3Q1H1 	0
Q8W4B2 	0
Q7Z698 	0
Q63398 	0
Q9D6Z0 	0
P54785 	0
A8MTT3 	0
P30952 	0
Q00IB6 	0
Q06266 	0
A8XJ98 	0
Q80T22 	0
P38786 	0
P40026 	0
Q03760 	0
Q5XV40 	0
Q9BW27 	0
Q8BNX7 	0
Q04341 	0
Q9NQZ5 	0
Q6P4F7 	0
Q9C7S5 	0
Q23529 	0
Q8IEG9 	0
P42774 	0
Q61097 	0
Q86BP6 	0
Q9BUI4 	0
Q9EQN3 	0
A0A7U2QXY7 	0
O14253 	0
Q5N829 	0
O14235 	0
Q9Y4F3 	0
P47138 	0
P06269 	0
V5IM60 	0
Q12216 	0
O55029 	0
Q80US8 	0
P15173 	0
P40099 	0
Q5XG73 	0
Q9GYS1 	0
O14141 	0
O61707 	0
P38278 	0
Q9UTE3 	0
B9U3F2 	0
Q8C3P7 	0
O82286 	0
Q8LC79 	0
P23724 	0
Q56A73 	0
Q6UB98 	0
Q96BQ5 	0
F4K410 	0
B2RW88 	0
Q0VAA5 	0
O45717 	0
Q8N668 	0
Q9BVC5 	0
Q02950 	0
Q01543 	0
Q6NZN1 	0
P80304 	0
O00562 	0
Q9FFF5 	0
Q92366 	0
Q06683 	0
Q14686 	0
P13469 	0
Q8TD22 	0
Q54XQ2 	0
P25651 	0
Q86V97 	0
P07236 	0
P16603 	0
O76906 	0
Q96M94 	0
O23365 	0
Q18825 	0
Q86YV9 	0
Q4FX73 	0
O02073 	0
P47116 	0
O82279 	0
P38253 	0
A0SVK0 	0
P87142 	0
P59178 	0
Q9BW66 	0
Q9CQJ4 	0
O94561 	0
Q7Z3E1 	0
P33441 	0
P25502 	0
Q7KRI2 	0
P12852 	0
Q8WTX7 	0
Q5U623 	0
Q9UI36 	0
Q8H124 	0
Q8IUY3 	0
Q9LY23 	0
Q99JZ7 	0
P07213 	0
O94993 	0
P24345 	0
P15873 	0
O13911 	0
Q04003 	0
Q7XB51 	0
Q94AC8 	0
Q9ASP6 	0
Q9C5J3 	0
Q26635 	0
Q9P032 	0
Q6R327 	0
O82204 	0
Q9VEB4 	0
O74778 	0
Q9XF57 	0
Q9NJP9 	0
Q8N5P1 	0
P51960 	0
B1AUS7 	0
P82931 	0
Q9C685 	0
Q9USM1 	0
F4HYD7 	0
P53886 	0
Q80VQ0 	0
Q15849 	0
P45976 	0
Q9FNQ0 	0
Q96LT7 	0
Q6DBA5 	0
Q9ULZ2 	0
O43808 	0
P36956 	0
B2RWS6 	0
P55081 	0
Q8BXP5 	0
A0A0N7KIY3 	0
Q2HJ10 	0
Q7Z4G1 	0
Q12117 	0
Q9LW57 	0
P39515 	0
P21651 	0
P32335 	0
P40008 	0
Q63342 	0
A0A143ZXM2 	0
P42208 	0
Q8K480 	0
Q9H8M2 	0
O94410 	0
Q9W148 	0
P93788 	0
O54931 	0
Q9HBL8 	0
P82130 	0
Q9D023 	0
Q9JMA2 	0
P61961 	0
Q9Y5A7 	0
P10823 	0
O75832 	0
O74957 	0
G8B839 	0
P16862 	0
Q2VUH8 	0
P03899 	0
P47054 	0
P70670 	0
Q99732 	0
Q6GKV1 	0
Q9NQZ6 	0
Q63ZY3 	0
Q7SGH0 	0
Q96BI1 	0
P53171 	0
Q19972 	0
Q9H6Z4 	0
Q12341 	0
P39015 	0
Q02040 	0
Q6ZQL4 	0
P19787 	0
O95926 	0
O94782 	0
Q9CPZ1 	0
Q12275 	0
O43508 	0
Q7S7R6 	0
Q9VR17 	0
O94603 	0
Q9LVB9 	0
Q76LB1 	0
B7Z0I7 	0
Q06810 	0
P26017 	0
Q9USY8 	0
Q10424 	0
Q9UU79 	0
O02351 	0
P48329 	0
Q12345 	0
O65282 	0
Q86XA0 	0
Q9Y2U8 	0
P39685 	0
Q6Z1Z3 	0
A0A075TMP0 	0
Q6DKI7 	0
O60941 	0
Q94FL6 	0
Q02892 	0
Q5BJM8 	0
P38688 	0
Q9XH32 	0
Q06364 	0
Q08932 	0
Q501F9 	0
P68350 	0
Q84K35 	0
Q9VV74 	0
P37271 	0
Q9M297 	0
Q8N0S6 	0
Q9LJ97 	0
P53620 	0
Q8IWZ4 	0
Q8CJ00 	0
P32526 	0
P46309 	0
H9G301 	0
Q9FJI5 	0
A1A6M1 	0
Q9UK33 	0
P19407 	0
Q9NVV9 	0
Q40089 	0
Q0GGX2 	0
Q960V3 	0
Q93ZG9 	0
Q96E11 	0
P09132 	0
Q8H1D4 	0
P38429 	0
Q96HR8 	0
P47141 	0
Q08024 	0
P14415 	0
P39682 	0
P47175 	0
O95948 	0
Q3ZBF3 	0
Q05812 	0
Q9BY41 	0
Q8W4J9 	0
Q9XI46 	0
Q8NFZ0 	0
Q9SQI2 	0
Q8IXH6 	0
F4JCU0 	0
Q96GX8 	0
Q505B8 	0
P32493 	0
Q8TDT2 	0
P0C7P0 	0
Q9LFV6 	0
Q9LEX1 	0
Q9ASX5 	0
Q10148 	0
Q18807 	0
P53292 	0
P07665 	0
Q9ZUT3 	0
Q9SX77 	0
G1XJN1 	0
Q9CPR8 	0
Q8BJQ4 	0
Q9ZST9 	0
Q2TAP0 	0
D3KY99 	0
P36169 	0
P26754 	0
Q9UUB5 	0
Q6T938 	0
Q9BXP2 	0
P36525 	0
Q7L592 	0
P16522 	0
Q96AP0 	0
Q9P7T4 	0
G5EF68 	0
Q6P1S2 	0
Q14249 	0
P28004 	0
O42709 	0
O08574 	0
P83183 	0
Q969F2 	0
Q9FL44 	0
Q3SYG4 	0
P53220 	0
P56329 	0
Q9ZVJ3 	0
Q8BZ97 	0
Q9CAH5 	0
Q08B36 	0
P38850 	0
O74405 	0
Q86NP2 	0
F4I718 	0
Q96JX3 	0
Q9UBY9 	0
O74511 	0
P00876 	0
O13795 	0
Q27368 	0
Q9C106 	0
Q94JU3 	0
P53330 	0
Q01359 	0
A0A2I0C2C6 	0
Q9Y291 	0
Q969F1 	0
P20398 	0
Q8VDS3 	0
X5JA13 	0
Q9W1R4 	0
P24473 	0
P07910 	0
Q10331 	0
P55786 	0
P38088 	0
Q6B9X6 	0
P0DJH7 	0
Q61884 	0
Q9CX60 	0
Q24143 	0
Q9LYB9 	0
Q05863 	0
Q38FI2 	0
Q9BWK5 	0
Q9SR70 	0
O14981 	0
P54790 	0
A0A2K8FQU5 	0
P35658 	0
Q9XVI2 	0
O75695 	0
Q6UVM4 	0
Q9SQR3 	0
P38633 	0
Q9LTQ0 	0
G5EDE2 	0
Q8RWS0 	0
O60381 	0
P82094 	0
Q9H008 	0
P40362 	0
Q21209 	0
Q9UKL0 	0
O75122 	0
O35094 	0
Q96HY7 	0
O13999 	0
Q10585 	0
Q9SZ15 	0
Q96IY1 	0
P39769 	0
P49906 	0
Q9NZ81 	0
Q96LL9 	0
P36088 	0
Q8TBE7 	0
O74518 	0
Q6UW78 	0
P43605 	0
P32569 	0
P62241 	0
Q68CK6 	0
Q9M219 	0
Q14146 	0
P46736 	0
C6KSN4 	0
Q9UIG8 	0
Q9LXX5 	0
O49782 	0
Q27934 	0
Q16775 	0
Q9JJG9 	0
Q5VWQ8 	0
O95415 	0
Q9H7L9 	0
Q8CHP0 	0
Q9VVA8 	0
Q9D489 	0
P53277 	0
Q9XI84 	0
P78955 	0
P23490 	0
P0DN34 	0
Q9LML2 	0
P43124 	0
Q66KV4 	0
P22342 	0
Q4WGS5 	0
O94259 	0
P59055 	0
Q149M9 	0
P41933 	0
P22134 	0
P38281 	0
Q3MIT2 	0
Q8AYS7 	0
Q9QX75 	0
Q9BRJ2 	0
P0C2B9 	0
Q6UXN9 	0
Q9BQP7 	0
P38771 	0
Q04049 	0
Q23064 	0
P40474 	0
Q5VZK9 	0
O59773 	0
Q8NFJ6 	0
Q9NRY6 	0
Q8WVC0 	0
Q9XIN0 	0
Q6PII3 	0
P48985 	0
P21306 	0
Q9CQ79 	0
P53895 	0
P08468 	0
P47120 	0
Q9QYK3 	0
O97101 	0
Q9NXR7 	0
Q9H444 	0
Q6PIU2 	0
P32914 	0
Q13315 	0
Q04751 	0
Q06598 	0
O64517 	0
Q6PCT2 	0
Q0WR66 	0
Q9R1C0 	0
P32367 	0
Q923B3 	0
Q04052 	0
Q91ZR5 	0
P61460 	0
Q8N5F7 	0
Q9NZJ0 	0
Q197W8 	0
O74424 	0
Q9USJ8 	0
Q9H061 	0
Q9H5Z6 	0
Q04996 	0
O14216 	0
G5EDW5 	0
Q9NQC3 	0
Q12050 	0
P00950 	0
Q96N77 	0
Q17990 	0
Q6PR54 	0
Q64702 	0
Q4QZZ9 	0
Q1ENB6 	0
Q5JPH6 	0
O35284 	0
P49916 	0
P93740 	0
F4K6X0 	0
Q8JFY9 	0
Q9SU91 	0
Q02038 	0
P0C6S7 	0
Q9FN03 	0
P23500 	0
A0A163UT06 	0
Q96RY5 	0
Q9FKP4 	0
P53869 	0
Q9U1H9 	0
Q9H190 	0
B3DH96 	0
Q9Y239 	0
Q93009 	0
P32120 	0
Q92624 	0
Q02100 	0
P60602 	0
Q0WUA3 	0
P23023 	0
P11596 	0
Q59NP1 	0
O61660 	0
Q5M731 	0
P53958 	0
P63161 	0
Q8R0W0 	0
Q9XIE2 	0
O14122 	0
Q15428 	0
Q9FEN9 	0
Q3URQ0 	0
A0A3Q7HWE4 	0
Q9LV85 	0
Q03435 	0
D3ZK93 	0
O60216 	0
Q96D98 	0
P36078 	0
Q5JTH9 	0
Q15388 	0
Q9LYG9 	0
Q8K330 	0
Q14CB8 	0
Q5VTE6 	0
Q9P7E0 	0
O17514 	0
P61581 	0
Q08816 	0
Q12020 	0
P0C2C1 	0
Q12905 	0
P18492 	0
P03925 	0
Q6PI26 	0
P23610 	0
Q9H6K1 	0
P15847 	0
P80667 	0
P14736 	0
Q8N5A5 	0
A0A0U2X0E4 	0
O42666 	0
Q10740 	0
Q8R4L0 	0
Q80WE4 	0
Q9DB60 	0
Q8N9A8 	0
Q9H649 	0
P59942 	0
Q96B23 	0
Q92974 	0
Q9V4C8 	0
P34619 	0
Q9USY4 	0
Q05519 	0
Q99NF2 	0
P36052 	0
P34257 	0
O82390 	0
Q9BVK8 	0
P41977 	0
Q941Q3 	0
P20084 	0
Q9SMS0 	0
O94632 	0
P48558 	0
Q9FFF4 	0
O15084 	0
Q8N1G1 	0
Q8CG64 	0
P07257 	0
P40486 	0
G3Y4N5 	0
F4IN23 	0
P36516 	0
Q7KWJ5 	0
Q92989 	0
Q9LMK5 	0
Q9H7E2 	0
Q27607 	0
P43586 	0
Q07799 	0
P40060 	0
P83456 	0
Q9NYT0 	0
Q38946 	0
Q6P9H5 	0
O35683 	0
Q03774 	0
Q8C167 	0
P42858 	0
G2XEY9 	0
O96033 	0
Q06596 	0
Q9UUH6 	0
P17861 	0
Q9NUQ2 	0
Q5HYJ3 	0
Q05905 	0
Q9C565 	0
P49454 	0
P00319 	0
P04921 	0
Q8BYM8 	0
Q9VB46 	0
O94704 	0
Q12340 	0
Q6ZRI6 	0
Q91X44 	0
Q9D385 	0
P39990 	0
P83006 	0
P82412 	0
Q16629 	0
P41903 	0
P25655 	0
O14131 	0
O80931 	0
P40992 	0
Q8IVE3 	0
Q9BVS5 	0
Q9CQJ2 	0
Q7RYW8 	0
P22734 	0
Q9C108 	0
O88801 	0
O60671 	0
P17937 	0
Q62733 	0
Q9BZJ4 	0
Q06631 	0
Q15365 	0
Q03954 	0
A0PJY2 	0
Q9H1Z4 	0
Q9M086 	0
Q9CXV9 	0
P93303 	0
Q15170 	0
Q7Z2E3 	0
Q02085 	0
Q0IIM8 	0
P22217 	0
Q9Y808 	0
O94851 	0
Q8LPQ5 	0
Q04005 	0
Q15125 	0
V5IQE0 	0
P09440 	0
P23508 	0
Q52M58 	0
P40366 	0
O15294 	0
Q156A1 	0
Q9STY4 	0
Q20924 	0
P40515 	0
Q9BVI4 	0
Q86WX3 	0
Q9Y275 	0
Q38885 	0
Q9SM57 	0
Q3UYV9 	0
P07199 	0
P27697 	0
Q68FY1 	0
Q75LV6 	0
Q9Y2T6 	0
P55264 	0
P32505 	0
O94276 	0
Q7RYV0 	0
O88942 	0
Q9H1I8 	0
Q9FME2 	0
Q9Y375 	0
P48732 	0
Q8C206 	0
Q9SN74 	0
Q8BKY8 	0
Q3TH73 	0
Q9SA14 	0
Q571I4 	0
Q5PP37 	0
P06005 	0
Q7ZT47 	0
Q9H0W9 	0
P05435 	0
Q06706 	0
P53259 	0
Q9U1H0 	0
Q9NWT1 	0
Q09858 	0
O75204 	0
Q6WRU0 	0
Q12192 	0
Q9Y315 	0
Q6ZQX7 	0
Q06188 	0
Q96BN2 	0
Q8CC88 	0
P93830 	0
Q04598 	0
Q9WUB6 	0
Q9M0Z3 	0
P46783 	0
P36402 	0
P42948 	0
F8VQK3 	0
Q9CPP6 	0
Q13685 	0
Q9Y224 	0
Q05583 	0
Q12139 	0
P22027 	0
O80386 	0
P41046 	0
Q21227 	0
P22135 	0
Q60EN8 	0
Q93W77 	0
Q6P161 	0
Q9URQ5 	0
Q5EAJ7 	0
Q5T7W0 	0
O59800 	0
Q6SJ95 	0
Q9QXK9 	0
Q9M9U5 	0
P32807 	0
Q12486 	0
Q2HJF1 	0
Q0WUY1 	0
P38828 	0
Q9UL49 	0
P68040 	0
P01872 	0
Q05543 	0
O94585 	0
Q38CL4 	0
Q9Y3S1 	0
Q14241 	0
Q9C5Z3 	0
Q05027 	0
O45784 	0
P35169 	0
Q9SI64 	0
K7W9N9 	0
P47979 	0
P47164 	0
P48164 	0
Q22799 	0
P32897 	0
Q86YI8 	0
Q6PB66 	0
Q8BK30 	0
Q9BWL3 	0
O94606 	0
A0A2R6X6S3 	0
Q8H0U4 	0
Q9LYR5 	0
P82715 	0
P30307 	0
Q9SB31 	0
O49203 	0
Q13495 	0
F4JYE9 	0
Q9V4P1 	0
P47096 	0
P91277 	0
Q6NME7 	0
P34072 	0
P34160 	0
S8EZA7 	0
P53203 	0
Q9BUA3 	0
Q9JIX9 	0
O96007 	0
Q9Y3I0 	0
P43572 	0
Q15464 	0
Q7YTB0 	0
Q13901 	0
P29509 	0
P53919 	0
Q23500 	0
Q9LU93 	0
P53803 	0
Q9FNB0 	0
Q15811 	0
Q8LL04 	0
Q9C0C9 	0
Q9LW26 	0
Q69YN2 	0
O14776 	0
P38204 	0
Q96GC9 	0
P39735 	0
Q12887 	0
P53196 	0
Q9H5Q4 	0
Q9UST7 	0
Q0PNE2 	0
Q9C0E2 	0
P51610 	0
Q9FJJ3 	0
Q92979 	0
Q94CD4 	0
Q8BGS1 	0
P11943 	0
Q9UST6 	0
Q9FMV1 	0
O95104 	0
Q39129 	0
G5ED47 	0
Q04178 	0
Q9VFK6 	0
Q9ESX4 	0
O75161 	0
O43068 	0
P40387 	0
Q9BXV9 	0
Q8CII8 	0
P14724 	0
P46962 	0
Q6NPM8 	0
Q9NSA0 	0
Q9FX31 	0
P89105 	0
O74381 	0
D3ZKB9 	0
Q12440 	0
G1UH28 	0
P38205 	0
Q99884 	0
Q9UMY1 	0
Q91ZX6 	0
Q4V8P4 	0
P22674 	0
Q7Z713 	0
Q8K4V4 	0
Q5TB30 	0
P0C627 	0
Q12382 	0
Q12040 	0
Q9FLL1 	0
Q7S054 	0
P38140 	0
P34708 	0
Q9UGU0 	0
P07768 	0
Q9STF2 	0
Q53FT3 	0
P14923 	0
P91928 	0
Q8TB36 	0
Q80VM7 	0
Q96GE9 	0
Q9LU05 	0
Q9ULV3 	0
Q08062 	0
Q12098 	0
P22265 	0
P42845 	0
Q9NQ92 	0
P27472 	0
Q15120 	0
Q9SU56 	0
Q04149 	0
Q96AJ1 	0
Q99590 	0
Q924C5 	0
Q05635 	0
F4JZY1 	0
Q7Z7H8 	0
P62908 	0
Q12509 	0
Q19131 	0
P29547 	0
Q1KPV0 	0
Q9H9A7 	0
Q95X44 	0
Q91WC0 	0
Q801E2 	0
P20433 	0
Q99288 	0
Q924W6 	0
Q0JFZ0 	0
Q86YD1 	0
Q8W191 	0
Q02486 	0
Q9R1M5 	0
P39011 	0
P07269 	0
Q9Y253 	0
Q9NX70 	0
Q69YI7 	0
A4IFH6 	0
Q14019 	0
Q8K3W2 	0
Q9XZ34 	0
Q9JHR7 	0
Q78T81 	0
A4GSN8 	0
O59740 	0
Q8L627 	0
Q9BYN8 	0
Q9Y6Y0 	0
O95990 	0
Q9UJX5 	0
Q3TYA6 	0
P48837 	0
P11914 	0
Q96DI7 	0
Q9MBA2 	0
P32855 	0
P40012 	0
Q91YT0 	0
Q61425 	0
P38891 	0
Q0WPZ7 	0
Q9SW18 	0
P41133 	0
Q04894 	0
P36012 	0
Q6ZWK4 	0
Q86YA3 	0
Q6AVI1 	0
Q5TGZ0 	0
O60336 	0
P83214 	0
Q9LG05 	0
Q8N3V7 	0
P02318 	0
F4JMV6 	0
Q12354 	0
F4JTS8 	0
Q9FXT6 	0
Q8BKT7 	0
P39683 	0
Q9GZL7 	0
Q01453 	0
Q93V66 	0
P36121 	0
Q10340 	0
Q07623 	0
F4IHS2 	0
P11325 	0
Q8IAX8 	0
Q9Y6X0 	0
I1RC73 	0
Q10953 	0
P0C7R1 	0
Q04031 	0
Q9VM92 	0
P38193 	0
Q14154 	0
Q96326 	0
Q8BMF8 	0
Q9C0C7 	0
Q8C9E8 	0
Q9H7Z3 	0
Q01992 	0
Q9UH92 	0
Q9USX3 	0
Q9LR91 	0
P38169 	0
Q07684 	0
Q03338 	0
Q9LVH4 	0
Q8R4U1 	0
P52566 	0
Q9D855 	0
Q10474 	0
Q08116 	0
Q0WVH0 	0
Q12104 	0
Q4WF55 	0
Q59RL7 	0
Q6ZPK0 	0
Q99567 	0
Q86VI4 	0
Q9BXW9 	0
P29692 	0
C0HMD7 	0
Q6UXY1 	0
P0DYC3 	0
P41696 	0
Q12952 	0
O88554 	0
Q9SU05 	0
P40692 	0
P53062 	0
Q9SW33 	0
Q9FJH5 	0
O14246 	0
O49292 	0
Q68DK7 	0
F1NPG5 	0
P47077 	0
O74826 	0
Q8R4P5 	0
P61221 	0
Q9Y4E1 	0
Q12386 	0
P30902 	0
Q5Q0E6 	0
P50531 	0
Q12242 	0
Q9VLJ8 	0
Q54HI5 	0
Q8W4D0 	0
P47128 	0
Q9S7D1 	0
Q8VYF7 	0
Q5T4T1 	0
Q6UEG8 	0
Q09668 	0
P23351 	0
Q9WV02 	0
O80952 	0
G5EDW1 	0
O13881 	0
Q13794 	0
P29372 	0
Q9JLI8 	0
Q9XWL9 	0
Q06494 	0
P17119 	0
P41910 	0
Q9LXI8 	0
Q03661 	0
Q9ZR07 	0
E9QDC5 	0
P53148 	0
Q96H22 	0
Q3T9M1 	0
P46435 	0
Q9VKB9 	0
O22160 	0
P38075 	0
Q9UL40 	0
P46995 	0
P0DPK0 	0
Q96BY2 	0
Q9Z266 	0
Q54ET6 	0
O74504 	0
P09959 	0
P40019 	0
O80775 	0
P03874 	0
Q9FFG0 	0
Q12038 	0
F4HU58 	0
Q9C7G6 	0
Q9DAG4 	0
Q3U6Q4 	0
Q80UF7 	0
Q94JZ8 	0
C0HM98 	0
O95833 	0
O43765 	0
P32828 	0
Q3E7A8 	0
Q9SA52 	0
Q9P7S3 	0
P41812 	0
Q9DB00 	0
Q8BG87 	0
Q8GS60 	0
Q9U6M1 	0
Q2TB10 	0
Q9FX53 	0
Q9WUF3 	0
Q2TA68 	0
O82660 	0
Q9SR77 	0
Q9C8J7 	0
P52923 	0
Q9NVV4 	0
F4K933 	0
Q15543 	0
A2ALU4 	0
P08050 	0
Q7SHR9 	0
Q96C01 	0
G5ECD6 	0
O14894 	0
Q9HB21 	0
Q811I0 	0
Q9BYB4 	0
Q8VZA0 	0
J9VQC4 	0
Q01831 	0
Q9NWY4 	0
Q557E7 	0
Q95RA8 	0
P13788 	0
P36056 	0
Q8I4V8 	0
Q9Y6J0 	0
Q9UTR9 	0
Q9WVH3 	0
Q12182 	0
Q8NDV2 	0
O76902 	0
Q06506 	0
O14329 	0
F4KHG6 	0
Q5EU90 	0
Q9NP77 	0
Q02796 	0
Q99MZ3 	0
O94761 	0
P14618 	0
Q32NR9 	0
O13539 	0
O74563 	0
Q9BVL4 	0
Q9SUT5 	0
O75106 	0
Q12156 	0
Q8BWT5 	0
E7F568 	0
Q5SUQ9 	0
Q8N4L1 	0
A9D2P7 	0
Q80WB5 	0
Q10262 	0
P08433 	0
Q9UHH9 	0
Q96P66 	0
Q9GZP8 	0
Q6VY05 	0
Q9FVQ1 	0
Q9ERG0 	0
Q96P65 	0
Q9UUE5 	0
P09932 	0
Q18490 	0
O43482 	0
Q54HS3 	0
Q9P0Z9 	0
O65258 	0
Q9UIG0 	0
P36517 	0
Q8IX21 	0
Q8GSI0 	0
Q2WG80 	0
Q9H0E3 	0
Q948R9 	0
Q08421 	0
Q86US8 	0
O81098 	0
Q6PJW8 	0
A0A509AKT6 	0
P40465 	0
Q16774 	0
P32570 	0
Q8NEZ2 	0
A0A0B5L781 	0
Q8INR6 	0
O74910 	0
P40073 	0
Q9C5W3 	0
Q8AWF5 	0
Q969S2 	0
Q9WV31 	0
Q38895 	0
O00198 	0
P42842 	0
P12954 	0
P16658 	0
Q9UK41 	0
O94494 	0
Q68G30 	0
Q12789 	0
Q5C9Z4 	0
P41252 	0
P98081 	0
Q336R3 	0
Q9EST4 	0
O94516 	0
P12294 	0
P53140 	0
O74880 	0
P22035 	0
Q96JH7 	0
Q9P804 	0
P15771 	0
P0DO12 	0
Q05979 	0
P09543 	0
Q8IZF0 	0
O13744 	0
P33759 	0
Q94AN2 	0
Q9NPL8 	0
P78540 	0
P40630 	0
Q9UK76 	0
Q86WB0 	0
Q15126 	0
Q9I7U4 	0
A2A288 	0
Q61146 	0
Q3U5Q7 	0
Q9DBN1 	0
Q9SEL5 	0
E5RQA1 	0
Q9XTB5 	0
P40085 	0
Q8IWD4 	0
P53061 	0
P43596 	0
Q9Z2A5 	0
O49660 	0
Q75RY2 	0
Q12035 	0
Q17604 	0
Q14739 	0
Q9JJ28 	0
Q8TDB4 	0
P86452 	0
Q96E09 	0
Q9NZC7 	0
Q96DY5 	0
Q13562 	0
Q12906 	0
Q04712 	0
O42924 	0
O17850 	0
P15796 	0
Q92750 	0
Q42564 	0
P24813 	0
Q15678 	0
Q94AI4 	0
D4A3U0 	0
Q02637 	0
Q2V2P4 	0
Q99569 	0
Q969G3 	0
P52488 	0
Q11107 	0
P14164 	0
Q9VMD6 	0
Q9DCX7 	0
P16965 	0
Q8N726 	0
P36954 	0
Q60864 	0
P38557 	0
Q9VMD0 	0
O43290 	0
Q9NV06 	0
Q9CQT2 	0
Q9Z0W3 	0
Q9QZR8 	0
O76616 	0
Q9UGM6 	0
B2CW77 	0
Q6P3S6 	0
Q6DYE4 	0
Q95QD7 	0
A0A2Z5GDY5 	0
P24389 	0
P83213 	0
Q9BVN2 	0
Q8N196 	0
Q96EH3 	0
Q10059 	0
Q6PCP7 	0
Q5AJU7 	0
Q9DBL9 	0
P79005 	0
Q8GW43 	0
B1ASB6 	0
G5EEU2 	0
Q1MTN3 	0
Q15049 	0
Q921E6 	0
A0A0K3AWP8 	0
P40084 	0
O75132 	0
O13800 	0
O94826 	0
P49842 	0
Q8BJM5 	0
Q95TS5 	0
Q99207 	0
O94916 	0
Q9QXN0 	0
P18859 	0
A7TUE1 	0
P87310 	0
Q91YD4 	0
Q8R3L2 	0
P09594 	0
P36141 	0
G5EDE1 	0
P53142 	0
Q9VMA3 	0
O95707 	0
O15226 	0
O94301 	0
Q08278 	0
P79083 	0
P39927 	0
P00918 	0
Q7S5N0 	0
C6KST8 	0
Q14209 	0
Q9URT8 	0
Q5ZEF1 	0
Q9HCC8 	0
G5EGU9 	0
Q10432 	0
Q9T6H8 	0
F4JZC2 	0
Q9UT03 	0
Q8K3W3 	0
Q93YN0 	0
Q15067 	0
Q6PFX2 	0
Q32MQ0 	0
Q9SF47 	0
P56378 	0
Q91X84 	0
A0A7J6K629 	0
P27882 	0
Q7S1R6 	0
Q9FZ47 	0
Q5PT50 	0
Q84JH7 	0
Q06315 	0
O61766 	0
P41779 	0
Q04781 	0
P27351 	0
Q9LUI3 	0
P78524 	0
Q05809 	0
Q9FEC4 	0
P38345 	0
Q53HV7 	0
Q93VR9 	0
P53569 	0
Q02864 	0
P49335 	0
Q86VP1 	0
Q9H5V9 	0
Q9VDE8 	0
V5ILE0 	0
P49917 	0
Q93ZB2 	0
P17106 	0
P34219 	0
Q96IR7 	0
Q9DB77 	0
Q80UP5 	0
Q6C354 	0
Q80X86 	0
Q84N48 	0
P82925 	0
Q9LY00 	0
Q10187 	0
Q45VK7 	0
O89050 	0
Q9UTQ4 	0
Q16581 	0
Q9BRD0 	0
G5EEV2 	0
Q3S4A7 	0
P16455 	0
A8MQL1 	0
Q9CWR0 	0
P61218 	0
P25299 	0
Q941D3 	0
Q969P6 	0
Q9CQF3 	0
O64973 	0
A0A286YD83 	0
Q91V08 	0
Q9C4Z7 	0
O00257 	0
P35244 	0
Q8N8Q3 	0
Q8BVZ5 	0
P07663 	0
P38909 	0
Q06236 	0
P49957 	0
O45952 	0
Q940X9 	0
Q8C886 	0
O88286 	0
Q7TQD2 	0
Q8BGC4 	0
Q967U1 	0
Q99929 	0
Q8BHN1 	0
O14230 	0
O94286 	0
Q6NUD0 	0
Q8LGJ5 	0
Q9W3M3 	0
Q9SIY3 	0
Q23229 	0
P38790 	0
Q9R080 	0
P38985 	0
P50861 	0
Q01519 	0
Q7Z7K0 	0
Q8LPL7 	0
P47988 	0
Q9FFH0 	0
P55241 	0
P36534 	0
Q9W0I5 	0
P40380 	0
Q7XA78 	0
Q8C551 	0
O14318 	0
F4HS99 	0
O94411 	0
Q9GRZ3 	0
Q9FFH1 	0
O94875 	0
O48721 	0
Q9SXZ2 	0
Q6K881 	0
Q12363 	0
Q08157 	0
P35728 	0
Q15022 	0
Q9W261 	0
Q8MUF9 	0
Q9LZ08 	0
O35613 	0
P26717 	0
Q8L7N4 	0
P09211 	0
Q9M658 	0
P36617 	0
Q96BU1 	0
Q05568 	0
P83876 	0
Q99PV0 	0
Q60674 	0
Q9ZS51 	0
Q54T86 	0
Q6PEY1 	0
Q02772 	0
Q9H5P4 	0
Q20716 	0
Q500U8 	0
P70399 	0
O43006 	0
A0A2R8VHF7 	0
Q09821 	0
Q63HR2 	0
P22138 	0
Q05860 	0
Q8N3F8 	0
Q99JB8 	0
P10795 	0
Q62769 	0
Q8IZY2 	0
Q949Q5 	0
G3UYX5 	0
Q6P1X5 	0
Q12507 	0
Q8WW12 	0
O14013 	0
Q84VX3 	0
P01129 	0
Q8S4F6 	0
D3ZUA0 	0
Q78ZR5 	0
P24919 	0
P38162 	0
O35484 	0
Q96RG2 	0
Q8BHK1 	0
Q04749 	0
Q924H7 	0
P05030 	0
Q9V452 	0
Q86V15 	0
P56216 	0
Q9VNH1 	0
Q9BRG1 	0
Q6DRC5 	0
P36046 	0
Q04623 	0
Q03151 	0
Q4ADV7 	0
P07271 	0
Q8LPR8 	0
Q9FXD6 	0
Q9P2N6 	0
Q9UJM8 	0
D4A208 	0
P38998 	0
Q6YN16 	0
Q9VDV3 	0
P53598 	0
Q9SQU2 	0
P87238 	0
Q84JL7 	0
F4KH86 	0
P32314 	0
Q9NUJ1 	0
P28795 	0
P17812 	0
Q61136 	0
Q9BPX6 	0
J9VJ62 	0
Q9T0A4 	0
Q92575 	0
Q09967 	0
E9Q5G7 	0
P29595 	0
Q8WVQ1 	0
F4JP43 	0
O70597 	0
Q1K5R0 	0
F4INA9 	0
Q6UPE1 	0
Q92353 	0
Q03218 	0
P13468 	0
Q86MD3 	0
Q0E671 	0
Q91VD9 	0
Q9HD15 	0
Q8TE02 	0
Q08282 	0
Q9NYH9 	0
Q8N328 	0
P15924 	0
P43554 	0
Q96T21 	0
Q6ZN18 	0
Q4VAE3 	0
Q86XK2 	0
P93758 	0
F4IS91 	0
Q9C000 	0
Q8VCM2 	0
Q06449 	0
P14905 	0
Q9CZL5 	0
Q9ZQI7 	0
P54198 	0
P32354 	0
O43044 	0
Q9GZS1 	0
P25046 	0
Q9V9W8 	0
Q80VL0 	0
Q1MTQ0 	0
Q9LGE3 	0
O09174 	0
Q9P7B8 	0
Q00416 	0
C0HM83 	0
Q9LFC0 	0
P12689 	0
O88441 	0
Q9CZG9 	0
Q22795 	0
Q9BY10 	0
Q96M32 	0
Q9FFY9 	0
Q8K2T8 	0
Q14192 	0
O43586 	0
O94668 	0
Q8IYW5 	0
Q9LHF5 	0
Q9M9X4 	0
Q15637 	0
P32970 	0
O13855 	0
Q9Y228 	0
Q8CEG8 	0
P32796 	0
B1AWL2 	0
P38250 	0
Q6GPH4 	0
O43083 	0
P16467 	0
Q9SU25 	0
Q6IQ20 	0
P32445 	0
Q96QA6 	0
Q93015 	0
Q9D328 	0
Q08902 	0
Q810H6 	0
Q09961 	0
Q8CD10 	0
Q6P2H3 	0
Q6DYE8 	0
Q9XGM3 	0
P97411 	0
P41698 	0
Q15785 	0
Q9D5V6 	0
Q8IY92 	0
Q92546 	0
Q7KZN9 	0
Q9HAJ7 	0
Q9VU86 	0
Q8LBB2 	0
Q9BQ87 	0
Q03111 	0
Q8L719 	0
Q12754 	0
Q42606 	0
Q8NBT2 	0
Q05900 	0
Q06707 	0
G5EF48 	0
O55236 	0
Q04779 	0
Q6PIV2 	0
P0CT69 	0
Q86U90 	0
Q8IZA0 	0
Q9ULX3 	0
Q6NNL9 	0
Q9V968 	0
Q9BQ48 	0
Q9ESV1 	0
Q6Y685 	0
P78780 	0
Q04087 	0
P53063 	0
Q8RY71 	0
Q96JN0 	0
D3U717 	0
Q09683 	0
H2KYH4 	0
Q12146 	0
P40041 	0
P0DW81 	0
Q9QXV1 	0
Q8WVM0 	0
Q8W4E7 	0
Q8NBA8 	0
Q7L804 	0
Q9NQV5 	0
Q9C5J9 	0
Q96PH1 	0
Q12305 	0
Q9HAF1 	0
Q9HD23 	0
Q9USH6 	0
Q9GZY4 	0
Q96A54 	0
Q19872 	0
Q6PIZ9 	0
Q9Y3A4 	0
Q8VYL1 	0
P52656 	0
C6SZ50 	0
Q924L1 	0
G5EGQ6 	0
Q7Z4T9 	0
Q9CAQ2 	0
P40847 	0
Q84VQ1 	0
Q9H8E8 	0
Q9FN52 	0
Q95XA8 	0
P11471 	0
Q9AUE0 	0
P35732 	0
P04789 	0
A0A1B0GUW7 	0
Q8N3Z6 	0
P50876 	0
Q1M168 	0
P40459 	0
Q9SMX3 	0
Q9VKM6 	0
Q9UJA2 	0
Q6P4A7 	0
Q02521 	0
Q38AH0 	0
Q68DX3 	0
P87152 	0
Q9LTY1 	0
Q9P382 	0
Q06214 	0
P36152 	0
Q8R3P9 	0
P38907 	0
Q9NPB1 	0
P40513 	0
Q9VH70 	0
Q08874 	0
Q9V7P1 	0
Q5I0X4 	0
Q8H110 	0
Q8JFQ4 	0
Q8WUX9 	0
Q8IVG5 	0
O74478 	0
Q9VIF5 	0
Q8WUU5 	0
P32500 	0
Q9ZV06 	0
Q9N5S3 	0
Q12734 	0
P16458 	0
Q10168 	0
P33419 	0
Q86PD7 	0
O15360 	0
P11799 	0
Q96QF7 	0
Q7YR75 	0
Q6PB70 	0
O75056 	0
Q99836 	0
Q9HCS7 	0
Q9H3L0 	0
Q9H3S7 	0
Q2M3C6 	0
Q8NB78 	0
Q1G3K8 	0
Q9NAD6 	0
Q9VTZ2 	0
O88597 	0
Q5VYK3 	0
Q96Q11 	0
Q19541 	0
P56287 	0
Q8T0D4 	0
Q9UPZ3 	0
Q86VP3 	0
Q9Y508 	0
P87234 	0
Q86TS9 	0
Q8VY15 	0
Q9JJ09 	0
Q8TAX9 	0
Q14157 	0
Q96JB5 	0
Q96AZ6 	0
O82357 	0
O22265 	0
O18412 	0
P84996 	0
P38769 	0
Q9WUM4 	0
Q9EQQ4 	0
Q08457 	0
Q10422 	0
P53238 	0
Q6RFZ7 	0
Q3E785 	0
Q8N0T1 	0
Q8NC56 	0
Q9BQ95 	0
P39678 	0
Q9BLG3 	0
Q10PI9 	0
P59540 	0
Q9W088 	0
Q6A078 	0
O22832 	0
O60934 	0
P0DOW4 	0
Q8IZU0 	0
Q9Y2R0 	0
P48268 	0
Q0WV90 	0
P17442 	0
Q8VZS0 	0
Q9NUK0 	0
Q9Y817 	0
P82349 	0
Q07532 	0
B5X0I6 	0
P49435 	0
O14827 	0
Q13216 	0
Q0JJ05 	0
P56182 	0
P09081 	0
P28715 	0
Q24167 	0
O55003 	0
Q8VYZ5 	0
Q9EQW6 	0
P01880 	0
P53808 	0
Q9Y5S8 	0
P32908 	0
Q04170 	0
Q865Y9 	0
Q9Y3S2 	0
G5ED29 	0
Q03018 	0
O95551 	0
Q9Y388 	0
Q8L7Z0 	0
P42731 	0
Q9VYY4 	0
Q6PJG6 	0
Q9Y5U2 	0
Q7Z2Z1 	0
P23492 	0
P40466 	0
Q80UF9 	0
A0A2P1GIW3 	0
Q96N21 	0
O18381 	0
Q9UT32 	0
P51810 	0
Q60680 	0
Q9NZ42 	0
P06509 	0
Q9SNC0 	0
Q96IX5 	0
Q5SWT3 	0
Q2KID9 	0
Q9WVC3 	0
P25364 	0
Q64471 	0
Q8TDG4 	0
Q8BTQ0 	0
Q9D4H9 	0
Q9Z125 	0
O74500 	0
P21771 	0
P82922 	0
O15164 	0
Q15466 	0
Q6F6B5 	0
Q8VZB2 	0
Q9UQY9 	0
Q8TBR7 	0
P87054 	0
O24606 	0
O59669 	0
Q9H3N8 	0
Q86WB7 	0
P46674 	0
Q9NW15 	0
Q8VYJ1 	0
P46997 	0
Q94515 	0
O74889 	0
O59746 	0
P03069 	0
P36000 	0
Q9S9N6 	0
Q0P651 	0
O78749 	0
O94664 	0
Q84VQ4 	0
Q9YH58 	0
P53032 	0
G5EGK5 	0
Q8LAJ7 	0
P82244 	0
Q7DMA9 	0
Q14116 	0
Q5THR3 	0
Q9UDR5 	0
O95905 	0
Q03718 	0
Q9P287 	0
C7AJA4 	0
Q9Z0S4 	0
Q9LVS0 	0
Q9D945 	0
O77059 	0
Q9P2P6 	0
Q9FR37 	0
Q04264 	0
Q8TEH3 	0
Q9M9L6 	0
Q8IU99 	0
Q9Y6G1 	0
Q9Y6X4 	0
Q9H9P5 	0
Q9SJQ9 	0
Q9BXJ9 	0
Q9W420 	0
Q80Z29 	0
P47045 	0
Q6PL11 	0
P53999 	0
O35820 	0
Q01454 	0
Q9Y7J2 	0
Q6C7L6 	0
Q3T040 	0
Q9LY66 	0
P53720 	0
Q9LTW4 	0
Q5HZG9 	0
Q99829 	0
O35710 	0
Q86TG7 	0
P34886 	0
G5EDW7 	0
P22697 	0
P13804 	0
P62249 	0
Q9VR38 	0
Q9SX99 	0
Q9VNB5 	0
O94478 	0
Q76KJ5 	0
O17286 	0
P09956 	0
Q7Z695 	0
Q9Y3A5 	0
O13709 	0
Q6ZIK5 	0
Q9FJK3 	0
Q7TPD6 	0
Q15477 	0
Q8K4H1 	0
Q8NFJ9 	0
Q9DBG9 	0
Q9NUL5 	0
A0A0A6YY25 	0
Q9NWW0 	0
Q9Y5B8 	0
P11101 	0
Q9FFS4 	0
P19440 	0
Q09924 	0
Q3UL53 	0
Q7TSD4 	0
P25368 	0
P97481 	0
P38227 	0
P32761 	0
Q62141 	0
Q9ZVL6 	0
B7WN96 	0
P33893 	0
O94818 	0
Q9SLB9 	0
P32904 	0
Q9UU84 	0
P50416 	0
Q9H5V7 	0
Q9T0H9 	0
P0DXC1 	0
O70404 	0
Q9NWT8 	0
Q00312 	0
P53724 	0
P80484 	0
P06701 	0
Q92466 	0
Q08050 	0
Q8I2S0 	0
Q5A4H5 	0
P39706 	0
P10900 	0
O74361 	0
Q1ZXQ0 	0
Q3E705 	0
Q70CQ3 	0
Q99LM3 	0
Q53KK6 	0
Q501D2 	0
Q42529 	0
Q8IIS5 	0
Q9LU39 	0
Q9NPP4 	0
O55227 	0
O04209 	0
Q9LRI8 	0
P43587 	0
Q9WVJ6 	0
P08593 	0
P52927 	0
P39880 	0
P09798 	0
Q84LK0 	0
V5IM94 	0
Q13342 	0
O22802 	0
Q9FPR3 	0
A2AKK5 	0
Q08236 	0
Q8C0R7 	0
Q96FQ6 	0
O81242 	0
Q0QWG9 	0
A0PK05 	0
Q12080 	0
Q9CQT7 	0
Q673G8 	0
Q94AT3 	0
Q9H6R4 	0
Q03036 	0
P09119 	0
P22033 	0
Q9Y2Y6 	0
P07270 	0
Q7ZW57 	0
O74331 	0
P35183 	0
Q15717 	0
Q12955 	0
Q8NBV4 	0
Q9USV1 	0
Q6NPN9 	0
O43818 	0
P53883 	0
Q9HBM1 	0
O14212 	0
Q9H307 	0
O14215 	0
P10109 	0
Q24JJ9 	0
Q8VZU2 	0
Q5SY16 	0
Q64442 	0
Q9FMW8 	0
P31376 	0
Q8WXF8 	0
O74354 	0
Q96PN7 	0
Q61161 	0
Q03771 	0
P49792 	0
P83758 	0
P38631 	0
Q9SB47 	0
Q3E824 	0
B2AFA8 	0
Q9UUI2 	0
Q18616 	0
Q6S5L8 	0
Q38897 	0
A0A2H1VE33 	0
Q0WNB1 	0
O23166 	0
Q5SSJ5 	0
Q19203 	0
P09368 	0
Q6P587 	0
P39952 	0
Q8CI52 	0
O96000 	0
O14196 	0
Q96KG9 	0
Q06697 	0
P97452 	0
Q257B3 	0
A0A0G2K309 	0
P46059 	0
Q99575 	0
Q8C5S7 	0
O14734 	0
P54725 	0
Q99942 	0
Q9ESK9 	0
Q8NFU0 	0
O95359 	0
Q9Y7R3 	0
Q9XI73 	0
Q9C6T1 	0
Q8N7A1 	0
P53083 	0
O23299 	0
P10749 	0
Q7JRE4 	0
Q9QYJ6 	0
Q7SAJ1 	0
Q6S591 	0
P17712 	0
Q8R5A0 	0
Q3U9N9 	0
Q12334 	0
P46669 	0
Q9JJD0 	0
Q8QG92 	0
J9VE33 	0
Q9WVM1 	0
P42114 	0
Q15760 	0
Q9M2Z2 	0
E5FYH0 	0
P36038 	0
O55230 	0
Q8VYU8 	0
O96237 	0
Q8INM3 	0
Q659A1 	0
A8CVF3 	0
Q12178 	0
Q9UQ84 	0
Q64267 	0
G5EGE9 	0
O80669 	0
A0A076FFM5 	0
Q9NVI1 	0
Q8W4D6 	0
Q10317 	0
O77264 	0
Q3MIR4 	0
Q9VGL8 	0
Q8GZA8 	0
Q9M280 	0
O43592 	0
O42804 	0
Q91WE2 	0
Q9JHI9 	0
P0DJI6 	0
O14322 	0
P38283 	0
Q02630 	0
Q9BY12 	0
Q9NX08 	0
P09144 	0
P43582 	0
Q9LY74 	0
Q96305 	0
Q05683 	0
P32451 	0
P53850 	0
P50105 	0
Q08492 	0
Q86WR6 	0
P04817 	0
Q9LZW2 	0
Q9EPA0 	0
Q9BTL3 	0
A0A120KVR5 	0
Q9FNZ5 	0
Q8VZS3 	0
B3EWF7 	0
Q9NZP6 	0
Q9H410 	0
Q09014 	0
G5EG86 	0
Q18171 	0
Q96FX2 	0
Q6PFQ7 	0
A2AG58 	0
Q5AMH6 	0
Q6P756 	0
Q8WZJ8 	0
Q93062 	0
Q58A45 	0
Q8CH19 	0
Q24472 	0
P59649 	0
Q9LSA9 	0
O60829 	0
P19889 	0
O43504 	0
Q9M3B8 	0
Q61818 	0
Q96PY6 	0
Q9LUI2 	0
P38182 	0
Q8BWY7 	0
F4I8I0 	0
Q10429 	0
Q05498 	0
Q9SCL7 	0
P97577 	0
A0A061ACU2 	0
Q9NY33 	0
Q9XUK2 	0
P07247 	0
Q94BV2 	0
Q9NQV6 	0
Q9SW31 	0
Q02457 	0
P23804 	0
P24929 	0
O94459 	0
P32388 	0
Q8WUQ7 	0
E7FKV8 	0
Q3KNY0 	0
P32584 	0
Q05CL8 	0
Q9UI30 	0
Q66K74 	0
Q96T76 	0
P0CB49 	0
Q93Y52 	0
A0A2H1A5W4 	0
F4KFB3 	0
P56282 	0
Q9JK95 	0
O00522 	0
P57071 	0
Q5T9L3 	0
Q00947 	0
O35914 	0
O54825 	0
P42937 	0
P05084 	0
Q9BZZ5 	0
P40156 	0
Q13029 	0
Q20709 	0
Q96P48 	0
Q6ZVD8 	0
Q9FPS9 	0
F4KAV2 	0
Q9HD33 	0
Q62315 	0
Q96G30 	0
Q9H3M7 	0
Q9FJ17 	0
Q9Y3D5 	0
Q9C9B9 	0
Q9VF30 	0
Q9NQ31 	0
O14188 	0
Q7JWP6 	0
Q02614 	0
Q8L5Z4 	0
Q86VE9 	0
Q96RN5 	0
Q53R41 	0
F6ZDS4 	0
Q8VWG3 	0
Q9XFT3 	0
Q21446 	0
Q9VPF9 	0
Q5M755 	0
P80470 	0
P53972 	0
Q04006 	0
Q7L4E1 	0
Q94AR8 	0
P53067 	0
Q9NZC4 	0
P47087 	0
Q9FIB6 	0
P24482 	0
Q94BQ3 	0
P48437 	0
Q8GXF8 	0
Q8IDM6 	0
Q6FI81 	0
Q8WYQ5 	0
Q9FXH5 	0
Q06833 	0
Q07163 	0
Q9I7K0 	0
Q03782 	0
Q9FPW4 	0
Q96KR7 	0
Q7M750 	0
Q05930 	0
Q9HGN4 	0
Q9P127 	0
Q9C8H3 	0
Q8IUH3 	0
Q06089 	0
Q03220 	0
Q9LEM8 	0
O13788 	0
O23210 	0
O60057 	0
Q9BV20 	0
P30793 	0
A6NHQ2 	0
Q16773 	0
A3KPQ7 	0
P47041 	0
P38793 	0
Q12033 	0
O81852 	0
P0DPG3 	0
Q680Q4 	0
Q2LAE1 	0
A2XFC1 	0
O44997 	0
Q9BR61 	0
Q8LGD5 	0
Q39009 	0
Q96N11 	0
Q9BZE9 	0
O94397 	0
Q95Y80 	0
O94667 	0
Q9FFJ8 	0
P41920 	0
Q9BY77 	0
Q8K4J6 	0
P11930 	0
P53088 	0
P28007 	0
P40356 	0
P21190 	0
O35235 	0
Q6MG82 	0
O13807 	0
Q16635 	0
Q9C446 	0
Q25825 	0
Q08702 	0
Q8N6L0 	0
G5EEC5 	0
Q0VD83 	0
O94522 	0
P46947 	0
Q7Z3D4 	0
Q2Z1W2 	0
O14497 	0
P39965 	0
Q9UTT2 	0
P40467 	0
P49888 	0
Q9H079 	0
O74359 	0
Q9ZPQ3 	0
P11115 	0
Q4PLS0 	0
O14730 	0
Q03713 	0
Q8GXJ1 	0
Q9HCJ1 	0
O23247 	0
Q8GT74 	0
E2RU97 	0
Q9LZD0 	0
Q9D3G5 	0
P53507 	0
Q96PE3 	0
P50402 	0
Q8TC26 	0
Q96JB3 	0
Q90ZS6 	0
Q60415 	0
Q1K8V2 	0
Q586F4 	0
Q02046 	0
O82265 	0
Q00497 	0
Q91XT6 	0
O23277 	0
P34341 	0
Q9Y6H6 	0
Q8BFX3 	0
O94888 	0
F4J7T2 	0
Q02410 	0
Q8NHV9 	0
B2D6M2 	0
Q95QA6 	0
Q86XK3 	0
P12524 	0
Q9FJW3 	0
Q9M7I7 	0
Q94BT6 	0
Q3UHH1 	0
O13985 	0
O13801 	0
P70279 	0
Q38E51 	0
Q7Z7H3 	0
F4JVI3 	0
P17677 	0
P40757 	0
O02274 	0
Q9JMG3 	0
Q13868 	0
Q01613 	0
Q9FIG9 	0
Q96247 	0
O24463 	0
Q9BXL5 	0
Q8IPX7 	0
P24391 	0
Q8NI27 	0
Q9VWF2 	0
Q9UMN6 	0
O55207 	0
P29467 	0
Q9C5S1 	0
Q96RS6 	0
Q9P7H8 	0
Q96K12 	0
Q8R5A3 	0
P91082 	0
Q9H211 	0
Q9SL95 	0
P20941 	0
O74458 	0
Q7SG49 	0
Q6P1K2 	0
O60130 	0
Q6K678 	0
E9PYL2 	0
Q91WV7 	0
Q69ZR9 	0
Q8LPQ9 	0
Q9P0J0 	0
Q8GWP5 	0
O59744 	0
P12198 	0
P54105 	0
P25028 	0
Q8WXC6 	0
P82139 	0
Q05175 	0
Q8SUF9 	0
Q9UJ42 	0
Q9P6L9 	0
O80845 	0
O94294 	0
O88457 	0
Q9NV29 	0
P53241 	0
Q9UQ35 	0
P53060 	0
Q03430 	0
Q02983 	0
P28321 	0
Q9BTV5 	0
Q8C624 	0
P40571 	0
O94355 	0
O64827 	0
O14036 	0
P78929 	0
Q9UT31 	0
Q9SY69 	0
Q9GZV3 	0
P60881 	0
Q07589 	0
Q9NZN3 	0
O88846 	0
O13803 	0
O35615 	0
Q9UGC7 	0
Q17390 	0
Q9NUM3 	0
Q94K73 	0
P38292 	0
Q9LFA3 	0
Q00278 	0
Q94AV5 	0
A6NK89 	0
Q1W6H9 	0
Q06672 	0
Q06892 	0
Q9SYD8 	0
Q5T8A7 	0
C4LY96 	0
Q02794 	0
P32432 	0
Q9VEX9 	0
Q8WWL7 	0
P07253 	0
H2KZB2 	0
Q6IEG0 	0
P97367 	0
Q94AH1 	0
Q24434 	0
V5IRA3 	0
Q8ITW8 	0
P32489 	0
P38175 	0
Q2V2Q1 	0
P27680 	0
A0A0B5LB55 	0
O74844 	0
O76064 	0
Q8NCN4 	0
P25618 	0
Q9JHL0 	0
Q6P2D8 	0
Q45EK2 	0
Q06091 	0
Q9NRY2 	0
P20676 	0
Q96KP4 	0
Q9NPG3 	0
Q4WJ81 	0
O74946 	0
Q9UDY8 	0
O15504 	0
Q86WR0 	0
Q8L774 	0
P97931 	0
Q9HE02 	0
P39013 	0
P12297 	0
Q9UUK4 	0
Q9VZL5 	0
P38830 	0
Q9V9N4 	0
O23174 	0
Q9LVM5 	0
P29344 	0
Q22717 	0
Q4AE62 	0
P53983 	0
Q8I6Z7 	0
A0A437AGY2 	0
P38783 	0
P53004 	0
Q8BKC5 	0
Q9BZH6 	0
Q7X7A4 	0
Q91836 	0
Q93WE4 	0
Q96AH0 	0
P47158 	0
P38852 	0
Q06675 	0
Q42843 	0
P78508 	0
Q9HCC9 	0
Q61471 	0
Q14498 	0
Q9Z1P6 	0
I6PL68 	0
Q06568 	0
Q8K2X8 	0
P13010 	0
Q54EQ8 	0
P42166 	0
F6VAN0 	0
Q22812 	0
Q9UTL6 	0
P40087 	0
Q6EPZ0 	0
P59103 	0
Q9W123 	0
O20030 	0
P38208 	0
P78953 	0
P34250 	0
Q5FWP4 	0
Q3UZP0 	0
Q9H814 	0
Q9BU64 	0
Q01448 	0
Q8NCN2 	0
H2KZH5 	0
P87176 	0
P02314 	0
Q9SKZ1 	0
Q03213 	0
Q91Z31 	0
Q99LY9 	0
Q16514 	0
Q63425 	0
Q91VJ5 	0
O94751 	0
Q0ZLH2 	0
Q9BQ83 	0
Q9FJN9 	0
O64750 	0
P09547 	0
P24349 	0
Q9VX09 	0
O01670 	0
Q8GY65 	0
Q12089 	0
P51521 	0
O75179 	0
Q09146 	0
Q8W5B1 	0
Q9FNP4 	0
P34981 	0
Q9P212 	0
Q9VT00 	0
Q7RWZ7 	0
Q9Y6N1 	0
F8VPJ6 	0
O75592 	0
Q7M0E7 	0
P32790 	0
Q9LR64 	0
Q07950 	0
Q15029 	0
Q03640 	0
E9PVX6 	0
Q71SY5 	0
O74986 	0
O13988 	0
B4XT64 	0
P28074 	0
P87052 	0
Q53H47 	0
P53568 	0
O46101 	0
Q9NPJ4 	0
O75414 	0
Q5SS91 	0
Q8HTL5 	0
Q2M3R5 	0
Q04411 	0
Q04867 	0
Q12106 	0
Q12090 	0
Q4V7C6 	0
O02696 	0
H2KYS8 	0
Q9W1X4 	0
Q17784 	0
Q95339 	0
Q8H1Q1 	0
G5EGK6 	0
Q9VBB3 	0
T2BMW7 	0
P0CW70 	0
Q86TC9 	0
P38628 	0
Q9Y2K1 	0
P62913 	0
P38827 	0
Q9VRJ0 	0
Q6NL34 	0
Q5D869 	0
Q9H2S6 	0
Q3UHC2 	0
P01100 	0
Q6DN90 	0
Q8IG69 	0
P38927 	0
Q9P0W2 	0
Q9LXT3 	0
O43008 	0
Q96CX2 	0
Q6PI77 	0
Q09728 	0
Q9UNX4 	0
Q84WV6 	0
P10156 	0
Q96CA5 	0
Q9NS91 	0
Q9WV69 	0
Q9VKJ9 	0
Q39055 	0
Q9TZ70 	0
Q96C12 	0
Q9JHU6 	0
Q22663 	0
Q92317 	0
Q5TGY3 	0
Q8W487 	0
P17558 	0
Q8WWC4 	0
Q8BMI0 	0
F4JF14 	0
Q9BSH4 	0
Q71RC2 	0
P25043 	0
O43909 	0
Q21443 	0
A4FUC0 	0
Q8I566 	0
P33240 	0
P09234 	0
Q03862 	0
P21135 	0
Q7L3V2 	0
O59757 	0
Q99543 	0
Q96BR5 	0
Q01962 	0
Q9CPQ8 	0
Q53GL0 	0
Q1PDI2 	0
A1Z7A8 	0
A8K830 	0
P53068 	0
B1B534 	0
Q9VWE6 	0
Q6P4Q7 	0
Q39057 	0
P10734 	0
B5TYT3 	0
Q8S1D9 	0
Q9UBH6 	0
Q9CR24 	0
O74958 	0
Q9JK24 	0
Q19360 	0
Q8R4C2 	0
Q9S7B5 	0
P50080 	0
Q12986 	0
O49937 	0
O74740 	0
Q4VC44 	0
O13351 	0
O13848 	0
Q9SGA2 	0
P63040 	0
Q9LU68 	0
Q1ACB3 	0
P18412 	0
Q9ZUX4 	0
Q9R1X4 	0
Q8C8Y5 	0
Q9SYM0 	0
Q9BQS6 	0
Q9JLC3 	0
Q80WJ1 	0
Q14669 	0
Q95QW4 	0
Q940L4 	0
Q02685 	0
Q41142 	0
P40498 	0
P32792 	0
P40850 	0
G5EGS7 	0
P38803 	0
Q9SL94 	0
Q9SGY2 	0
Q9SZR9 	0
D3J162 	0
Q08119 	0
Q8VDF2 	0
Q22323 	0
Q02297 	0
Q9WV78 	0
Q9HCU9 	0
Q9VLD6 	0
G5EEG1 	0
A0A0G2K047 	0
Q96DE5 	0
Q5U419 	0
Q62209 	0
Q5FW52 	0
Q9SND6 	0
P29350 	0
Q09349 	0
Q03770 	0
Q9VH08 	0
P0DH95 	0
Q8VY21 	0
Q8H1E5 	0
Q9Y6P5 	0
Q00912 	0
P43618 	0
Q95QK3 	0
Q86UW2 	0
O74848 	0
Q95RQ8 	0
Q12415 	0
Q9Y6X3 	0
P15343 	0
Q08952 	0
P04080 	0
Q9LK57 	0
Q16206 	0
Q8VC04 	0
Q06608 	0
Q9FT52 	0
Q12204 	0
P29965 	0
P33417 	0
Q57V03 	0
F4I902 	0
Q9VC56 	0
P92966 	0
Q9NTK1 	0
P09597 	0
P09007 	0
Q7K556 	0
A6NK58 	0
P40567 	0
Q969F0 	0
P36144 	0
Q12405 	0
Q8NAG6 	0
Q99638 	0
Q9TYT3 	0
P27684 	0
O96622 	0
Q92341 	0
Q12056 	0
Q60676 	0
Q9DCR4 	0
Q92945 	0
Q9Y118 	0
Q9V3H8 	0
P38749 	0
Q96QD9 	0
P34440 	0
Q8H1D9 	0
Q9Z286 	0
Q9BZB8 	0
Q9UFW8 	0
O59767 	0
Q8TEK3 	0
Q8RX78 	0
Q7S711 	0
Q9UT50 	0
Q8BT35 	0
Q0ZCJ7 	0
P00423 	0
Q9ZNT7 	0
P40568 	0
Q8VZD4 	0
Q7RYW7 	0
Q8IXP5 	0
Q13487 	0
B8BNY7 	0
Q9US52 	0
Q9FNZ4 	0
Q35914 	0
Q8TD19 	0
P32389 	0
G5EDM7 	0
Q9SIU2 	0
Q9SAL0 	0
P39001 	0
Q9Y6K5 	0
Q03370 	0
P35817 	0
Q1MTS0 	0
P38913 	0
Q9S7G6 	0
P87233 	0
Q9ZW33 	0
Q9Z1K6 	0
Q4WIN1 	0
Q22024 	0
Q9Y7M6 	0
O65220 	0
Q63472 	0
Q811D2 	0
Q93654 	0
O54963 	0
Q18412 	0
Q8R2H7 	0
P10862 	0
O14146 	0
Q60974 	0
Q6WNK7 	0
Q9MAB9 	0
Q8MIR0 	0
Q9SKZ5 	0
P53333 	0
Q8IYT2 	0
Q9SD11 	0
O94979 	0
Q12874 	0
O14064 	0
Q8K337 	0
Q03327 	0
O88382 	0
Q9UKN8 	0
P97717 	0
Q9Y7Y5 	0
Q9Y4R8 	0
Q06801 	0
P0CG12 	0
Q8ST83 	0
Q9SFU0 	0
Q5M834 	0
P43569 	0
P14712 	0
P19263 	0
Q2NL27 	0
Q9Y7Y6 	0
Q9FXI5 	0
Q9DC04 	0
Q94131 	0
P40625 	0
Q8BKA3 	0
Q9SZD6 	0
Q93092 	0
B8BDQ4 	0
Q3SXM5 	0
Q9R226 	0
Q8CJF7 	0
Q9CAI5 	0
Q9P797 	0
O75586 	0
P22516 	0
Q8VHW8 	0
Q96L08 	0
Q93YW0 	0
Q05043 	0
Q6S5G3 	0
Q4KMQ1 	0
Q13285 	0
Q96SI1 	0
Q96QT6 	0
P54622 	0
Q6P8X9 	0
P14737 	0
Q9UUA8 	0
Q9QZ04 	0
Q15038 	0
P25441 	0
Q12036 	0
Q383Q5 	0
Q38942 	0
Q8LE98 	0
Q9NWH2 	0
P53920 	0
P53307 	0
Q8IZS7 	0
B8ZXI1 	0
P52503 	0
Q9WUU9 	0
Q61069 	0
Q9NZM5 	0
P32776 	0
P46637 	0
Q99L90 	0
Q9GMC9 	0
Q86W26 	0
Q9HGL9 	0
E9EXC4 	0
Q7JM44 	0
Q12802 	0
Q42736 	0
Q6P589 	0
Q8BMA3 	0
Q08470 	0
P36632 	0
Q9VLL3 	0
O74560 	0
P50077 	0
A0A0K3AR81 	0
P18263 	0
Q9Y675 	0
Q9Z0D9 	0
Q14CX5 	0
Q02455 	0
P13489 	0
Q9W484 	0
Q96GM8 	0
P32479 	0
Q96WW2 	0
O55035 	0
A8MPH9 	0
Q9C757 	0
P53139 	0
Q8VZQ4 	0
Q10573 	0
Q9HDB9 	0
A0A0F7G352 	0
P46963 	0
P54857 	0
Q6GYP7 	0
Q12124 	0
P60002 	0
Q99315 	0
Q9EQ80 	0
Q08509 	0
Q9Y5B0 	0
O13699 	0
Q9UGI0 	0
Q9Y2W2 	0
Q80TN7 	0
Q8IU60 	0
Q9UBD5 	0
P53913 	0
Q84LB6 	0
Q92766 	0
Q8NGU9 	0
Q9BX63 	0
Q8WUG5 	0
Q96T49 	0
B9TSP7 	0
P54256 	0
A2IDD5 	0
Q20733 	0
Q9C115 	0
P53298 	0
P26188 	0
O74388 	0
Q99J99 	0
F4K8S5 	0
O43805 	0
Q9H1K0 	0
P26755 	0
Q6NVU6 	0
Q9NR00 	0
P38074 	0
Q9NRN9 	0
O95704 	0
P53899 	0
Q9ZNV9 	0
Q6LA54 	0
Q91ZE0 	0
Q75QN2 	0
Q93ZF6 	0
P14291 	0
Q96MB7 	0
Q96VH5 	0
O74761 	0
Q05541 	0
Q60698 	0
Q9XZS8 	0
Q39214 	0
Q00757 	0
Q9GZQ3 	0
Q7RTY1 	0
O22788 	0
Q95749 	0
P19173 	0
B4DJY2 	0
O22773 	0
P40382 	0
Q9HFF5 	0
Q9NWT6 	0
Q9CA42 	0
P38873 	0
Q8BM47 	0
Q9UTQ7 	0
Q9Y6D6 	0
P34802 	0
Q9FFD2 	0
Q9H4A6 	0
Q9QY02 	0
Q9P7K5 	0
Q8GUT5 	0
Q9JIQ3 	0
P36421 	0
A2T1U1 	0
Q9SGS4 	0
P37107 	0
Q9JHR9 	0
Q96HA7 	0
Q8IWT0 	0
Q9SAA2 	0
P17505 	0
Q6PCZ4 	0
Q9LDY5 	0
P39749 	0
Q9Y2G0 	0
Q7TP54 	0
Q7LL22 	0
P16547 	0
Q6TCH4 	0
Q9NS69 	0
Q4VBD9 	0
Q20646 	0
P46379 	0
P54860 	0
A6H8Y1 	0
P50535 	0
P52306 	0
P38637 	0
Q9SJZ6 	0
Q9SD80 	0
Q9ASS2 	0
Q42512 	0
Q9BQG0 	0
Q7SH52 	0
Q9P2H5 	0
Q9NYP3 	0
Q86XI2 	0
Q940U6 	0
Q9LR78 	0
Q8IXI2 	0
Q9EPC1 	0
A0A075TXZ1 	0
Q9CQ91 	0
Q14690 	0
Q96DX5 	0
P40535 	0
Q8BMP6 	0
Q9XH37 	0
Q965H3 	0
Q76JU9 	0
P32944 	0
Q9H875 	0
P22194 	0
P32338 	0
Q9DBU6 	0
P51795 	0
A6NLJ0 	0
P38117 	0
Q9SK71 	0
Q7LDG7 	0
O44498 	0
Q12247 	0
Q61233 	0
Q8C5Y2 	0
O65502 	0
Q9NXZ1 	0
Q9D115 	0
P26370 	0
P39112 	0
Q9FLY0 	0
Q6GQQ9 	0
Q9S758 	0
O47027 	0
A1Z9G3 	0
Q9CUU3 	0
M0R7Z9 	0
K4CWS6 	0
Q969S3 	0
Q12297 	0
P38737 	0
A2AKX3 	0
Q5T890 	0
Q9UM63 	0
S0DPL8 	0
D3ZNV2 	0
Q02606 	0
Q8TEW0 	0
Q9CWR7 	0
Q7X6P3 	0
Q9LX34 	0
Q9SYM5 	0
Q8R0N6 	0
Q700C7 	0
O13683 	0
Q9CQK7 	0
Q9DEE9 	0
Q3V0B4 	0
Q6XQN6 	0
Q9Y6D0 	0
P57088 	0
Q9VQD6 	0
Q16540 	0
Q9NVT9 	0
Q5SV85 	0
Q06211 	0
Q8N100 	0
P52298 	0
P48987 	0
Q9VN45 	0
Q8TAE8 	0
Q9D1F4 	0
P32347 	0
Q37708 	0
Q9VPQ6 	0
Q9W0K4 	0
Q9Y586 	0
Q8GWA2 	0
P22438 	0
Q99990 	0
Q12349 	0
P83111 	0
Q5JVS0 	0
Q9LF24 	0
B5KM66 	0
Q9VN60 	0
A2AIV2 	0
Q5SSW2 	0
Q9ESJ7 	0
Q9NXV2 	0
H3BKT1 	0
Q8VY16 	0
Q05636 	0
Q03081 	0
Q9LQU4 	0
Q6TA49 	0
Q8NBS3 	0
Q9NVU7 	0
P38236 	0
P51557 	0
P02786 	0
Q92619 	0
O13297 	0
Q9WTW1 	0
Q9Y5I7 	0
Q9JII1 	0
P38207 	0
P32833 	0
Q9C107 	0
P40007 	0
Q9NQ33 	0
Q96QE3 	0
Q00453 	0
Q68E01 	0
Q15004 	0
Q8GYF7 	0
Q7TS63 	0
Q57UZ7 	0
Q54SM3 	0
P40548 	0
P15382 	0
Q08857 	0
Q9V3Y0 	0
Q07913 	0
Q9BT49 	0
Q03694 	0
Q9U2M1 	0
Q8BN78 	0
Q96SK2 	0
Q9LF79 	0
Q66L44 	0
O00154 	0
Q95XQ1 	0
Q20992 	0
Q99MI9 	0
P25555 	0
Q7M3M8 	0
P38996 	0
Q8BQR4 	0
Q92585 	0
Q9LTR2 	0
Q9UTK5 	0
Q386F1 	0
O36024 	0
G5EEW6 	0
G2HK15 	0
Q9BQ65 	0
Q5U117 	0
Q69ZK0 	0
Q9EPI8 	0
Q92522 	0
Q8W234 	0
O74971 	0
O82504 	0
Q59H18 	0
O74374 	0
O74485 	0
P19954 	0
Q9LYD9 	0
P17987 	0
P90551 	0
Q24478 	0
P47149 	0
Q9P7J2 	0
Q8N8R5 	0
Q69383 	0
Q9WTK2 	0
O74553 	0
Q8N3I7 	0
O95218 	0
Q8K3G9 	0
Q7K4V4 	0
P40541 	0
Q9DBA9 	0
Q9M158 	0
Q9FGQ9 	0
Q9UPV0 	0
Q5AP95 	0
F8VPU2 	0
Q5NCS9 	0
Q16611 	0
P40506 	0
O82239 	0
P11978 	0
Q8N2Z9 	0
Q9EPL8 	0
P53877 	0
A0A0B5KU17 	0
O60952 	0
Q62696 	0
Q99321 	0
P38961 	0
Q9D2A5 	0
P25569 	0
P40064 	0
Q9UPR3 	0
Q6BDR8 	0
P52891 	0
Q7TS55 	0
Q6PCD5 	0
Q07349 	0
Q8TEV9 	0
Q9LMT7 	0
Q9SU08 	0
Q562E2 	0
P42847 	0
A1Z830 	0
P47148 	0
Q9UJY1 	0
P97346 	0
O97965 	0
P18496 	0
Q9VCP1 	0
Q12181 	0
P32800 	0
Q0WLC6 	0
Q9SJ50 	0
Q13889 	0
Q94C32 	0
Q8N5C6 	0
Q8NDL9 	0
Q18PE0 	0
Q15003 	0
Q9SNX8 	0
Q16891 	0
Q7Z2D5 	0
Q9DAT5 	0
Q5VTR2 	0
Q9U405 	0
Q86UK7 	0
Q9NZ09 	0
S8F0G9 	0
Q10SY9 	0
Q8K136 	0
Q8N5N7 	0
Q9Z2D6 	0
Q9ZNQ8 	0
Q8VZ20 	0
Q94BY9 	0
P40337 	0
Q62908 	0
Q9SN22 	0
P20719 	0
Q7KMJ6 	0
P43557 	0
P18409 	0
Q9Y3Y2 	0
Q9C8L2 	0
Q99489 	0
Q05921 	0
P51530 	0
Q18425 	0
P53914 	0
Q99615 	0
P49793 	0
Q8WUA4 	0
Q9LIQ9 	0
Q9CAF6 	0
Q10103 	0
Q8L6Z4 	0
Q12285 	0
Q9UGY1 	0
Q4WN10 	0
P40528 	0
P19447 	0
Q9H8K7 	0
Q96GJ1 	0
P53226 	0
P35735 	0
Q9BPX3 	0
Q9SPU7 	0
Q3ECR7 	0
P19538 	0
Q9NPI8 	0
P38801 	0
P86924 	0
Q3E7B2 	0
Q15311 	0
Q9DAG5 	0
P17665 	0
Q9Y5L0 	0
P38809 	0
Q08096 	0
O82264 	0
Q9V6L9 	0
Q1MTQ9 	0
Q9H1P3 	0
P38770 	0
Q9C5Q8 	0
O95997 	0
A0A1B0GSN8 	0
O74964 	0
Q80WE1 	0
Q9Z2N6 	0
A0A3B3IS91 	0
Q5DTW7 	0
Q6IPU0 	0
Q19614 	0
P22907 	0
O43502 	0
P38289 	0
O74954 	0
P0CG13 	0
Q9WTQ8 	0
Q9P6R0 	0
Q9ZWS6 	0
Q39261 	0
O88951 	0
P24226 	0
Q9Y3B8 	0
Q9SV55 	0
P83267 	0
Q96IZ0 	0
Q5TA50 	0
Q0D2I5 	0
D3ZAW2 	0
Q94535 	0
Q05123 	0
Q04364 	0
P42736 	0
Q9M2V1 	0
Q9BYN7 	0
Q9Y530 	0
Q14657 	0
O35625 	0
Q9LD47 	0
G5EEH9 	0
Q9EQR5 	0
Q7TQJ8 	0
Q9ASY8 	0
P38632 	0
P57093 	0
Q60560 	0
P33076 	0
Q12277 	0
Q9HEQ9 	0
Q15751 	0
P50874 	0
P53331 	0
Q9LS48 	0
O43030 	0
P53076 	0
Q9Y265 	0
O75127 	0
O82775 	0
Q99L02 	0
O43597 	0
Q9P0U4 	0
Q96NE9 	0
Q9UTR8 	0
Q03533 	0
Q9AT00 	0
P54789 	0
O46043 	0
Q91XU0 	0
O77480 	0
Q9BQA5 	0
P31356 	0
P38323 	0
Q03323 	0
Q8WVI0 	0
Q9SG11 	0
Q9LRH6 	0
P56288 	0
Q9UBB6 	0
Q01964 	0
Q7RZ62 	0
O48917 	0
P53991 	0
Q27403 	0
Q9UNN5 	0
Q9H4X1 	0
Q8WXI7 	0
Q8I1X7 	0
P48240 	0
O80796 	0
Q07534 	0
P05626 	0
P28324 	0
Q8CIV7 	0
Q9Y7J1 	0
Q6IDB0 	0
Q10571 	0
Q9VW47 	0
Q3E772 	0
P15505 	0
P52553 	0
Q02969 	0
P62993 	0
P52739 	0
Q12082 	0
Q9HAB3 	0
Q6PJP8 	0
P82024 	0
P42846 	0
F4ITM1 	0
P38705 	0
Q8IS16 	0
Q8L7S5 	0
Q3B7D0 	0
Q8IVS2 	0
Q8RXN6 	0
Q6I9Y2 	0
O94670 	0
Q9LKA0 	0
Q9NZD8 	0
Q9I9B9 	0
Q3U4H6 	0
P41223 	0
Q12049 	0
Q91V81 	0
Q9NUU6 	0
Q9Z1A5 	0
Q7XZF5 	0
O04616 	0
Q9LQF2 	0
Q84TH9 	0
Q9ULU4 	0
Q8N684 	0
Q9BZV1 	0
Q6NTE8 	0
P23326 	0
Q3ZN08 	0
Q9M2X3 	0
Q23544 	0
P25621 	0
P42566 	0
Q9SYJ8 	0
P53287 	0
Q9C0Z8 	0
Q9Y2M2 	0
Q99P21 	0
Q9NYV6 	0
Q5W0Q7 	0
P42935 	0
P15325 	0
A3BK75 	0
O13516 	0
Q6PCP5 	0
Q6UWZ7 	0
Q6RI63 	0
Q99LG4 	0
P46677 	0
O14862 	0
Q8N9N5 	0
O13965 	0
Q62187 	0
Q8BGW0 	0
G5EC23 	0
O74968 	0
Q8C9X6 	0
Q9GZM5 	0
P53694 	0
C6EUD4 	0
Q3EBQ3 	0
A6QPQ5 	0
Q90ZA1 	0
O74808 	0
Q8IUH5 	0
Q9U3F4 	0
Q09130 	0
P39103 	0
Q8VYD4 	0
Q4L180 	0
P49626 	0
Q9MA15 	0
Q12400 	0
P38989 	0
O49562 	0
P53927 	0
Q21986 	0
Q86Y97 	0
Q6DBN4 	0
Q8N895 	0
Q96524 	0
Q9NPI6 	0
Q9Y7L4 	0
Q6UXV4 	0
P38228 	0
O77408 	0
O14015 	0
Q96AB3 	0
Q5SV06 	0
Q9UBF8 	0
O49686 	0
Q94BS2 	0
P04386 	0
Q9URT4 	0
Q9GSF8 	0
A0A509AER3 	0
Q8NEY8 	0
Q9C7I5 	0
Q1RMW2 	0
P0DPI2 	0
P20050 	0
Q9CAF2 	0
Q8L493 	0
Q6GNV6 	0
Q04048 	0
G5EG51 	0
O60141 	0
Q9W413 	0
O96006 	0
Q04847 	0
O42958 	0
P53743 	0
Q8N1N2 	0
P08153 	0
B5X582 	0
O63075 	0
Q8IZ52 	0
Q9BRU2 	0
A0A0D1E3S6 	0
Q62847 	0
Q9ASW3 	0
P39113 	0
Q01560 	0
Q01501 	0
P48382 	0
Q9P6Q0 	0
Q5VZV1 	0
P21580 	0
Q2NND9 	0
P82411 	0
Q8N140 	0
C4R8D7 	0
Q80Z30 	0
Q7L5Y9 	0
P38262 	0
Q9MZ03 	0
Q07243 	0
P35203 	0
Q8H157 	0
P53930 	0
Q99JS0 	0
Q9H869 	0
Q9P805 	0
O14929 	0
P10080 	0
Q9FG37 	0
P55199 	0
Q9NSG2 	0
Q945M1 	0
Q9CQ54 	0
Q07979 	0
P52868 	0
P07884 	0
P30989 	0
F4HXU3 	0
Q7XHR2 	0
Q8CC21 	0
Q96BP2 	0
Q8VCF0 	0
P40547 	0
Q9NRZ7 	0
Q8W104 	0
Q9VPM5 	0
Q63768 	0
Q9LTK0 	0
Q05648 	0
Q9Y237 	0
O94687 	0
Q8H1F7 	0
Q867Z4 	0
Q945P1 	0
P0DJH6 	0
I3W9F6 	0
P78753 	0
Q60547 	0
Q9Y4X0 	0
A0FGR9 	0
P38360 	0
P93009 	0
O74854 	0
P07266 	0
Q8LEA8 	0
P23786 	0
Q9SWA6 	0
Q04347 	0
Q6DFQ7 	0
Q9HGP5 	0
Q9Y804 	0
Q9VHJ6 	0
P50591 	0
Q7L5D6 	0
P82352 	0
P27216 	0
Q9N589 	0
O13046 	0
Q3SZC1 	0
Q8C6L5 	0
Q924K8 	0
Q9ER97 	0
P98200 	0
O55022 	0
O15417 	0
P32903 	0
D3Z7P3 	0
P20659 	0
A1ZAW0 	0
Q84ST4 	0
Q9SV15 	0
P21727 	0
O94473 	0
Q9VXG1 	0
Q84K96 	0
Q05949 	0
Q02959 	0
Q8LGI2 	0
Q7Z2T5 	0
Q9ET80 	0
Q550D5 	0
Q06497 	0
Q9C0C6 	0
Q9D030 	0
Q9P1Z0 	0
Q9SX65 	0
Q8NFV4 	0
Q00055 	0
Q9UN81 	0
Q84Y18 	0
P25087 	0
Q920G2 	0
P87315 	0
O75340 	0
Q6PD74 	0
G5EG17 	0
Q04748 	0
E5KBU3 	0
Q9BWX1 	0
Q86UB2 	0
Q94CV1 	0
Q6XUX1 	0
Q07436 	0
O82259 	0
Q10412 	0
P40305 	0
Q3USZ2 	0
Q9VFS6 	0
Q96CM4 	0
Q17635 	0
O94427 	0
P38812 	0
Q96QC0 	0
Q10290 	0
Q8R0S1 	0
Q07897 	0
Q05016 	0
Q6LA53 	0
Q96BY6 	0
Q585P3 	0
Q9W1V7 	0
Q9FMM3 	0
O75955 	0
Q8RVC7 	0
Q8N1G0 	0
Q00899 	0
P01583 	0
Q9Y3E7 	0
Q09675 	0
Q9R1P0 	0
Q32NC0 	0
P62277 	0
Q9D992 	0
P49922 	0
Q9Y4W2 	0
P42771 	0
O17670 	0
Q9STG9 	0
P40063 	0
Q03193 	0
P25992 	0
P53866 	0
Q9FJW4 	0
Q9H816 	0
Q80VL1 	0
Q68CJ6 	0
Q02060 	0
Q9Y2I1 	0
P32453 	0
Q84Q77 	0
P38285 	0
Q7JXA8 	0
Q9USZ4 	0
Q9VHB0 	0
Q07139 	0
Q9SU50 	0
P40208 	0
P06774 	0
Q9Y244 	0
S0DQI7 	0
Q01217 	0
G5EGA3 	0
Q9GRT1 	0
Q19253 	0
Q13286 	0
Q6NV75 	0
Q7XK25 	0
O35671 	0
Q336N8 	0
Q9D011 	0
Q7L2Z9 	0
P39988 	0
O96626 	0
P42117 	0
P00560 	0
Q69Z66 	0
Q9URV3 	0
Q969V5 	0
F4IAX1 	0
P03872 	0
P47139 	0
O70302 	0
Q03254 	0
Q9LUJ5 	0
O13826 	0
P12695 	0
P25686 	0
Q65ZG8 	0
Q5XF06 	0
Q9LJ87 	0
Q9CX92 	0
Q8MLZ3 	0
Q10274 	0
Q9NY27 	0
Q8II12 	0
Q920Q3 	0
P32499 	0
Q9UPI3 	0
Q61115 	0
Q04013 	0
Q15024 	0
Q03063 	0
D5LXJ0 	0
Q96AQ6 	0
Q6P087 	0
Q8N567 	0
Q9P7L2 	0
Q94521 	0
P27469 	0
Q9S7E9 	0
Q07065 	0
Q9SX85 	0
Q9WVC7 	0
Q9HGK2 	0
J9VUG5 	0
Q15916 	0
P38111 	0
Q7Z410 	0
Q96IU4 	0
P40576 	0
P17429 	0
O60293 	0
Q96GR2 	0
P14066 	0
P81451 	0
P80269 	0
Q9H467 	0
Q147X3 	0
O48716 	0
O48847 	0
V6CLN5 	0
P53153 	0
Q6J9Q2 	0
Q02099 	0
P25586 	0
Q9HBL7 	0
Q9N658 	0
O13758 	0
Q9UJW9 	0
P36011 	0
F4ISV6 	0
Q04083 	0
P02381 	0
O60182 	0
G5ECC7 	0
Q7Z418 	0
Q8QZY3 	0
Q06835 	0
P28805 	0
P97414 	0
P38255 	0
P80483 	0
P46946 	0
Q3U108 	0
Q96LI6 	0
Q12150 	0
Q9BRV3 	0
Q9SA98 	0
Q95QI7 	0
O14210 	0
Q6ZSS7 	0
Q5IBH7 	0
P08525 	0
P38804 	0
Q9UII2 	0
P23511 	0
P09925 	0
Q60949 	0
P40471 	0
O74905 	0
P22936 	0
P46818 	0
P22572 	0
F4KCE9 	0
Q96SW2 	0
Q5KS41 	0
Q60817 	0
Q9C5G0 	0
Q9WTJ6 	0
Q62384 	0
Q9SU14 	0
Q9Z2F5 	0
Q8N4Q1 	0
Q8SWR3 	0
P39707 	0
Q8ND76 	0
Q9SJW9 	0
Q96BM1 	0
Q9NYJ1 	0
Q12063 	0
Q62711 	0
P36168 	0
P54987 	0
Q5T3J3 	0
O74309 	0
P12383 	0
Q8IRB5 	0
Q99607 	0
Q86W50 	0
Q8GWR1 	0
P62861 	0
P51163 	0
P91399 	0
Q3V2A7 	0
Q501D5 	0
Q9N4M4 	0
Q8MUJ1 	0
Q8K5A9 	0
P53885 	0
Q62318 	0
P0DP88 	0
O62683 	0
Q9STY0 	0
Q9HA38 	0
D3ZUE1 	0
Q949T8 	0
Q6EPW7 	0
P82180 	0
P53721 	0
Q01593 	0
Q9P7Y0 	0
Q8VYR5 	0
Q9BRS8 	0
Q2M1K9 	0
P30038 	0
P05423 	0
Q9LSV0 	0
Q93442 	0
Q52LJ0 	0
O42978 	0
Q94AI6 	0
Q86MI0 	0
O95625 	0
P56765 	0
Q5VTT2 	0
Q9UPX6 	0
Q9SAC6 	0
Q12167 	0
P22315 	0
Q93034 	0
P16649 	0
Q9NR21 	0
Q7L0Y3 	0
Q9NSK7 	0
Q9NSU2 	0
P32785 	0
Q94IN5 	0
Q94K49 	0
Q08231 	0
L0R6Q1 	0
P40917 	0
P32494 	0
Q12788 	0
Q9SU30 	0
Q14694 	0
O14867 	0
Q43157 	0
P47130 	0
Q5F1R6 	0
Q9QX74 	0
Q9NYF8 	0
Q3URD3 	0
P15999 	0
Q9SJF1 	0
Q80SU7 	0
Q18919 	0
O96623 	0
P38325 	0
Q18593 	0
P0C6T3 	0
Q06991 	0
P40995 	0
Q99LW6 	0
Q058N4 	0
Q9UKJ5 	0
O59748 	0
Q9VZM7 	0
O43078 	0
Q6U6G5 	0
Q8RXH2 	0
O04714 	0
Q12161 	0
Q920Q2 	0
Q9FKS8 	0
Q7ZT01 	0
Q9Y421 	0
Q65XX7 	0
Q96SB8 	0
Q709R6 	0
Q9SIV2 	0
Q9Y222 	0
P41073 	0
P03903 	0
Q1LZ24 	0
P53990 	0
P47102 	0
P41005 	0
Q9Y2B4 	0
Q34807 	0
Q923S6 	0
Q9LKW9 	0
P23772 	0
Q96AY2 	0
Q1K7P9 	0
Q80TS7 	0
A0A509AQ68 	0
Q54ER9 	0
Q6IBW4 	0
P38811 	0
O76460 	0
Q9UHW5 	0
P27889 	0
Q7XI96 	0
Q9FVE6 	0
Q8WV24 	0
Q93V85 	0
Q9UTH3 	0
Q55GJ6 	0
P22985 	0
Q9U7D5 	0
Q12298 	0
P53769 	0
Q7Z2G1 	0
Q9LD43 	0
G5EE01 	0
P38885 	0
O01971 	0
Q6RFH5 	0
Q61823 	0
Q7Z2W9 	0
O14464 	0
P84148 	0
P47050 	0
Q5VT06 	0
Q9Z1B8 	0
P31539 	0
P43619 	0
Q8N9N2 	0
Q9P6P2 	0
Q8VDL9 	0
Q9VEC3 	0
P36521 	0
Q04930 	0
P09596 	0
O74944 	0
Q949W6 	0
P21957 	0
Q22618 	0
Q04377 	0
Q09904 	0
Q6EPN6 	0
Q10414 	0
P17095 	0
Q9D742 	0
Q9USX4 	0
P23225 	0
Q0WPF2 	0
Q9UTH9 	0
P43116 	0
F4ICK8 	0
P47069 	0
P08740 	0
P30658 	0
P00856 	0
P82248 	0
P38872 	0
Q9S745 	0
Q9LMJ4 	0
Q16873 	0
P98078 	0
B9FDE0 	0
P00973 	0
Q9H4K7 	0
Q9HAW0 	0
P25846 	0
P40096 	0
Q14061 	0
O13900 	0
P40364 	0
P82413 	0
O46385 	0
Q96Q15 	0
Q9VKV5 	0
Q9UP83 	0
Q93Y07 	0
A0A0D1DMJ6 	0
Q9H777 	0
Q9LLC1 	0
Q3E764 	0
P33203 	0
P53119 	0
Q06511 	0
O74856 	0
Q6PCM1 	0
P26043 	0
Q9FFK6 	0
Q9D5P4 	0
Q5XJV7 	0
Q8QFX1 	0
Q8SSG3 	0
P14906 	0
Q6P5E8 	0
Q9P000 	0
P80404 	0
P34247 	0
Q9P790 	0
Q9QZI7 	0
O43521 	0
Q8L557 	0
Q96SD1 	0
P25208 	0
A2RTF1 	0
P22681 	0
Q9GZT3 	0
Q91VJ2 	0
P49590 	0
Q0VG06 	0
Q13501 	0
Q9WVB3 	0
Q7Y1W1 	0
Q9NPG8 	0
Q9BSF0 	0
Q96AP4 	0
Q9H4Z3 	0
Q9NWU5 	0
P00813 	0
Q9H227 	0
Q9Y2D1 	0
O88873 	0
Q7Z5Q5 	0
D3YN49 	0
P08638 	0
O74845 	0
Q02447 	0
Q5JS13 	0
P36094 	0
P00445 	0
O94874 	0
P36136 	0
P08580 	0
O23077 	0
Q86LG1 	0
O13612 	0
Q12416 	0
Q84JE8 	0
Q04839 	0
Q9BYI3 	0
Q9UMX3 	0
Q03280 	0
O95786 	0
B9DHT4 	0
Q0E3V2 	0
P39994 	0
P09605 	0
Q12235 	0
Q13426 	0
O60287 	0
O74975 	0
P47108 	0
P40493 	0
Q9BRP8 	0
O75387 	0
Q9M394 	0
Q9VKM1 	0
P40202 	0
O60127 	0
Q8CI15 	0
O44827 	0
P43583 	0
P0DI83 	0
P42925 	0
P39979 	0
Q8K3D3 	0
Q9LJG6 	0
Q9H4Q4 	0
Q9CQP8 	0
F4IDJ0 	0
Q91YE5 	0
A0A5F8MPU3 	0
Q20481 	0
Q9W1F4 	0
O77475 	0
G5ECU7 	0
Q9HBF4 	0
Q925D4 	0
Q15642 	0
E9Q6W4 	0
Q8RWG2 	0
P79943 	0
Q8BY35 	0
P53734 	0
O13983 	0
Q4QAU9 	0
P50536 	0
P41895 	0
P36118 	0
P53167 	0
Q84V03 	0
Q9VFW4 	0
O20029 	0
P41846 	0
P25379 	0
Q8VIJ5 	0
Q9YHT2 	0
Q9Y2M0 	0
Q9FJW6 	0
Q10423 	0
Q9Z2F6 	0
F4IY03 	0
A2A9C3 	0
Q9Y4K3 	0
Q949M9 	0
P82970 	0
P61088 	0
Q08202 	0
A2SWM2 	0
Q05934 	0
Q9W6V6 	0
P53218 	0
Q8N7J2 	0
Q86UV5 	0
Q9USJ7 	0
Q9SGH4 	0
P38772 	0
Q12252 	0
Q9VQ89 	0
Q9GZN0 	0
Q9BYC2 	0
O74783 	0
Q680B9 	0
O88492 	0
Q9SII9 	0
Q3T0J3 	0
Q8GYC7 	0
Q2MHN3 	0
Q06629 	0
Q9H0F6 	0
Q00972 	0
Q9NS23 	0
Q9VQI9 	0
Q922B6 	0
Q8GWA7 	0
P49754 	0
P56286 	0
F8VPN2 	0
I1SSI6 	0
P53276 	0
Q9P802 	0
P07332 	0
O43013 	0
P06391 	0
P31115 	0
Q9FWA3 	0
Q16342 	0
P19541 	0
Q8T0G4 	0
Q10200 	0
Q9S736 	0
Q8N699 	0
O70361 	0
U9W802 	0
O23722 	0
Q8TDU6 	0
Q06665 	0
P40968 	0
Q8GSJ6 	0
Q9Y3U8 	0
P53125 	0
A8MZ59 	0
O74317 	0
D3Z6Q9 	0
Q9SVQ3 	0
Q9V3Z1 	0
Q80TT2 	0
Q22829 	0
G5EC32 	0
Q1K4P1 	0
Q9D4W2 	0
P34909 	0
Q9DCD5 	0
Q8GXH3 	0
Q08966 	0
O88339 	0
Q96P70 	0
Q8IBN8 	0
Q06148 	0
Q06244 	0
Q23238 	0
E9Q9M8 	0
Q03388 	0
O13722 	0
Q5VWZ2 	0
P38870 	0
Q02932 	0
Q9DBR0 	0
P07978 	0
Q9NR83 	0
Q9Y2X0 	0
Q02749 	0
W0RYD3 	0
Q9BSJ6 	0
P0DOY1 	0
O49687 	0
O13894 	0
O74790 	0
P09114 	0
P43244 	0
P27788 	0
Q08213 	0
P82929 	0
Q8NI36 	0
Q9U3D6 	0
Q15847 	0
Q96MH2 	0
Q7K3D8 	0
Q9NEZ5 	0
Q9NGX9 	0
Q60700 	0
Q13492 	0
Q9I7K6 	0
G3UVW3 	0
Q12830 	0
Q9CZX7 	0
Q9JIH2 	0
P41930 	0
Q04213 	0
Q969F9 	0
Q9C086 	0
Q3U0V2 	0
Q8MSU4 	0
Q23794 	0
Q10296 	0
Q5F2E7 	0
Q9ZQS5 	0
P40316 	0
Q9Y3M2 	0
Q9Y616 	0
Q9NZM4 	0
Q55GF9 	0
P42695 	0
Q04891 	0
Q2MHE4 	0
O13838 	0
O09111 	0
O60674 	0
P38691 	0
Q5TAQ9 	0
Q8GWE0 	0
P25359 	0
Q92621 	0
Q02336 	0
Q5YDB5 	0
P32767 	0
Q9JJR2 	0
A0A2Z4LIS9 	0
Q9M1X2 	0
O70372 	0
Q5BKR2 	0
P54258 	0
Q12142 	0
Q9H0G5 	0
Q6YSY5 	0
Q944H2 	0
Q9CAP8 	0
O00712 	0
P40457 	0
Q09666 	0
Q9H2D6 	0
Q6P0N0 	0
Q96A72 	0
Q09669 	0
Q92552 	0
P28040 	0
O75817 	0
E1JH25 	0
P40318 	0
P10964 	0
Q9LS90 	0
P08456 	0
Q7Z7C8 	0
P25649 	0
P22148 	0
Q80WT4 	0
G5EBR8 	0
Q9SAH8 	0
E9Q3G8 	0
Q9UT91 	0
Q9DEX1 	0
Q07688 	0
Q94230 	0
P82195 	0
B9DFX7 	0
A0A8I5ZT12 	0
Q99MR6 	0
Q06411 	0
Q7SIG6 	0
Q01852 	0
Q8WXD0 	0
P15720 	0
Q52K88 	0
Q9LEZ1 	0
P58467 	0
P94077 	0
Q9SEE9 	0
Q9M365 	0
Q9WTJ4 	0
Q9H9T3 	0
Q9FFZ1 	0
P53239 	0
Q8BUV3 	0
Q9N4U5 	0
Q5VWP2 	0
Q9BY27 	0
O76329 	0
Q1MTR4 	0
Q8C0V1 	0
Q91YI1 	0
Q9M3C6 	0
Q86UT6 	0
Q8H0V4 	0
Q03702 	0
Q02931 	0
Q8VC65 	0
Q8BUX5 	0
Q689G9 	0
Q02775 	0
Q9LRZ3 	0
Q9JMI1 	0
P38319 	0
P25626 	0
Q9UBF9 	0
Q9ES56 	0
Q8NF91 	0
Q92355 	0
Q0WPT7 	0
Q9NUX5 	0
Q6UWF3 	0
Q99LT0 	0
Q07980 	0
P54654 	0
P53335 	0
Q9FVR6 	0
P52594 	0
Q8BWM0 	0
Q3URU2 	0
P03911 	0
F4KFT7 	0
P38137 	0
P43594 	0
Q92574 	0
Q8RWD5 	0
Q8BGD7 	0
Q9VEC1 	0
Q84N64 	0
P50110 	0
A1L188 	0
Q12904 	0
Q9JJL0 	0
Q9S7R7 	0
Q9GZN7 	0
O55081 	0
P53327 	0
Q802Y8 	0
Q9ZST4 	0
Q02223 	0
Q8IXW5 	0
O49570 	0
Q9Y3E1 	0
Q9SJH7 	0
O75475 	0
Q8NB91 	0
Q9U226 	0
Q9ES71 	0
Q6ZRQ5 	0
P06652 	0
Q7TSZ8 	0
Q9NAN2 	0
Q64MA3 	0
Q94BT9 	0
P22561 	0
P36068 	0
Q9Y803 	0
G2TRN4 	0
Q60865 	0
Q9WVR8 	0
Q5LJZ2 	0
Q3TY86 	0
Q12309 	0
P17890 	0
P40053 	0
Q7M2P1 	0
Q9Y7L8 	0
Q9H204 	0
Q8TAF3 	0
Q16281 	0
Q8R010 	0
Q6NXG1 	0
Q96DB2 	0
Q8RXD3 	0
O13395 	0
Q10271 	0
P36160 	0
P14922 	0
Q9BZ67 	0
Q9STS7 	0
Q3KN41 	0
B2D6P4 	0
Q9PTD5 	0
Q9NPJ6 	0
Q8TDV2 	0
Q9D842 	0
Q6ZTU2 	0
Q03079 	0
P49802 	0
Q86UQ0 	0
P46089 	0
Q8R3H9 	0
Q86X51 	0
Q9VE86 	0
Q6AX31 	0
P34077 	0
Q68G58 	0
Q84JZ6 	0
O96759 	0
Q04430 	0
Q9GYU8 	0
Q01780 	0
P21675 	0
Q8IU68 	0
P50548 	0
Q15025 	0
Q16534 	0
O00483 	0
O94829 	0
Q9BQ52 	0
Q920A7 	0
Q6ATB4 	0
G5EDN3 	0
Q6TAS3 	0
P38398 	0
P26358 	0
Q9LZ60 	0
Q8H1D3 	0
Q9JLR5 	0
Q9HAW4 	0
Q8GTS1 	0
O35253 	0
P87231 	0
Q84SC3 	0
Q61827 	0
P14137 	0
Q56Y52 	0
P82649 	0
Q05892 	0
P87169 	0
Q92361 	0
P53254 	0
P24309 	0
Q96D46 	0
Q64429 	0
O76054 	0
P13275 	0
P38858 	0
Q6VMQ6 	0
Q8N5C7 	0
O94328 	0
Q7Z4V0 	0
Q7S4E0 	0
Q9VL76 	0
P48015 	0
P51946 	0
O00488 	0
Q9FNN6 	0
Q0P5N6 	0
O43687 	0
P11860 	0
Q80VY9 	0
P53150 	0
P82162 	0
Q5EGY4 	0
Q01649 	0
Q9Y3C1 	0
P09364 	0
P70033 	0
Q9ESE1 	0
Q9UT76 	0
G5ECN5 	0
B0F481 	0
Q94527 	0
P30044 	0
Q9UF56 	0
Q7TMF3 	0
Q6NQK2 	0
E9Q7G0 	0
Q9USQ4 	0
Q70CQ1 	0
Q9Y3D6 	0
P81450 	0
Q01295 	0
P38297 	0
Q9D2V8 	0
O94830 	0
Q9Y2F5 	0
O48528 	0
Q92247 	0
Q96IZ2 	0
Q96RL1 	0
A2ANU3 	0
P28350 	0
Q9SHJ5 	0
Q8GXD9 	0
Q9VA37 	0
P35201 	0
P53867 	0
Q9UPN3 	0
O74846 	0
O09130 	0
P82611 	0
Q28205 	0
Q9WTR1 	0
O13329 	0
P25346 	0
Q6PE84 	0
Q8IZY5 	0
P13621 	0
Q9LVG4 	0
Q9VSK8 	0
F4JP52 	0
Q9QWH1 	0
Q5XKP0 	0
E9P8D2 	0
O08774 	0
Q9JM05 	0
Q96DG6 	0
Q03372 	0
Q9SX29 	0
Q09228 	0
Q6PCQ0 	0
Q69ZN7 	0
O82645 	0
P36523 	0
Q9Y6G5 	0
Q14973 	0
Q09826 	0
Q8TDD5 	0
O94653 	0
Q86YS7 	0
Q8WZK0 	0
P18847 	0
Q69YH5 	0
Q6P4H8 	0
Q7S4Y4 	0
Q8BP40 	0
B9DHG0 	0
P56393 	0
Q8GV05 	0
Q6EIG7 	0
P32754 	0
P01111 	0
O54942 	0
Q03525 	0
Q9BWW7 	0
Q9Z1P2 	0
Q02642 	0
Q42342 	0
P19536 	0
Q8GW29 	0
Q80U72 	0
C0HME5 	0
P52591 	0
Q84XV2 	0
Q10SU5 	0
Q9VNS0 	0
P49367 	0
Q93WG3 	0
Q9SQR5 	0
Q12373 	0
Q9M5P3 	0
Q96NY9 	0
Q53GL7 	0
P79015 	0
Q96E14 	0
Q584I8 	0
Q9P0P8 	0
P53540 	0
Q8NG31 	0
Q7Z7F0 	0
C0HM53 	0
G4MWZ7 	0
Q9H633 	0
Q2TAL8 	0
Q9P3U7 	0
Q3KP66 	0
P40014 	0
Q9SMH4 	0
Q9TY84 	0
Q14DK4 	0
P47881 	0
Q00723 	0
G5EDT1 	0
Q9UUB6 	0
Q9VHI4 	0
P56382 	0
P40002 	0
Q9NK54 	0
Q6IR42 	0
Q9LQI7 	0
P45968 	0
Q99K24 	0
P38241 	0
P22469 	0
Q53TQ3 	0
Q13950 	0
Q9CQ29 	0
Q5HZI1 	0
E9EWQ4 	0
A9Y0K8 	0
P40072 	0
Q8RXD9 	0
Q9Y3I1 	0
P46984 	0
Q08058 	0
Q99627 	0
P10852 	0
P51593 	0
B6RAL1 	0
Q9H334 	0
P04553 	0
O94701 	0
Q8LGB6 	0
Q20929 	0
O43114 	0
Q9VJV8 	0
Q6VVB1 	0
Q9FJG1 	0
P50534 	0
Q9Z2Q2 	0
Q5JRX3 	0
O74736 	0
P46014 	0
Q9UBI1 	0
Q02825 	0
Q08622 	0
P17655 	0
P40079 	0
Q8BG07 	0
Q04431 	0
P30803 	0
Q02204 	0
Q9UI26 	0
Q14432 	0
Q8W1E3 	0
Q9LLY4 	0
Q9Y5J6 	0
Q12522 	0
Q80TH2 	0
P56785 	0
Q9Z2D7 	0
P53155 	0
Q96N96 	0
P36036 	0
Q9FYT6 	0
Q9CQY9 	0
P70500 	0
P83565 	0
Q9W539 	0
Q9Y7U7 	0
Q08818 	0
F4JTE7 	0
Q9JJK4 	0
P40166 	0
P40957 	0
Q9LD83 	0
P38271 	0
U9W8F2 	0
Q9LYY2 	0
Q9TYY7 	0
O43715 	0
Q7FAD5 	0
P35435 	0
Q3TBT3 	0
Q4W9R0 	0
A2ASQ1 	0
Q8S8K8 	0
P02836 	0
Q9BXJ8 	0
Q9H0U6 	0
Q9NUL3 	0
Q7TSH3 	0
Q96TA1 	0
Q9UNE7 	0
Q12072 	0
Q9D563 	0
P38782 	0
P14693 	0
Q07458 	0
Q9Y5Y5 	0
P46676 	0
P22354 	0
Q04705 	0
O96693 	0
P56975 	0
Q925F4 	0
P51959 	0
Q02873 	0
Q08176 	0
Q8NBZ0 	0
Q20745 	0
P07703 	0
Q5VWN6 	0
Q384Y1 	0
P23615 	0
Q9SRP6 	0
Q04675 	0
P38710 	0
Q9FVU9 	0
Q10302 	0
O43082 	0
P34218 	0
P10676 	0
Q92565 	0
Q9VKD7 	0
P58234 	0
Q96DN6 	0
P46678 	0
O23875 	0
A0A509AKI1 	0
Q6B0I6 	0
Q03654 	0
P40205 	0
Q8N5G0 	0
Q8GT66 	0
Q9QWV4 	0
O13852 	0
Q8L940 	0
Q96FI4 	0
Q94KE2 	0
P33749 	0
O88379 	0
Q8IW03 	0
O74365 	0
Q01804 	0
Q9SKT1 	0
P54797 	0
Q9Y5N6 	0
Q93227 	0
Q96TC7 	0
Q381V1 	0
Q5ND04 	0
P11420 	0
P23180 	0
Q66JW3 	0
Q99314 	0
P32524 	0
Q9VR19 	0
P92949 	0
Q96WW3 	0
P06100 	0
P52756 	0
M0R3Q7 	0
O05000 	0
Q07555 	0
Q12931 	0
Q3MK94 	0
Q9QZA2 	0
O95210 	0
Q92349 	0
Q9U1S7 	0
O64759 	0
P92204 	0
Q9LRB7 	0
Q1K528 	0
Q8L8M9 	0
Q80Z37 	0
Q9R1C7 	0
Q80ZI2 	0
Q15013 	0
P49411 	0
P25367 	0
Q8C9B9 	0
O43542 	0
Q7SA88 	0
Q12383 	0
P53081 	0
P11178 	0
P06838 	0
P25332 	0
O48533 	0
F4J264 	0
Q9LQK7 	0
P97524 	0
O75934 	0
P47119 	0
Q9NTI7 	0
Q1H537 	0
F4IY62 	0
Q8VIM4 	0
Q9H583 	0
E9QAU8 	0
G5EFY7 	0
O54693 	0
Q3ZCG2 	0
Q6P2C8 	0
Q5JVF3 	0
Q02773 	0
P15308 	0
P0C5Z0 	0
Q9Y7K9 	0
Q9S713 	0
Q9VQD4 	0
Q8R1N0 	0
Q99JB6 	0
Q9P258 	0
Q9P2W1 	0
P49903 	0
O43299 	0
P40050 	0
Q9P0N9 	0
Q12406 	0
Q9Y5Q8 	0
Q03615 	0
Q9LF68 	0
Q9UKA1 	0
O43557 	0
P23506 	0
O00910 	0
Q9XI00 	0
Q9BUB7 	0
Q8BVN3 	0
Q9GZR7 	0
Q04601 	0
P48526 	0
P63002 	0
P40897 	0
P70331 	0
Q9NWU2 	0
Q9D995 	0
Q08580 	0
O13895 	0
P10914 	0
Q9VW27 	0
P93045 	0
Q9DAM1 	0
Q07930 	0
Q6Z6M4 	0
P70445 	0
Q03281 	0
A0A445AGS0 	0
O22914 	0
Q15424 	0
P30776 	0
Q8VY11 	0
Q08985 	0
O74804 	0
P40381 	0
Q14140 	0
Q0P5I5 	0
P92792 	0
Q86X29 	0
Q62261 	0
Q99LD8 	0
Q9H3Z4 	0
O88491 	0
Q5VY09 	0
Q04724 	0
Q03067 	0
Q9P6I9 	0
B6HQN4 	0
Q9H4I9 	0
Q9C0W0 	0
Q96GD0 	0
Q12467 	0
Q9WTW8 	0
P06746 	0
Q9UUJ4 	0
Q9NS37 	0
Q05776 	0
P13280 	0
Q1K6Q3 	0
Q9DCX2 	0
Q9JJN6 	0
P07954 	0
Q86Y01 	0
D3YXJ0 	0
Q09808 	0
Q9BY84 	0
O14044 	0
Q92186 	0
P53184 	0
F4IDB2 	0
Q7XJJ7 	0
Q99278 	0
Q7S7U5 	0
P78587 	0
P53255 	0
P38855 	0
Q03482 	0
Q5BVD1 	0
P36213 	0
Q94F00 	0
Q9W2I4 	0
P38806 	0
O59858 	0
P34537 	0
P13002 	0
Q1EHW4 	0
Q9ESC8 	0
P36093 	0
Q64318 	0
P20052 	0
Q6P9F0 	0
E9PXM9 	0
F4K3G5 	0
Q67UU9 	0
P53212 	0
F4KBW6 	0
Q96AG4 	0
P53874 	0
Q68D91 	0
P09622 	0
Q09725 	0
Q06681 	0
Q3UNH4 	0
P42356 	0
Q9USR4 	0
Q93WL3 	0
O94428 	0
P48512 	0
Q03219 	0
Q09406 	0
P43246 	0
Q9USQ7 	0
Q8WXX5 	0
Q9BUZ4 	0
P25298 	0
Q9M3I4 	0
Q9BZJ7 	0
Q8BRE0 	0
P32318 	0
Q96RS0 	0
P52435 	0
P40543 	0
O81787 	0
P38874 	0
Q0VD86 	0
Q91YJ3 	0
Q10308 	0
Q3KRA9 	0
Q02884 	0
Q12143 	0
Q9CQZ6 	0
Q283Q6 	0
Q01892 	0
Q9JKF1 	0
Q9M7N6 	0
Q9D8B6 	0
Q9H3K6 	0
O22806 	0
Q96L50 	0
Q5XIE6 	0
Q5HYK7 	0
Q9VN91 	0
Q9NTX7 	0
P13498 	0
Q9NY25 	0
G5ECD9 	0
P13164 	0
O88735 	0
P53854 	0
Q5HZJ0 	0
Q9BW71 	0
Q9BT78 	0
Q04500 	0
Q8SWX0 	0
P32585 	0
P53072 	0
Q9JLM4 	0
Q873E4 	0
O88713 	0
Q12368 	0
Q92982 	0
P53217 	0
P52296 	0
Q04437 	0
Q9SHE8 	0
Q8IXQ9 	0
O43052 	0
Q86TV6 	0
Q96CJ1 	0
A0A7J6KE60 	0
Q2V2P9 	0
Q9Y6K0 	0
P55160 	0
Q8IJH8 	0
A2AIL4 	0
P97813 	0
Q86WA8 	0
Q9SJX7 	0
Q9Y5A9 	0
Q9UHB9 	0
Q9UUI3 	0
Q5DTT2 	0
O74517 	0
Q8LJT8 	0
Q12032 	0
Q9P0U1 	0
P16989 	0
Q9ZVA7 	0
Q9TW65 	0
P79071 	0
Q8VY77 	0
Q07896 	0
Q03071 	0
Q9US22 	0
P70662 	0
F4HQA1 	0
P43558 	0
Q9SYK4 	0
P53251 	0
Q16658 	0
Q9SS80 	0
Q09142 	0
Q6T4R5 	0
P36531 	0
P36163 	0
Q10B19 	0
E9F591 	0
Q9UIA9 	0
Q9FLS8 	0
P22009 	0
G5DGA8 	0
O35144 	0
B6HQ74 	0
O95466 	0
O94423 	0
P21138 	0
O75971 	0
Q9URY2 	0
Q9M1I7 	0
Q93YU5 	0
P37225 	0
Q9USY3 	0
Q15650 	0
P10355 	0
P40688 	0
Q6PDX6 	0
P39522 	0
P36037 	0
P53881 	0
Q12420 	0
Q9P7G0 	0
Q03673 	0
Q9LTT3 	0
Q3E7A3 	0
O44548 	0
Q9EQ61 	0
Q9NY74 	0
Q6TEC1 	0
Q04659 	0
Q9UTH0 	0
P17789 	0
P43266 	0
O74835 	0
Q5IRJ6 	0
Q8W4B1 	0
Q4KMP7 	0
F4IV66 	0
Q37707 	0
Q05048 	0
Q7KHG2 	0
Q4WUK4 	0
P48608 	0
Q4KMM3 	0
P32048 	0
Q06632 	0
Q9UTR1 	0
O94248 	0
P30047 	0
Q54HC6 	0
Q12418 	0
Q9M903 	0
Q3E7C1 	0
O60053 	0
A1A519 	0
P25573 	0
P00480 	0
Q9Y6X9 	0
P40848 	0
Q9VJN5 	0
Q5FBB7 	0
Q8NEG4 	0
Q09601 	0
Q66GP9 	0
Q9SZH4 	0
Q6P8Z1 	0
P49919 	0
P49107 	0
Q9SVM8 	0
Q12513 	0
Q00816 	0
Q9FNE9 	0
Q9LH52 	0
Q9HC21 	0
Q9NYY8 	0
O74544 	0
Q71BG9 	0
Q9USP0 	0
Q9U1W1 	0
P40154 	0
Q8WWV3 	0
Q8WUF5 	0
Q9D5U8 	0
Q9Z206 	0
Q00653 	0
Q8GZ79 	0
O74329 	0
O82743 	0
O00623 	0
P07834 	0
Q1MTQ7 	0
A0A5K7RLP0 	0
Q8BLG0 	0
Q80XX4 	0
P34784 	0
P53725 	0
Q9D8H7 	0
O94972 	0
Q7YUD6 	0
Q58FA4 	0
O02751 	0
P24522 	0
Q80TR8 	0
Q9DAD6 	0
Q94AQ9 	0
P40159 	0
Q9VQ56 	0
Q9ES52 	0
Q584U2 	0
P51864 	0
O74113 	0
O43325 	0
Q96WV2 	0
Q12333 	0
U3H042 	0
Q7Z591 	0
Q9ZV24 	0
O96660 	0
Q8N5M1 	0
O94913 	0
Q58WW2 	0
Q15233 	0
O95273 	0
Q8VYM2 	0
Q9Y2Q9 	0
A2A884 	0
P53260 	0
O60683 	0
P36159 	0
P38060 	0
Q9LK88 	0
Q6IN84 	0
P40326 	0
Q7ZT48 	0
Q8R104 	0
Q21502 	0
Q8TC56 	0
Q9VW15 	0
Q96LI5 	0
P25588 	0
Q06162 	0
G5EED4 	0
Q9H9P8 	0
Q5H9R7 	0
P0C2B6 	0
A1XBS5 	0
Q99J39 	0
Q12445 	0
Q96375 	0
Q10360 	0
Q86WP2 	0
Q08561 	0
Q76NM6 	0
Q9NV70 	0
P18583 	0
A2AMT1 	0
Q9UPW6 	0
P47035 	0
Q9NVA1 	0
Q96ST2 	0
Q64378 	0
P62857 	0
Q8IX15 	0
O42647 	0
H2L0N8 	0
O82289 	0
P51175 	0
Q9B6C8 	0
Q7K6X4 	0
Q9UTI3 	0
Q06682 	0
A4F267 	0
O74469 	0
Q9S816 	0
Q8R4T1 	0
P53833 	0
Q5BJU5 	0
D3ZVU9 	0
Q5BJY9 	0
O95278 	0
Q49MI3 	0
Q9P7U2 	0
O74792 	0
Q63836 	0
O14368 	0
Q12462 	0
Q9JKY0 	0
Q68DD2 	0
Q920D2 	0
Q86TP1 	0
Q3ED65 	0
Q09293 	0
Q9M2N5 	0
J4UQC2 	0
Q681Y3 	0
Q03824 	0
P78811 	0
A0A509AQJ1 	0
Q9VDE4 	0
Q9UT17 	0
Q5TEU4 	0
P36023 	0
O95782 	0
P40038 	0
Q6Q547 	0
Q9VBX1 	0
P17152 	0
Q8NFH3 	0
Q8NC24 	0
G1X9H9 	0
Q9Y802 	0
Q07307 	0
Q8IYB3 	0
P38889 	0
O22210 	0
P36131 	0
Q7TNV0 	0
Q9NWZ8 	0
Q8TDR4 	0
Q9D818 	0
Q1HTZ9 	0
Q9S7W5 	0
Q96CU9 	0
A2YMU2 	0
P39995 	0
P53256 	0
Q9VUB5 	0
Q386M3 	0
Q12308 	0
Q9NZE8 	0
P39961 	0
Q8I615 	0
Q9Y6A4 	0
P48595 	0
O48782 	0
Q9JM73 	0
Q6ZT62 	0
P05982 	0
Q93VM9 	0
Q5BPF3 	0
P52901 	0
P12904 	0
P22293 	0
Q18221 	0
Q9Z0P4 	0
O14523 	0
Q9FZ96 	0
Q9ZWA1 	0
P0DJ07 	0
P38851 	0
Q08215 	0
Q8VYD2 	0
Q3E747 	0
P38779 	0
Q9H6E5 	0
Q7RXU7 	0
Q8WVY7 	0
Q8TF63 	0
Q06213 	0
Q96CM3 	0
D0EL35 	0
O81836 	0
P10627 	0
Q8BQP9 	0
Q92878 	0
P22058 	0
Q7Z614 	0
P36162 	0
Q9LES2 	0
Q90578 	0
P38242 	0
P14907 	0
Q04279 	0
Q0WP44 	0
O60729 	0
Q86W42 	0
Q9Y6M1 	0
P04637 	0
Q3LHL9 	0
O13853 	0
F4J8G7 	0
A2VEY9 	0
Q0E7J7 	0
Q2TAK8 	0
Q8LGU6 	0
P20484 	0
Q40477 	0
P39689 	0
A0A1D8PRB7 	0
P12853 	0
Q8SXD4 	0
P46970 	0
Q57X81 	0
O00841 	0
Q06164 	0
Q9HEV5 	0
Q01080 	0
Q9DC70 	0
Q9USM3 	0
Q05728 	0
Q9USW5 	0
O94308 	0
P70120 	0
Q12166 	0
P33418 	0
O35465 	0
P48237 	0
A0A1P8BH03 	0
Q9LSD0 	0
Q6P6C2 	0
P07246 	0
Q9UBQ5 	0
P35192 	0
Q9VV73 	0
Q10154 	0
P00432 	0
Q12068 	0
Q12158 	0
O94450 	0
Q9UID6 	0
Q6I621 	0
Q9ZPX5 	0
Q96MF7 	0
Q8R515 	0
P12354 	0
P36114 	0
Q10341 	0
A0A2I0BUK1 	0
P53264 	0
Q9UHV7 	0
C9JLW8 	0
Q8R526 	0
Q01329 	0
P34225 	0
E1BUG7 	0
Q9Z0X1 	0
Q9BV86 	0
A0A075TXZ8 	0
P47821 	0
P08067 	0
Q9LES4 	0
P53297 	0
Q9UHV9 	0
Q9P7P1 	0
Q8W593 	0
O13702 	0
O42848 	0
P18480 	0
Q15562 	0
Q05937 	0
Q9JIB0 	0
O21619 	0
Q8TAM2 	0
Q03214 	0
Q24134 	0
Q9SRY4 	0
Q12084 	0
P28648 	0
Q8CEG0 	0
Q8WUM0 	0
O54957 	0
Q6NZY4 	0
Q7SBR3 	0
P60484 	0
Q04177 	0
Q24322 	0
Q33DK1 	0
Q8GXN9 	0
Q04002 	0
P82137 	0
P53955 	0
Q06339 	0
P00403 	0
O60097 	0
Q04728 	0
Q6PG16 	0
Q14164 	0
Q9H7D7 	0
B6VQ60 	0
Q9CZP5 	0
Q800K6 	0
L0R8F8 	0
Q9M5P2 	0
O43813 	0
D2K8N5 	0
P29590 	0
Q9FMZ0 	0
P46778 	0
P53903 	0
Q9LSB9 	0
P0DYC2 	0
P53114 	0
Q9QZQ8 	0
Q9ER99 	0
Q9BVJ7 	0
Q7S6M9 	0
Q8IWZ6 	0
P34111 	0
Q3ZC04 	0
Q04231 	0
Q1ZXU0 	0
I3PB37 	0
Q06554 	0
O75324 	0
O94326 	0
Q86B87 	0
F4IAT8 	0
P00107 	0
Q9UQ80 	0
Q5PP51 	0
O13834 	0
O14291 	0
Q12246 	0
P29374 	0
P38988 	0
Q9LTB0 	0
Q63430 	0
P57680 	0
Q70Z53 	0
P40033 	0
O14079 	0
Q12457 	0
Q7XA66 	0
Q9USU3 	0
P25638 	0
Q9C7S0 	0
G5EGD2 	0
Q9SIV5 	0
Q7Z6G3 	0
F2Z699 	0
P21359 	0
P53193 	0
Q9UDW3 	0
P38879 	0
Q96S44 	0
Q92262 	0
Q9BSW2 	0
A2A5K6 	0
P38848 	0
Q1RNF8 	0
Q08961 	0
E9PRG8 	0
Q9Y4U1 	0
Q00922 	0
Q9BPW8 	0
Q38834 	0
Q8BH07 	0
Q9UDX5 	0
Q8N3J2 	0
Q969K3 	0
Q8GYH7 	0
Q8L7E9 	0
Q96TL7 	0
Q8IY22 	0
Q8NHU3 	0
O23661 	0
P53187 	0
Q5GH67 	0
Q9VV87 	0
P82669 	0
Q8N2Y8 	0
Q08235 	0
Q9SRT0 	0
Q9NTJ3 	0
Q5U5X0 	0
Q9P7S7 	0
P29144 	0
Q9H5U6 	0
Q337M4 	0
Q0WQ41 	0
O08759 	0
Q9V4Z9 	0
Q6SKR2 	0
P40566 	0
Q9BTF0 	0
Q14511 	0
Q8TBZ0 	0
Q8IS98 	0
Q75WF1 	0
Q8WXD5 	0
Q8RWX4 	0
P25642 	0
Q2YDI5 	0
Q923Q2 	0
Q8SX83 	0
Q9VD44 	0
Q12343 	0
O70405 	0
Q949P2 	0
Q08422 	0
B2RZD2 	0
O94614 	0
Q8TCY9 	0
Q96F07 	0
Q11184 	0
Q0WQG8 	0
Q6NKS4 	0
A2ARP9 	0
Q99NI4 	0
Q8WZ42 	0
Q94K75 	0
Q94AX2 	0
P07390 	0
Q8MLV1 	0
Q8LEG1 	0
Q22197 	0
P53170 	0
Q9P305 	0
Q9XF23 	0
O14503 	0
P63006 	0
S0DHV6 	0
Q5Z807 	0
P20134 	0
Q9D219 	0
P40069 	0
Q9NYG5 	0
Q9XIA7 	0
Q8WV28 	0
P54861 	0
Q9Y3V2 	0
A0A078CGE6 	0
P48412 	0
P82670 	0
Q3U284 	0
O74433 	0
Q674X7 	0
P05109 	0
A0A1D8PN96 	0
Q8RWV3 	0
Q06032 	0
H3K2Y6 	0
Q9UH77 	0
P18911 	0
P33308 	0
P17256 	0
P48231 	0
Q8N371 	0
P56192 	0
F4J284 	0
Q22707 	0
Q10430 	0
B4FUP5 	0
Q14451 	0
Q03776 	0
Q1MTN9 	0
A0A3S7X906 	0
O22920 	0
Q12102 	0
Q498E2 	0
O23193 	0
Q56NI9 	0
Q9VAH9 	0
P32342 	0
Q8IHY1 	0
P49756 	0
Q8BG79 	0
F1QN48 	0
O55102 	0
Q08182 	0
Q7XYY2 	0
Q4PSK3 	0
Q94545 	0
Q8N9R8 	0
Q38893 	0
P30419 	0
Q969Y2 	0
F4JGZ1 	0
P49815 	0
P33751 	0
P58418 	0
Q22355 	0
O70200 	0
P97868 	0
Q9SCJ9 	0
Q9Y512 	0
Q9LXF3 	0
P27793 	0
Q84T94 	0
Q94234 	0
Q9SJH0 	0
F4KHI3 	0
Q9UT48 	0
Q9USX8 	0
Q9FN69 	0
Q6UN15 	0
Q08558 	0
Q8R2Y0 	0
Q86UA6 	0
Q9UUG2 	0
Q06604 	0
P53692 	0
P53317 	0
P49720 	0
Q7SB95 	0
A0A0S2UWC9 	0
P34241 	0
Q9FE22 	0
P18410 	0
P46972 	0
Q9Y2V0 	0
Q9VCX1 	0
Q9BUK6 	0
Q99MQ3 	0
Q6UWU4 	0
Q9NRP7 	0
Q9NYV7 	0
P86044 	0
Q9UTG8 	0
P40055 	0
Q8L983 	0
Q95ZL9 	0
Q9VC61 	0
P21620 	0
P42945 	0
Q8K1N1 	0
P35790 	0
Q93VT9 	0
Q9P275 	0
A0A386CAB9 	0
P16554 	0
Q9JLI6 	0
P23611 	0
Q7Z6K1 	0
Q7S300 	0
Q07938 	0
Q5ND34 	0
P42338 	0
O94740 	0
Q9USU8 	0
P25443 	0
P55039 	0
O74462 	0
Q9VWN4 	0
P46060 	0
Q8GYD9 	0
Q96DZ5 	0
C0HLU2 	0
P51808 	0
F4JHA2 	0
Q53H82 	0
Q8LAC4 	0
Q06616 	0
Q9H3J6 	0
Q9WU70 	0
Q8S9K3 	0
Q8T053 	0
Q8I397 	0
Q08831 	0
Q9BSV6 	0
Q3TLD5 	0
Q6IQ49 	0
Q9M670 	0
Q8NFT6 	0
Q9S814 	0
Q8RWN0 	0
Q5RI15 	0
Q9US14 	0
Q9ESJ1 	0
Q8NDZ2 	0
Q9Y4Z0 	0
P30561 	0
Q24246 	0
O43716 	0
Q9FEC1 	0
P40237 	0
O77512 	0
Q9QXY4 	0
Q24562 	0
Q8VC49 	0
Q3UIU2 	0
P33895 	0
Q96MT3 	0
P33400 	0
P42677 	0
O60779 	0
P62875 	0
Q8RXA7 	0
Q9P013 	0
Q7Z5K2 	0
Q9M4B5 	0
Q9P6M0 	0
P21145 	0
E3VNM4 	0
Q7Z412 	0
Q9ZSZ8 	0
P53102 	0
Q8IRH5 	0
P39946 	0
Q6Z2G7 	0
Q6KCD5 	0
Q7SA90 	0
Q9NRR8 	0
P53941 	0
Q38998 	0
Q9HB07 	0
P56277 	0
Q10F03 	0
Q94126 	0
Q9BT17 	0
Q94ID2 	0
P83211 	0
O95071 	0
Q96529 	0
Q9FFD8 	0
Q9M022 	0
Q86BY9 	0
Q9UT46 	0
Q9P1Z3 	0
Q10665 	0
P17629 	0
E9AGH7 	0
Q9VGH1 	0
O23403 	0
Q921G6 	0
O14681 	0
P21245 	0
Q9HE07 	0
O95630 	0
Q810M5 	0
Q9XIK0 	0
P78527 	0
Q9HFE6 	0
Q3UHU5 	0
Q03385 	0
P22893 	0
P34087 	0
Q61234 	0
Q99NF1 	0
A9LNK9 	0
Q8BTW8 	0
Q6PDY0 	0
O94225 	0
Q9LZA6 	0
Q6ZVD7 	0
Q6P9B9 	0
A7UWX2 	0
Q5QJE6 	0
Q32P44 	0
O08650 	0
Q12393 	0
Q96RK1 	0
Q57ZI5 	0
Q9P2D8 	0
Q9CR51 	0
Q04964 	0
Q24400 	0
P19824 	0
Q9P7M3 	0
P80217 	0
C8KI33 	0
Q9CQQ7 	0
Q96QE5 	0
F4IF36 	0
Q8NEZ4 	0
Q96JZ2 	0
J9VI03 	0
P34162 	0
Q8WZ33 	0
O60504 	0
P53309 	0
P49334 	0
Q9H0F5 	0
O74879 	0
Q9C5H9 	0
Q8L8Z1 	0
P57678 	0
P33201 	0
Q9UTA6 	0
Q9NSN8 	0
Q8R000 	0
Q9Y3E5 	0
Q8WXX7 	0
O74791 	0
P32874 	0
Q9QZM5 	0
P02489 	0
Q9LS08 	0
Q21773 	0
P53369 	0
O13998 	0
Q9UFC0 	0
P63220 	0
H0YL14 	0
Q8BMB0 	0
Q24119 	0
Q9ZT96 	0
Q9UBP6 	0
Q01532 	0
P53289 	0
Q96EL1 	0
D3YXK1 	0
P53921 	0
Q6NZF1 	0
Q8BJA3 	0
Q7XR83 	0
P33412 	0
J9VIL4 	0
Q0WNP3 	0
Q8VZS6 	0
Q9H6U6 	0
Q587J8 	0
P30048 	0
Q8CGU4 	0
P34078 	0
O15524 	0
F4JYC8 	0
P35194 	0
Q9VY78 	0
G5ECG2 	0
Q9UBC1 	0
Q9WTV0 	0
P32344 	0
Q9H1E3 	0
Q9H2G9 	0
Q9CQ75 	0
O75689 	0
Q54BW5 	0
Q9H9E3 	0
P38751 	0
Q18909 	0
Q06563 	0
P06841 	0
Q13573 	0
Q6ZY51 	0
Q02206 	0
Q12199 	0
Q9H582 	0
O60016 	0
Q8CDY7 	0
D4A7U2 	0
P82194 	0
P52655 	0
Q8WV22 	0
Q07362 	0
P41002 	0
Q9H5J8 	0
Q9CAF5 	0
Q9H063 	0
Q9WVS6 	0
Q8NFQ8 	0
P35639 	0
P70460 	0
Q12504 	0
Q05024 	0
P21827 	0
O23680 	0
Q9VKJ3 	0
Q1W209 	0
Q9Y7Q7 	0
Q07800 	0
Q1K730 	0
Q9UT18 	0
O94708 	0
Q8TD16 	0
Q12283 	0
Q08553 	0
Q9VJL6 	0
D6VTK4 	0
P06813 	0
O04479 	0
Q9UJU6 	0
Q08417 	0
P32103 	0
Q03750 	0
Q9FFA7 	0
Q9W2H9 	0
P19955 	0
Q5XVF0 	0
P17353 	0
Q07053 	0
Q9Y2I9 	0
Q04073 	0
Q8NFH4 	0
P46681 	0
Q9FGX1 	0
P87112 	0
P38969 	0
Q91W39 	0
Q6ZPR5 	0
Q16637 	0
Q9UTC0 	0
Q8I299 	0
Q23590 	0
P21357 	0
Q8S9G8 	0
A0A5B9G902 	0
Q9H790 	0
Q01664 	0
P53969 	0
Q8IP99 	0
Q5AFI4 	0
P36069 	0
Q6K9U2 	0
P40028 	0
P14868 	0
P0CT67 	0
Q9DB96 	0
P12624 	0
Q9DBD5 	0
P70278 	0
W7MAT5 	0
Q9SFB0 	0
P82924 	0
P08011 	0
Q96FF9 	0
Q96LW4 	0
O23342 	0
Q80SY4 	0
O74904 	0
O14880 	0
O95751 	0
F4IUY8 	0
P40024 	0
Q9VAB8 	0
P42841 	0
Q96JM7 	0
Q810F1 	0
O15304 	0
Q9SS48 	0
Q21952 	0
Q9C0U3 	0
Q8W3L1 	0
P19736 	0
Q9VFX3 	0
Q9HBM0 	0
P57743 	0
Q961D9 	0
Q43715 	0
Q9H4B6 	0
Q9UJQ4 	0
Q9CPY0 	0
Q9UH65 	0
O02219 	0
Q06623 	0
Q9Y241 	0
P0CU09 	0
Q14642 	0
Q08926 	0
P42073 	0
Q8VZL6 	0
O43543 	0
O43031 	0
P32245 	0
Q969X0 	0
C8VP82 	0
P48771 	0
Q969P5 	0
P83510 	0
P29083 	0
Q2MH31 	0
Q5XIQ3 	0
Q9Y6W5 	0
Q9Y7U4 	0
O73622 	0
Q99643 	0
Q12774 	0
P38265 	0
Q5M775 	0
Q08923 	0
Q9NTM9 	0
Q96I59 	0
P62847 	0
Q2VLK6 	0
Q7S4E7 	0
P38081 	0
O43913 	0
O43819 	0
Q12321 	0
Q03799 	0
P56383 	0
Q9Y2D8 	0
Q54QQ1 	0
Q9BRT2 	0
Q8L748 	0
O14114 	0
F4HRV8 	0
Q9FZ89 	0
Q8H1U5 	0
Q8TEC5 	0
P40037 	0
Q06106 	0
Q8IYL3 	0
Q12884 	0
Q8GYU3 	0
Q86XE0 	0
Q9W252 	0
Q9D3F7 	0
P36528 	0
Q9GZS3 	0
A0A075TRC0 	0
Q8NFG4 	0
Q56P03 	0
Q8N4T4 	0
P33307 	0
Q9XIP2 	0
Q03798 	0
Q6NZQ4 	0
Q9M3K7 	0
Q7FZF1 	0
Q9NYK5 	0
Q5VZI3 	0
O95989 	0
P46938 	0
O13563 	0
P11181 	0
Q9UU91 	0
F4JZG9 	0
Q8TDM6 	0
P61604 	0
Q9JI13 	0
Q8BVN4 	0
Q86WV5 	0
O42913 	0
Q9UI40 	0
Q8C854 	0
Q9LS24 	0
Q9H871 	0
A0A0P0WQ90 	0
Q20977 	0
Q9DA19 	0
Q9BZF1 	0
Q8TD31 	0
P24642 	0
Q96KQ7 	0
P18074 	0
P25038 	0
Q96D96 	0
O77932 	0
Q9NXV6 	0
Q5DT39 	0
Q9P0S2 	0
Q9NYX4 	0
Q9Y2D9 	0
Q8NF50 	0
Q94A68 	0
Q6Y5D8 	0
P29461 	0
P25420 	0
Q94B35 	0
Q8WY64 	0
O08901 	0
Q8L960 	0
D4AEP3 	0
Q9NX58 	0
P53909 	0
Q24174 	0
O13339 	0
Q96B42 	0
Q5W7F1 	0
A0A1D6IEG9 	0
Q3V0Q6 	0
Q9CAC5 	0
Q12339 	0
Q08949 	0
A0A075TRA9 	0
Q8LDS4 	0
Q9LIQ6 	0
P43606 	0
P37263 	0
P46951 	0
F4JXF1 	0
Q02354 	0
O95059 	0
A6H8H2 	0
Q5MIZ7 	0
Q9NR90 	0
P21691 	0
Q9BV90 	0
Q86VP6 	0
O14277 	0
Q8L3X9 	0
Q6WN19 	0
Q20497 	0
Q12510 	0
P40473 	0
K9NVA6 	0
Q8NEY3 	0
P59382 	0
Q39056 	0
Q09838 	0
P06454 	0
Q99653 	0
G5EGF8 	0
Q8WV93 	0
Q38845 	0
O49290 	0
O43829 	0
Q96P67 	0
P53082 	0
Q03898 	0
Q9VEN1 	0
Q9FN48 	0
Q86MA2 	0
Q9EQJ4 	0
Q00597 	0
Q2V3L3 	0
Q09761 	0
Q8VY74 	0
Q9LVA9 	0
Q03790 	0
Q09847 	0
Q03834 	0
Q8NDD1 	0
Q96B26 	0
Q6DWJ6 	0
Q9UUM2 	0
Q9NVI7 	0
Q99PD6 	0
P14908 	0
O44476 	0
Q9P7B7 	0
O35678 	0
Q9URQ3 	0
Q5PRF9 	0
Q00202 	0
Q9ZVZ9 	0
P32336 	0
P34447 	0
Q9FK13 	0
Q9H147 	0
Q9R1T5 	0
Q8LBP4 	0
Q9P7P2 	0
P45432 	0
Q80ZI1 	0
P0CT73 	0
Q9URV9 	0
P0DI81 	0
Q15652 	0
Q6R3K9 	0
Q10223 	0
Q9Y3C5 	0
P54657 	0
Q94AQ8 	0
Q9XI19 	0
P40368 	0
Q39709 	0
Q21738 	0
Q9FVV7 	0
Q9MYT8 	0
Q6PI48 	0
A1YKT1 	0
Q5EBL4 	0
Q96B49 	0
P49789 	0
O13710 	0
Q8NB16 	0
Q9EPB4 	0
Q9Y7Z5 	0
Q9FYS5 	0
Q3EBC8 	0
Q9M591 	0
Q03761 	0
Q8WYA6 	0
P38937 	0
P51998 	0
Q9S7Z2 	0
Q92733 	0
Q45FA5 	0
A0A1D9BZF0 	0
Q8VHT6 	0
P28288 	0
Q9CQT6 	0
O81208 	0
P49021 	0
P05066 	0
Q9EP97 	0
Q9FME4 	0
Q08991 	0
Q5T6F0 	0
Q9W4X9 	0
Q06679 	0
Q9LDD5 	0
P53944 	0
Q39002 	0
P12956 	0
Q9STX3 	0
O42998 	0
Q6UL01 	0
Q9BUH6 	0
P38257 	0
P34227 	0
P06367 	0
Q96QP1 	0
Q9NQC7 	0
P07195 	0
Q9NZH6 	0
Q8WY91 	0
Q70EL3 	0
Q9UK99 	0
Q558Z2 	0
Q91VX9 	0
O14275 	0
Q1XG89 	0
F4IMQ0 	0
A0A5E4M3Q4 	0
Q9SLD2 	0
Q9SLJ2 	0
Q56X52 	0
O75508 	0
Q9NPJ1 	0
P23193 	0
P41348 	0
Q8WXW3 	0
Q3UUF8 	0
Q4GZF6 	0
Q9M1E7 	0
P53846 	0
Q8TBZ3 	0
O82230 	0
P58334 	0
Q9ULR3 	0
A0A1D5PRR9 	0
Q9Y287 	0
Q8NCG7 	0
Q75WB5 	0
Q9CQR4 	0
Q13428 	0
P26449 	0
Q504Q3 	0
Q8LBM2 	0
Q1MTR2 	0
Q03973 	0
P09108 	0
Q08931 	0
Q08959 	0
P0CY11 	0
P47140 	0
Q497V6 	0
Q9QYH6 	0
Q9NX55 	0
Q09260 	0
Q9FJF4 	0
P17214 	0
Q9DCJ5 	0
Q03373 	0
Q01981 	0
Q7T0L4 	0
O95721 	0
P25040 	0
P27707 	0
Q9C8R8 	0
Q96PP9 	0
Q5GH62 	0
Q80YF9 	0
Q811H0 	0
Q500V5 	0
P42844 	0
P38838 	0
Q95QZ9 	0
A0A0D1CRD0 	0
Q8NI35 	0
Q8IYM2 	0
Q944Q0 	0
Q20591 	0
Q7YQK4 	0
P50440 	0
Q9SQI3 	0
Q8BGD8 	0
Q9UHX1 	0
Q06109 	0
O93956 	0
O75529 	0
Q6ZMZ3 	0
P49017 	0
H9A1V3 	0
O35394 	0
Q6A037 	0
P32380 	0
P30279 	0
Q5BJX1 	0
Q07395 	0
P0CY08 	0
Q07914 	0
Q8BG21 	0
P33447 	0
Q8CBX0 	0
O95571 	0
Q99MY0 	0
Q8GUL2 	0
P18581 	0
Q3E756 	0
Q6Q5X2 	0
Q9HB96 	0
Q9UTI4 	0
P40505 	0
Q8N6U8 	0
Q86VZ6 	0
P18296 	0
P41541 	0
Q9UNA4 	0
O42648 	0
Q96NT5 	0
O94617 	0
O75616 	0
P41958 	0
P47112 	0
O94468 	0
Q9VAM5 	0
Q9CQH3 	0
Q06338 	0
P57725 	0
P40565 	0
Q0JHU5 	0
Q5U5Q3 	0
Q8IXQ6 	0
A6NDU8 	0
Q9HB75 	0
Q9GZZ9 	0
O62090 	0
Q9HAC7 	0
Q7S910 	0
Q9UIL8 	0
P28776 	0
P36120 	0
P78963 	0
Q75NZ0 	0
Q8ND71 	0
O80832 	0
Q9FNC9 	0
Q9UU96 	0
O00287 	0
Q69ZQ1 	0
Q9S752 	0
Q9FFC7 	0
Q04175 	0
P17694 	0
Q9NUQ9 	0
O60832 	0
Q9Y252 	0
Q9ZW85 	0
O43663 	0
Q7XA07 	0
Q8H443 	0
Q91YI6 	0
Q9SID1 	0
O75506 	0
Q9WU79 	0
Q8WXU2 	0
Q61127 	0
F4JT76 	0
Q8WXG6 	0
P06180 	0
P46959 	0
Q06163 	0
P38777 	0
Q682U6 	0
P20477 	0
Q3TQ03 	0
Q9NVH2 	0
A1Z9P3 	0
P49443 	0
O14519 	0
Q9C7A2 	0
Q9VWW0 	0
A1A4Y4 	0
O08900 	0
Q8LPS2 	0
O75940 	0
Q03433 	0
P38291 	0
P87017 	0
P70610 	0
Q5T4T6 	0
Q42876 	0
P60896 	0
Q9HAZ2 	0
Q8VZE7 	0
Q5SXA9 	0
Q6L8Q7 	0
Q9CQX8 	0
P43565 	0
P07276 	0
P47002 	0
Q9LW29 	0
P07248 	0
A0A2R8Y7D0 	0
Q08365 	0
Q66HL2 	0
P42698 	0
Q9UM07 	0
Q03631 	0
Q641G7 	0
Q9BWF2 	0
P23542 	0
P22224 	0
O88466 	0
Q8RWE8 	0
P54920 	0
Q9C882 	0
Q05958 	0
Q9BT43 	0
P27815 	0
Q91YM2 	0
Q96MI9 	0
Q93WX6 	0
P70338 	0
Q6ZN28 	0
Q84LM4 	0
Q9FYB5 	0
Q5TAX3 	0
Q3UZ39 	0
Q03124 	0
Q9UJX4 	0
Q9LZP8 	0
Q06493 	0
Q9D1M4 	0
Q9NTZ6 	0
O95900 	0
Q25C79 	0
P47171 	0
P0DH90 	0
P29084 	0
Q9P0R6 	0
P53267 	0
Q20024 	0
Q6SZW1 	0
J3QMY9 	0
F4JHH5 	0
P31334 	0
P34567 	0
Q9Y3C4 	0
Q9BUU2 	0
Q4WW97 	0
Q8CGY6 	0
P32179 	0
O43396 	0
P28807 	0
Q9SNB7 	0
Q9JJK1 	0
O00555 	0
F4I2H7 	0
P54074 	0
Q9P6S5 	0
Q230X8 	0
Q7Z7G2 	0
P38351 	0
P25578 	0
P32843 	0
Q9LUJ3 	0
Q9BSF8 	0
Q10214 	0
Q5XVG3 	0
Q04603 	0
Q9SEL7 	0
Q99583 	0
Q03305 	0
Q9BTP7 	0
Q9C9T2 	0
Q920G9 	0
Q5XF07 	0
Q10222 	0
O13915 	0
O22130 	0
Q96PX9 	0
Q91YR5 	0
Q14166 	0
Q9P2Y4 	0
Q9BSH3 	0
Q99808 	0
Q9C5U1 	0
O94444 	0
P78917 	0
Q9BW72 	0
P39985 	0
P21228 	0
Q9BRQ5 	0
Q8CJ27 	0
Q9HAV4 	0
P69850 	0
P82673 	0
Q84MZ4 	0
Q12315 	0
Q504T8 	0
Q08444 	0
Q96301 	0
Q764M6 	0
P16521 	0
Q9VLP7 	0
A2A8T7 	0
Q6NVG5 	0
G5EFF5 	0
Q42588 	0
Q9P7M1 	0
Q6P1J9 	0
Q6L5B5 	0
Q96HW7 	0
Q9Y605 	0
Q9SSW0 	0
P33448 	0
Q07508 	0
A0A0U2UYC4 	0
Q9JM80 	0
Q9LNE8 	0
P38264 	0
Q7RXV8 	0
Q9LN09 	0
Q9LMR3 	0
Q9VAS7 	0
I6LAD1 	0
A0A1S4BDC4 	0
B8Y6I0 	0
Q9M9V9 	0
Q96JM3 	0
Q4WSD1 	0
P05230 	0
Q84JU6 	0
Q86SP6 	0
Q9BTU6 	0
O74796 	0
P08635 	0
Q93560 	0
Q9NY87 	0
P31414 	0
P40460 	0
Q04888 	0
Q09275 	0
Q59LY1 	0
Q94165 	0
Q9Y5W9 	0
Q9NP94 	0
Q8C6P8 	0
Q7SB98 	0
Q8VEE1 	0
Q42687 	0
Q10210 	0
Q96VH4 	0
P23230 	0
Q22037 	0
Q8W4L5 	0
Q9FGS4 	0
Q5BLX8 	0
Q9NS73 	0
A2RVJ8 	0
P87297 	0
Q15078 	0
Q8IZV2 	0
Q9H0E9 	0
Q99ML0 	0
O54982 	0
Q8W4I6 	0
P53112 	0
Q9VSA3 	0
Q21776 	0
Q96EA4 	0
Q8N9M5 	0
Q58DQ5 	0
A3R064 	0
Q9LSC4 	0
P39705 	0
Q11120 	0
Q9P0N8 	0
Q9NZI6 	0
P97376 	0
Q9NP98 	0
Q9W1C5 	0
Q66GT5 	0
O15068 	0
C0HLF1 	0
Q7SHB2 	0
Q07418 	0
O94580 	0
P49728 	0
P37727 	0
Q7TPF1 	0
Q3E823 	0
O13725 	0
P05085 	0
Q9D1E5 	0
Q6P7B7 	0
Q03468 	0
Q38HM4 	0
P53804 	0
O60094 	0
P40155 	0
P42840 	0
Q14203 	0
Q6PFD5 	0
P55197 	0
P19973 	0
P17535 	0
Q9NX47 	0
P40491 	0
Q9UMS0 	0
Q8BMA5 	0
Q9ES19 	0
Q9UTF7 	0
P40065 	0
Q9NUQ6 	0
Q9VBW9 	0
A4D126 	0
O94279 	0
P06526 	0
Q9VYD1 	0
Q6EKJ0 	0
P20143 	0
Q53S58 	0
Q5EAF2 	0
Q9NWV8 	0
Q86MV5 	0
P82658 	0
Q12223 	0
P92276 	0
Q32065 	0
Q13325 	0
P49769 	0
A0A1W2P872 	0
Q8N2C7 	0
P14284 	0
Q8IWV7 	0
Q9H902 	0
Q6ZV65 	0
Q5SRY7 	0
O65680 	0
Q8RWV8 	0
P63036 	0
Q13156 	0
Q96SY0 	0
Q9NWS8 	0
Q9FZK4 	0
Q06184 	0
G4SLH0 	0
O13978 	0
Q9P2N5 	0
Q10332 	0
Q5AK51 	0
Q8VWF1 	0
P47174 	0
Q8WWM7 	0
Q6PJT7 	0
P57080 	0
B1AZ99 	0
Q969L4 	0
Q80ZD3 	0
O59734 	0
Q04311 	0
Q9Y448 	0
Q9H3F6 	0
Q6K1E7 	0
F4I443 	0
Q9CX80 	0
P35269 	0
Q9LKX9 	0
Q9XVS8 	0
Q12291 	0
Q5AL36 	0
P37299 	0
Q93008 	0
G5EEG7 	0
O60174 	0
Q96EY5 	0
Q3U827 	0
Q9H832 	0
P53107 	0
Q9Y5Z9 	0
Q12259 	0
Q04613 	0
O15439 	0
Q86TW2 	0
Q96ST8 	0
P81900 	0
Q84VZ1 	0
Q96RQ1 	0
P54113 	0
Q9LMA8 	0
Q90ZN1 	0
P32504 	0
Q99PQ2 	0
Q9Y2I8 	0
Q12514 	0
O54724 	0
O70258 	0
Q5FWH3 	0
Q9FGW9 	0
O74386 	0
Q8BVG4 	0
P46062 	0
O13688 	0
P40057 	0
A7DTF0 	0
O75937 	0
P38222 	0
Q8K3Y3 	0
Q9LSQ5 	0
P24499 	0
P53188 	0
Q3UHA3 	0
P10849 	0
P23369 	0
Q67ZB6 	0
Q63638 	0
Q8IYR2 	0
Q42496 	0
Q1G3I2 	0
Q8R4T5 	0
Q9LEV3 	0
Q7KTX8 	0
Q9NZC9 	0
Q7JXF5 	0
Q09685 	0
P49662 	0
