	A	R	N	D	C	Q	E	G	H	I	L	K	M	F	P	S	T	W	Y	V
-13	0.22283983400012267	-1.9626127380991767	-3.599518045233888	-2.28634594894296	0.8735585628993086	-2.468362208833307	-2.4924961101697365	-0.821991041353524	-1.4130726021524955	0.12105713969018035	1.389778935231286	-2.1627078939770956	-0.08222954556881919	0.8428595760105018	-1.1174223600515378	-0.3117652976295177	-0.8346405424175969	0.4053551141577208	-1.0726941105642174	0.5313766262631431
-12	0.31410389167685226	-3.909632149608776	-2.214332946568283	-3.896893123831346	0.6901277436510682	-2.4694714712875925	-3.409896104498177	-1.3827160917432324	-1.925007488372772	0.1844863983734658	1.4971770941930194	-2.8569643369913265	-0.37102088047488596	0.829327793557659	-1.1185316225058235	-0.6630769895169183	-0.7892297892369897	0.7872381039595407	-1.4792684811266676	0.4714268637859239
-11	0.21202891789590714	-2.5222285260345996	-2.5009057565657784	-3.89578386137706	0.9688687427036333	-1.4875329558215804	-4.101934022603837	-0.8583586855243989	-1.6362161534667052	0.35744591775441076	1.3811457880865832	-3.9544673632051506	-0.18759006122664543	0.3996541399194904	-0.8661079317706316	-0.4850370189035544	-0.4134270773412933	0.641743892221951	-1.478159218672382	0.6896006314780372
-10	0.24300796999312185	-2.3001942371746753	-2.214332946568283	-3.2037459432714006	0.9677594802493475	-1.2654986669616566	-2.716748923938232	-0.41763519569964536	-1.925007488372772	0.1844863983734658	1.4631868939644677	-2.8569643369913265	-0.3064823593373147	0.7099810359250929	-1.3596936793227117	-0.43350254787241826	-0.7022184122473599	-0.10657977206255571	-1.6615900379206223	0.3306543099048417
-9	0.7705354433770442	-2.8110198609406662	-1.6547171586328602	-2.105133654603291	0.9677594802493475	-1.776324290727647	-2.716748923938232	-0.41763519569964536	-1.2318603078128265	-0.31083503885655966	1.341740240555017	-3.955576625659436	-0.08333880802310481	0.49035242671832735	-1.1185316225058235	-0.054012926167514526	-0.7022184122473599	-0.22436280771893913	-1.1915864086748866	0.166766454799725
-8	0.7336654577661135	-2.5222285260345996	-1.9900801327997875	-1.9498737123217469	1.3641814793477798	-0.5712422239474255	-2.022492480924001	-0.5166093918023422	-1.6362161534667052	-0.47677986106544007	1.1144368390150812	-2.855855074537041	0.14091400574539054	0.4737621120732124	-1.4538945966727508	0.24785049030590506	-0.21560133401137332	0.4053551141577208	-0.5618684867982269	0.16787571725401088
-7	0.3525701725046483	-1.344682792147239	-1.2980422146941277	-2.2874552113972455	1.277914408553187	-0.6777120020595375	-2.157133136002809	-0.3486423242126939	-1.637325415920991	-0.16773419521588637	1.2473305560839423	-1.7583520483232167	0.09898274877084969	0.7239672778998326	-0.6665464987627663	-0.1652385612777388	-0.19139278848136923	0.691927924155216	-0.706078592893186	-0.21166998092052003
-6	0.5955151192852963	-1.8290813454746542	-1.8077585760058328	-1.8163423196972244	0.9380970840368796	-2.180680136381526	-1.7040387498054663	-0.6278350269125664	-0.7199254215925502	0.35744591775441076	0.7550628381071837	-2.855855074537041	-0.03343938139938726	0.319611432245954	0.3866550367247364	-0.1641292988234531	-0.21560133401137332	0.5876766709516754	-0.9673335949063913	0.8118902092363114
-5	0.6530849711067741	-0.7304690568065444	-0.6037857716798969	-1.0054121034808956	0.36273293913331783	0.2396879922689034	-0.734638192617363	0.5279356755954917	0.30969399558860816	-0.9775551489779294	-0.42224171913659103	-1.1818786409653692	-0.3699116180206	-0.6612178207657721	0.6502395575974567	0.6045254342446374	0.4902848723260017	-0.00010999395044365335	-0.8720234151020663	-0.21056071846623428
-4	0.16646789287078767	-0.3832716249926143	-1.5211857660083377	-0.9524541446649055	0.6901277436510682	-0.071576198489222	-0.7018459033959673	0.47942417424662215	-0.7210346840468358	-0.7555208601180053	0.3856280144941903	-1.1829879034196549	-0.13463210241065543	-0.02633831650006128	0.6244376825527995	0.5279086192822064	0.0317507628328405	-0.0012192564047293329	-0.4378146062985066	0.1389868906926494
-3	1.1996286774748441	-2.2990849747203894	-1.5200765035540518	-2.5094895002571698	1.566705743459254	-2.873827316941471	-2.310174553375782	0.2525236957355252	-2.3293633340266506	-0.572090040869765	-0.881774048515031	-2.34502945077105	-1.2862023498947552	-2.165295217542046	-1.559255112330577	0.6662190032499774	0.5634882763492967	-1.6095479063845441	-3.269918687900437	1.1244403482661058
-2	0.09695958811111982	0.1519201233919292	-0.2673135350586838	-0.13458374568349785	-0.04273216897484657	0.8274746571710222	0.11757368257226988	-0.5432776388845034	0.8061308819024993	-0.8822449691736045	0.33049755862559993	-0.8189731472760007	-0.305373096883029	-0.507067140938514	-1.271573039878796	0.5674841625642884	-0.1414933618576516	0.9931417790598397	-0.0918648575524914	-0.6568478210946539
-1	1.7563484309506145	-1.2004726860522799	-1.8077585760058328	-1.9498737123217469	0.9063483857222995	-0.9279171678861577	-2.4924961101697365	1.0875514635309145	-2.3293633340266506	-3.280140241971975	-2.067397714172771	-2.008557214149837	-1.6916674580029196	-1.9421516662278366	-0.2599721282003161	0.5768739029141273	-0.7011091497930743	-2.3026950869444893	-1.8836243267805464	-3.0239714352262705
1	0.6997663724888368	-0.3832716249926143	-0.30479044168384434	0.1974514383907546	0.361623676679032	0.7886250667338895	0.024091099986969088	-0.14797162875054282	0.19525604782731923	-0.6421921748110022	-0.05968300216117377	-0.21790700737606788	-0.5141217241155592	-0.05619127964974251	-1.811678803065769	0.09259054802436081	-0.14260262431193724	0.09409092339959549	-0.05215212548652185	-0.33950335243040486
2	-0.5731993033240506	0.06065976394334617	-0.10411974622169329	0.1974514383907546	0.361623676679032	0.21610587396255898	0.37429352942008387	-0.18501290043089177	0.06742267631743423	-0.6421921748110022	-0.7528301827211191	-0.17138699174117497	-1.6927767204572053	-0.37464501076827705	1.094441311798535	0.4137953125147856	0.011548055515321107	-0.3578942003434617	-0.05215212548652185	-0.2524919754407751
