Q8MMH3 	1
Q6TPK4 	1
Q62632 	1
P47710 	1
Q8TAL6 	1
P31723 	1
P01174 	1
Q9SU40 	1
P60568 	1
Q7YZS9 	1
O35701 	1
P12872 	1
O94985 	1
P10764 	1
P05367 	1
Q8WMP9 	1
Q13433 	1
Q09022 	1
P01137 	1
Q70SU7 	1
P34746 	1
P84843 	1
P34998 	1
P13727 	1
P48765 	1
P48747 	1
P49767 	1
Q61400 	1
O00105 	1
Q92765 	1
Q6UW10 	1
P22412 	1
O60609 	1
P05160 	1
Q86YT9 	1
Q09098 	1
C9K4X8 	1
Q13478 	1
A0A7J6K7I9 	1
Q9D6Y1 	1
P25033 	1
Q23997 	1
O55245 	1
Q5WPZ4 	1
Q53B52 	1
Q8MI01 	1
Q76BW5 	1
C4NZN9 	1
P59665 	1
P51688 	1
P05090 	1
Q8HYA9 	1
P80060 	1
Q9Z0L3 	1
P04925 	1
P06681 	1
Q9U8X3 	1
P55000 	1
Q12127 	1
I6S7I0 	1
Q27441 	1
P52706 	1
P29794 	1
P80915 	1
P02790 	1
P14770 	1
Q56S59 	1
O60602 	1
E9NX73 	1
Q95UE8 	1
P03971 	1
Q9P2K2 	1
A7VN15 	1
P29007 	1
P29241 	1
P51460 	1
P42256 	1
Q9R100 	1
P40259 	1
C0HKG1 	1
Q99372 	1
Q9UBT3 	1
O18994 	1
P12024 	1
P25291 	1
O76818 	1
Q7TQN3 	1
Q8MMH5 	1
P31358 	1
P36897 	1
Q9BQ51 	1
Q00193 	1
Q6UXK5 	1
P01350 	1
Q9NRR1 	1
P43497 	1
P07602 	1
Q06KA2 	1
P45478 	1
E0XKJ8 	1
Q86R84 	1
Q53NL5 	1
O80323 	1
P41271 	1
Q16627 	1
P49259 	1
P01588 	1
K9L4P7 	1
Q9XSW3 	1
Q6IUU3 	1
P29421 	1
P10762 	1
P09230 	1
Q6IV20 	1
P81999 	1
G8YYA5 	1
P81605 	1
P23044 	1
B0XRV0 	1
Q8T0W3 	1
P29320 	1
P00635 	1
P15450 	1
P41543 	1
P28088 	1
A7L035 	1
Q6UWN5 	1
Q5AMT2 	1
Q02083 	1
P32472 	1
P69770 	1
U6BLZ9 	1
P17813 	1
O46168 	1
Q6UXH1 	1
Q08738 	1
P82384 	1
P24021 	1
A0A0F7YZQ7 	1
P25331 	1
P18657 	1
Q8J0K5 	1
Q08127 	1
P22894 	1
O96910 	1
P68248 	1
P31096 	1
Q3L1D1 	1
Q9ERQ6 	1
P19400 	1
Q8T0W1 	1
Q6T6C1 	1
P48819 	1
P01148 	1
Q00954 	1
P10675 	1
P25942 	1
Q00945 	1
Q86LE5 	1
Q969P0 	1
P08236 	1
Q1XG90 	1
Q15399 	1
B0JFB8 	1
Q9TRM8 	1
Q9U8D1 	1
P82818 	1
Q7SCE9 	1
Q9LLT1 	1
P29460 	1
P25404 	1
P02230 	1
P06332 	1
I1SB12 	1
Q8N4F0 	1
P59938 	1
Q02942 	1
P13806 	1
Q4WL81 	1
O15455 	1
Q8TCT8 	1
P03998 	1
P35613 	1
P85213 	1
P48439 	1
Q9NPA0 	1
P80392 	1
P01076 	1
Q6ZSA7 	1
Q805F3 	1
P19137 	1
Q9BX74 	1
Q9Y2I2 	1
Q9LXD6 	1
P29022 	1
Q86SC0 	1
Q9Y279 	1
P0DUS8 	1
Q9NS68 	1
Q8WWA0 	1
P06727 	1
P48816 	1
P02659 	1
Q27082 	1
P08376 	1
Q8ISL8 	1
Q5JNJ5 	1
Q95NY5 	1
Q63372 	1
Q6UX39 	1
Q61789 	1
P06028 	1
Q867W1 	1
Q9Z0M9 	1
Q9UNE0 	1
P20507 	1
Q8MMJ7 	1
P07529 	1
Q94637 	1
Q29486 	1
Q9VX31 	0
Q14678 	0
P38439 	0
Q3V6T2 	0
Q6QJ72 	0
P23709 	0
P21784 	0
P53835 	0
Q9M9V7 	0
P41161 	0
Q5ANE3 	0
P37382 	0
Q5PR68 	0
P51587 	0
O75004 	0
O22152 	0
K4PW38 	0
Q99KP6 	0
Q9BT92 	0
P32529 	0
Q3E6R5 	0
P31385 	0
O00291 	0
P38877 	0
Q9UH99 	0
O35658 	0
Q9UTJ8 	0
P25644 	0
Q39161 	0
O42975 	0
P19525 	0
Q9FKQ7 	0
P80002 	0
Q94AL8 	0
Q8W489 	0
O60427 	0
P28574 	0
Q9P7W8 	0
Q63707 	0
Q9NU22 	0
Q9ER31 	0
P22812 	0
P50479 	0
Q4V7K4 	0
Q9NRA8 	0
Q07794 	0
Q06324 	0
Q9BYE2 	0
O43070 	0
Q8WU10 	0
Q9H2K2 	0
Q9BU61 	0
P48552 	0
Q8BGY7 	0
P20290 	0
Q9D6Y7 	0
Q96GX5 	0
Q9LVD0 	0
Q80T79 	0
O94679 	0
Q96PZ2 	0
Q1H5E9 	0
P40971 	0
P54310 	0
O94255 	0
Q99816 	0
Q8VY52 	0
M4IRL4 	0
Q90Z72 	0
Q8BVE8 	0
P25688 	0
O54697 	0
P12687 	0
Q14AF1 	0
O23144 	0
X5HYT8 	0
Q9H4I3 	0
O22267 	0
Q12749 	0
O14802 	0
Q9Y6W3 	0
Q9JL56 	0
A6YSL1 	0
Q6UB28 	0
O94238 	0
Q9CQC7 	0
J9VT33 	0
A0A075TRB3 	0
Q9NYJ8 	0
Q6NVF4 	0
Q9HD42 	0
P40517 	0
P51556 	0
P55212 	0
P01375 	0
P41226 	0
Q9ZV08 	0
Q59RW5 	0
Q0WMY5 	0
Q91X52 	0
Q96QA5 	0
P53397 	0
P97480 	0
P40228 	0
Q86WQ0 	0
P06168 	0
Q9D1N4 	0
Q03375 	0
O00270 	0
Q14693 	0
F4IXE7 	0
O60356 	0
O81851 	0
W8JWV8 	0
Q7S2C2 	0
Q9H3K2 	0
P25584 	0
S8ESV1 	0
Q9Y6Q9 	0
P80680 	0
Q12045 	0
P21374 	0
A7UL74 	0
A0A120KVW2 	0
P42696 	0
Q9H4M3 	0
P47074 	0
Q8IV76 	0
Q9Y2S7 	0
Q96T23 	0
Q9VW51 	0
P03888 	0
Q8TC90 	0
Q8IVH4 	0
Q6IQ55 	0
Q9C516 	0
Q8WVF1 	0
Q10109 	0
Q6B860 	0
P86981 	0
P32786 	0
Q9Z1N1 	0
P40858 	0
B7SXM5 	0
Q9SPI9 	0
D3ZKT0 	0
Q03557 	0
P0CS82 	0
Q96HJ9 	0
G4NCH6 	0
P14064 	0
Q8IEF6 	0
Q86Y26 	0
Q9CQE1 	0
O14097 	0
P53154 	0
Q9SR43 	0
Q9VT04 	0
O60284 	0
O13577 	0
Q3URS9 	0
G3XKQ9 	0
P53246 	0
Q9Y5Q9 	0
Q8IUG5 	0
P83103 	0
G2WVY3 	0
P46414 	0
P32266 	0
P10663 	0
P47027 	0
P38768 	0
Q4G0N4 	0
Q84TH4 	0
Q06149 	0
P14866 	0
Q8WUX2 	0
A0A120KVR8 	0
P47006 	0
P04038 	0
Q9FJY5 	0
P32372 	0
Q9C900 	0
Q10L01 	0
Q9H1D9 	0
O77389 	0
P0DP99 	0
P47118 	0
P81760 	0
P97855 	0
Q8BJ63 	0
Q03330 	0
P48039 	0
O60306 	0
Q9LV14 	0
Q09849 	0
Q2VWA4 	0
Q8LLD0 	0
Q43295 	0
Q9VVV9 	0
Q9JL04 	0
Q98TA5 	0
Q21148 	0
Q9QYW0 	0
Q6ZWS8 	0
Q7K3L1 	0
Q6ZJM9 	0
Q9P1T7 	0
Q24573 	0
Q7ZT82 	0
Q9NUL7 	0
Q86V20 	0
Q9USR9 	0
O14338 	0
P25632 	0
Q6K431 	0
P34234 	0
Q3ZCQ8 	0
Q6ZI01 	0
Q9FG00 	0
Q96NW4 	0
P19659 	0
Q9NX76 	0
Q96EL2 	0
Q9D8V0 	0
P12686 	0
P07272 	0
O14279 	0
P03880 	0
O46411 	0
Q9FLU1 	0
O82245 	0
O13816 	0
Q9P2G3 	0
P40477 	0
P42526 	0
Q9USP9 	0
F4HXY7 	0
P40470 	0
Q8CF89 	0
Q6IUP1 	0
Q28177 	0
Q7Z7K6 	0
Q99M04 	0
P06105 	0
Q8H7F6 	0
P53628 	0
P36532 	0
Q13049 	0
P30943 	0
Q8IZ08 	0
O35250 	0
Q9SYQ0 	0
Q8R139 	0
Q6A0D4 	0
Q53TN4 	0
P16550 	0
A2ADA5 	0
Q9HCI7 	0
Q9LK29 	0
Q13356 	0
Q0VDF9 	0
Q9N5A8 	0
Q9LUA3 	0
Q8N4E7 	0
Q10335 	0
Q8WSR2 	0
Q14D04 	0
Q08357 	0
Q08887 	0
Q8WVT3 	0
Q6P6J4 	0
Q99LC3 	0
P24278 	0
Q92508 	0
Q9W157 	0
P82920 	0
Q9LW00 	0
P40160 	0
A2AAJ9 	0
P47019 	0
O88708 	0
Q969Z0 	0
Q7S5M7 	0
Q41062 	0
Q80ZG6 	0
Q8BM75 	0
P38065 	0
Q8W4F1 	0
O74434 	0
Q59UY7 	0
P53152 	0
O76075 	0
Q8NBI5 	0
Q945P0 	0
Q9Z0P7 	0
Q9FRL5 	0
O75426 	0
Q9VU77 	0
Q96HE9 	0
Q9BXC9 	0
Q12153 	0
P53853 	0
Q9UM54 	0
O59793 	0
Q8L3P4 	0
Q9UQN3 	0
Q63HN8 	0
Q9CA67 	0
Q9NVU0 	0
O22287 	0
Q9Y266 	0
H2L006 	0
Q9Y113 	0
F4JV80 	0
Q9VTE2 	0
Q9USQ1 	0
Q9BT23 	0
Q9W6G7 	0
Q96I76 	0
P24613 	0
P15315 	0
Q12094 	0
O74828 	0
Q5QGS0 	0
P10834 	0
Q8BGW1 	0
Q9D495 	0
Q9LXR8 	0
B8B0E2 	0
P38172 	0
P36130 	0
Q9C103 	0
Q12493 	0
Q9SIW2 	0
P47043 	0
Q9MBA1 	0
Q8VIE6 	0
O74443 	0
P43449 	0
Q9JIR4 	0
P69851 	0
P87000 	0
Q04491 	0
Q96255 	0
Q9LPV5 	0
B7Z0X7 	0
Q6ZWQ0 	0
Q9FMS5 	0
Q8IEK7 	0
P25039 	0
Q10178 	0
Q9Y7X6 	0
Q8IVP5 	0
Q12188 	0
Q08047 	0
Q86YC2 	0
P33075 	0
O75821 	0
Q95T12 	0
Q9LG26 	0
Q6NW34 	0
Q8IH18 	0
Q9UTP3 	0
O94446 	0
Q9XUB3 	0
P0DO23 	0
P21375 	0
Q53F19 	0
P82916 	0
Q9SQK3 	0
P53165 	0
P63242 	0
Q7L5N1 	0
P87074 	0
Q8VHQ2 	0
C4QM85 	0
Q9P6N2 	0
O09171 	0
Q9LFQ9 	0
Q8WXI9 	0
A6NKF2 	0
Q3UB74 	0
Q12753 	0
Q91XJ0 	0
Q80TG1 	0
Q9P7C8 	0
Q587E3 	0
O74876 	0
Q96PM9 	0
Q1HG44 	0
Q80ZG2 	0
P29539 	0
Q62433 	0
P32962 	0
P50106 	0
Q84W56 	0
Q16385 	0
O88892 	0
P40169 	0
Q7TMR7 	0
P0CT61 	0
P53968 	0
Q8TDB6 	0
D4A2Y9 	0
Q9P7V3 	0
Q86U28 	0
Q23272 	0
Q9SHZ6 	0
Q9UKT7 	0
Q6ZMT4 	0
P50749 	0
Q9BUV0 	0
Q12180 	0
P17898 	0
Q8VEK3 	0
P0C5Y7 	0
P04840 	0
Q949J1 	0
Q84MB5 	0
Q08921 	0
P41546 	0
Q9BXU7 	0
Q8GRN0 	0
E2RU10 	0
P38883 	0
Q9NX46 	0
P62797 	0
P15619 	0
Q15649 	0
Q9US07 	0
P32521 	0
P25284 	0
P43122 	0
P05146 	0
Q06405 	0
P59858 	0
P38911 	0
Q8N4H5 	0
Q12359 	0
Q76PC4 	0
Q6P2E9 	0
Q8IJX8 	0
O49629 	0
Q9USW9 	0
E9Q5F9 	0
P23526 	0
Q9Y7Q6 	0
P23116 	0
O61715 	0
P36606 	0
S7VVK4 	0
P58557 	0
P97609 	0
Q9LLC6 	0
Q9M9F0 	0
Q84U09 	0
Q9BSN7 	0
Q9M9V6 	0
Q9HFR0 	0
P38727 	0
P38532 	0
Q9ES40 	0
P82403 	0
Q15744 	0
Q9GZZ1 	0
Q5HYI7 	0
Q07878 	0
O94268 	0
Q8R507 	0
P40043 	0
Q8K1Z0 	0
F4I9G2 	0
Q9NPD3 	0
Q8NEM7 	0
F4IV16 	0
Q9CR14 	0
Q5VRD7 	0
Q12433 	0
Q9QZ59 	0
Q75WU1 	0
Q69XJ0 	0
P46983 	0
Q91WK7 	0
P38890 	0
P38300 	0
Q9VPH0 	0
P38755 	0
Q99933 	0
Q9LE82 	0
P93286 	0
O74429 	0
P32899 	0
Q75GR5 	0
Q7S5W0 	0
Q8BIW9 	0
Q15257 	0
Q584D1 	0
Q62504 	0
Q6Q4H1 	0
B2C6R6 	0
Q7TMF2 	0
P36161 	0
Q2THW7 	0
Q14159 	0
Q31708 	0
Q5ZEP9 	0
P87227 	0
Q8N292 	0
Q05131 	0
Q7SD06 	0
Q9Y3A0 	0
Q9VC45 	0
Q9SUA1 	0
Q06668 	0
Q9CPX8 	0
P25637 	0
P10176 	0
Q9XZT7 	0
A1Z6S7 	0
Q9XIM0 	0
O13712 	0
C8V329 	0
Q8L7F7 	0
B6HLT9 	0
O49668 	0
Q9FGN8 	0
Q9SWI1 	0
Q8N5Y2 	0
P13712 	0
Q8IWL8 	0
Q8N2H3 	0
Q80T69 	0
Q8LIY8 	0
A2AUU0 	0
P20240 	0
F4JCX9 	0
Q9NWM0 	0
Q9CAF4 	0
Q15080 	0
Q03937 	0
O15287 	0
Q9Y4P9 	0
Q9BWC9 	0
Q9NX63 	0
P40492 	0
Q9SI37 	0
Q8VY88 	0
F4I3V6 	0
P15313 	0
A6NFQ2 	0
H9JBU5 	0
H2L056 	0
Q62674 	0
Q3U8K7 	0
P33399 	0
Q19087 	0
Q9H9D4 	0
P43579 	0
Q8GZM7 	0
Q8NCE0 	0
Q9BQ69 	0
Q9VXE6 	0
G8GJ94 	0
Q99PP2 	0
P16446 	0
Q9Y2Z4 	0
F7VJQ1 	0
Q9M2Q6 	0
Q3KPK4 	0
A0JN39 	0
Q9SZ63 	0
P37090 	0
Q9UGR2 	0
Q9H840 	0
Q8TEA8 	0
Q99N92 	0
Q61464 	0
B2RUZ4 	0
Q06505 	0
Q9VGA4 	0
Q4V7H8 	0
P53942 	0
F1M386 	0
Q96CW1 	0
C4QWS8 	0
Q02783 	0
Q06139 	0
Q9VYX1 	0
O95696 	0
O82277 	0
Q8IUR6 	0
Q92785 	0
Q62924 	0
O14311 	0
Q8N108 	0
P34226 	0
Q07020 	0
Q96I23 	0
P25054 	0
Q03201 	0
Q9N425 	0
O13769 	0
Q67Y93 	0
Q9Z1T5 	0
P10690 	0
Q8K0U4 	0
Q80U87 	0
M9MRD1 	0
Q9NRN7 	0
Q7TNS8 	0
P53718 	0
F4JAU2 	0
P36626 	0
P28625 	0
O13936 	0
Q96PV7 	0
Q8LDU4 	0
P62128 	0
V6CLJ5 	0
Q3KRB8 	0
Q9H299 	0
Q00381 	0
P03920 	0
Q9SJQ6 	0
Q06011 	0
Q8TF01 	0
Q16621 	0
P38882 	0
O75081 	0
P53051 	0
Q96EB1 	0
Q8TAC2 	0
Q12208 	0
Q6PRD7 	0
Q68FX6 	0
P97343 	0
Q9FIX1 	0
Q02793 	0
P16050 	0
A0A486WWJ9 	0
Q5VW36 	0
Q767K8 	0
Q05021 	0
Q92374 	0
Q86TB3 	0
A0A1S4FPC9 	0
Q9ZVD0 	0
P38170 	0
Q6X632 	0
Q9V8P9 	0
Q7Z7A4 	0
O95817 	0
G5EEM0 	0
Q9P7S9 	0
Q9VWC6 	0
P38282 	0
P03871 	0
P31942 	0
Q9D4J1 	0
P21657 	0
O74991 	0
Q9VEA5 	0
Q00731 	0
Q6ZSB9 	0
Q9NQS5 	0
Q3E7A4 	0
Q9VEX5 	0
Q8AWF4 	0
Q9Y5Z4 	0
Q8IVQ6 	0
Q9LPL4 	0
Q96K80 	0
Q8MXU4 	0
Q6NNI3 	0
Q9M0S5 	0
Q9GS00 	0
P24118 	0
Q08605 	0
O15431 	0
P38687 	0
Q8TEQ6 	0
Q9NPF4 	0
P25576 	0
O74771 	0
Q5SWZ9 	0
Q9ZNT1 	0
P0CX38 	0
Q94JY0 	0
O62203 	0
Q9FLT9 	0
Q9SL05 	0
A8BFN4 	0
Q61048 	0
Q8BH86 	0
P10518 	0
Q8RWH9 	0
Q6ASS9 	0
Q9LU21 	0
Q9UJS0 	0
Q9XVD5 	0
Q8VHL0 	0
Q9Y6D9 	0
Q92934 	0
O35826 	0
P35637 	0
Q12374 	0
Q9NXW2 	0
Q9UU76 	0
P36877 	0
Q96UP3 	0
Q06630 	0
P30551 	0
P70582 	0
Q10198 	0
Q6XR72 	0
P34427 	0
P28328 	0
O94822 	0
P0C2X8 	0
P03877 	0
Q94BN0 	0
Q4KL25 	0
Q5SNT2 	0
O94716 	0
F4K2A1 	0
O35049 	0
Q09884 	0
Q96AG3 	0
P47910 	0
Q940Z2 	0
P80299 	0
Q10574 	0
Q581T1 	0
Q04226 	0
Q9D6J6 	0
Q9FZD1 	0
P40075 	0
Q12381 	0
Q5RHB5 	0
P41047 	0
Q10337 	0
P35729 	0
P11020 	0
Q9HB71 	0
Q9CR61 	0
Q9FWR4 	0
P40458 	0
Q9SL92 	0
Q9D494 	0
P81449 	0
Q94BU8 	0
Q16186 	0
Q7SCZ3 	0
Q5T197 	0
P47127 	0
Q6IPR1 	0
Q09739 	0
Q00341 	0
Q2Q5T5 	0
P53552 	0
P38198 	0
Q1K548 	0
Q6C6R8 	0
P34233 	0
Q53EK2 	0
P11638 	0
Q18508 	0
Q9Y2L1 	0
Q8VXP3 	0
Q55FB8 	0
Q12318 	0
P01098 	0
Q93YQ3 	0
Q9H5F2 	0
P56347 	0
O74311 	0
Q9BSI4 	0
Q9HDZ6 	0
Q8IWA0 	0
F4K687 	0
Q54KF1 	0
P62854 	0
Q9D7K5 	0
Q8MIR4 	0
Q17RH7 	0
Q05515 	0
Q9Z158 	0
Q15436 	0
E9Q2Z1 	0
O95180 	0
P87174 	0
G5EDP2 	0
Q1K8E0 	0
P52960 	0
P47154 	0
P83369 	0
Q5JNS0 	0
P18494 	0
O75691 	0
P08708 	0
Q01842 	0
O74489 	0
Q8L7W1 	0
Q40460 	0
Q92737 	0
Q23045 	0
C0HLN0 	0
Q80T11 	0
Q96P11 	0
Q19969 	0
Q14676 	0
Q04401 	0
A9JRD8 	0
Q23973 	0
Q12476 	0
Q8IMZ9 	0
O15014 	0
Q9P7H5 	0
O74356 	0
Q5TB80 	0
P33339 	0
Q9SNB6 	0
O94643 	0
O13927 	0
Q9Z309 	0
P0CG48 	0
Q8C8M1 	0
O15027 	0
O70572 	0
Q39134 	0
Q9H8M7 	0
A0PJW6 	0
Q04545 	0
Q9CPU2 	0
A0A0D1CRC9 	0
O14350 	0
Q9N5R9 	0
Q6K271 	0
P53159 	0
A8MR65 	0
Q14674 	0
Q9UUC7 	0
O14285 	0
Q9R037 	0
Q8IUF8 	0
Q96PZ0 	0
P36177 	0
P0CY15 	0
Q06525 	0
Q0D3I7 	0
P10174 	0
P21757 	0
P52172 	0
Q9VGZ5 	0
Q944A6 	0
Q9Y371 	0
Q9H0C3 	0
Q8IVS8 	0
Q8CGB3 	0
Q8TBK2 	0
Q8WV41 	0
D9PTN5 	0
Q8IWS0 	0
P40061 	0
Q23696 	0
P47057 	0
Q12996 	0
Q9V466 	0
P53233 	0
Q94AU9 	0
Q9LX93 	0
Q8CFP6 	0
P25801 	0
Q7RX40 	0
P34706 	0
Q5SQP1 	0
P46998 	0
Q9NVH0 	0
Q969Z3 	0
F4IHY7 	0
Q67Y99 	0
P50091 	0
Q10252 	0
Q9UT23 	0
Q0WVF8 	0
O14174 	0
O95229 	0
A0A161CFW5 	0
P54274 	0
Q9JKD9 	0
Q04172 	0
P29617 	0
Q6X7J9 	0
Q5H943 	0
Q92629 	0
O94258 	0
Q7SIB8 	0
Q94CK3 	0
P40161 	0
Q9Y314 	0
J9VP29 	0
Q9R0W5 	0
Q9H1J1 	0
Q86YH6 	0
P50896 	0
Q2HJJ1 	0
Q13772 	0
O08564 	0
Q91WW3 	0
Q04305 	0
Q60838 	0
O42649 	0
P15436 	0
Q8WT44 	0
Q9UL03 	0
O82392 	0
P57742 	0
Q9LX31 	0
Q5T440 	0
O96624 	0
Q8N9I9 	0
Q8IRW8 	0
Q7Z624 	0
Q5XKL5 	0
O82796 	0
Q9UQ13 	0
Q9DB41 	0
Q02764 	0
Q03188 	0
P20436 	0
Q9FGR0 	0
Q12066 	0
Q9SRX9 	0
Q66PJ3 	0
Q5H9S7 	0
P47167 	0
P18491 	0
Q9U7C9 	0
Q01750 	0
Q62100 	0
O00180 	0
Q8NE79 	0
P25583 	0
Q9UNQ2 	0
Q29RF7 	0
Q8WXG1 	0
Q9FKB5 	0
P51949 	0
P0DKJ7 	0
O15091 	0
Q96LD4 	0
Q22002 	0
Q99PU7 	0
P25042 	0
Q9BPZ7 	0
Q12338 	0
P38210 	0
P32567 	0
O13851 	0
Q9SWW6 	0
Q8BIA4 	0
O17386 	0
Q9WUB9 	0
Q9UK73 	0
P53840 	0
Q90941 	0
Q6ID70 	0
Q9Z2S7 	0
Q13015 	0
Q921N8 	0
Q9WUL7 	0
D3Z3K2 	0
Q9LHE5 	0
Q9LPW3 	0
P70444 	0
Q07381 	0
A1Z8F4 	0
Q7TN79 	0
P08212 	0
Q8MMZ7 	0
Q9UIS9 	0
A8WFJ9 	0
F4KDN0 	0
Q9FGT8 	0
Q9P783 	0
Q02080 	0
Q9GZR1 	0
A4D2B0 	0
O94261 	0
P32349 	0
Q12530 	0
Q8IXU6 	0
Q9SMX1 	0
Q9FNN3 	0
Q8VYB9 	0
Q9C0C2 	0
Q8BL80 	0
Q7L5Y1 	0
Q04116 	0
P38880 	0
Q12262 	0
Q9R1L5 	0
Q10336 	0
Q86WV1 	0
Q08753 	0
Q09902 	0
O74547 	0
B6TTV8 	0
Q9HCC0 	0
Q9LMT2 	0
Q1K6U7 	0
Q9H3P2 	0
P97287 	0
Q53JF7 	0
Q8VDY4 	0
Q00471 	0
P78562 	0
Q86TG1 	0
Q9SRN4 	0
Q9US06 	0
P89114 	0
O13859 	0
Q9UI95 	0
Q9M0A5 	0
Q9VB62 	0
Q64279 	0
D3ZUI5 	0
Q10067 	0
Q9VIV2 	0
Q96GZ6 	0
Q96SB3 	0
P50875 	0
P47929 	0
Q9H6F5 	0
P56560 	0
Q9H813 	0
Q810M6 	0
Q07923 	0
Q08683 	0
Q80W99 	0
Q08963 	0
P40090 	0
Q5JPI9 	0
A8MUP2 	0
Q96T68 	0
O95838 	0
Q9GZN2 	0
Q09969 	0
Q4KLP8 	0
Q80VR2 	0
Q8L7C9 	0
Q96330 	0
P15291 	0
P24867 	0
Q12366 	0
Q8BH70 	0
Q92351 	0
Q9UUD1 	0
Q9HAI6 	0
P49704 	0
Q9BWN1 	0
P0CJ62 	0
A5A6S6 	0
P53859 	0
Q3UZD5 	0
Q681Z2 	0
Q2TBI6 	0
Q6UJY2 	0
Q84TI7 	0
P04197 	0
Q925J9 	0
P35558 	0
Q9SKT0 	0
F4JW79 	0
Q7SA60 	0
Q09330 	0
O94868 	0
Q9H0Z9 	0
Q5TCS8 	0
P32773 	0
P47822 	0
O22682 	0
Q96HA9 	0
Q9JMC2 	0
Q05779 	0
Q9BUE6 	0
P40993 	0
Q6IDA6 	0
P25615 	0
Q8R3K3 	0
Q60610 	0
P40345 	0
O43918 	0
Q9Y3F4 	0
Q19404 	0
Q19555 	0
Q10FT0 	0
Q9VH36 	0
P08703 	0
P81122 	0
Q80ZQ9 	0
Q9P3W1 	0
P03896 	0
P38824 	0
Q9VPT4 	0
Q94A03 	0
Q99ML9 	0
Q9VAW5 	0
Q8IWL3 	0
Q9C469 	0
A8J785 	0
Q8S950 	0
Q9UTM0 	0
Q9S850 	0
Q56P42 	0
Q17569 	0
P49599 	0
Q21691 	0
Q01663 	0
Q6VNB8 	0
Q149B8 	0
O00463 	0
P36112 	0
A0A571BE98 	0
Q53GS7 	0
P23255 	0
Q04477 	0
Q9ULP9 	0
Q8IE47 	0
Q9ZU51 	0
A8MQN2 	0
O70337 	0
Q6NZ36 	0
Q8GTR4 	0
P53332 	0
P34122 	0
Q5EAW4 	0
F4I3P9 	0
Q9QXM1 	0
Q9CQ86 	0
Q9QY24 	0
Q9SZI6 	0
Q9Y4E5 	0
P38127 	0
Q99417 	0
Q99177 	0
Q9FHK4 	0
P91027 	0
Q06667 	0
Q9C9T3 	0
Q8WXB4 	0
P32357 	0
Q6FN94 	0
P48995 	0
Q9UT55 	0
P33301 	0
O95714 	0
A0A1C3NSL9 	0
Q9V9V9 	0
Q4ZGE1 	0
Q9US26 	0
Q96RQ3 	0
Q9FVW4 	0
Q9BRA0 	0
P60323 	0
Q8NEZ5 	0
P25582 	0
Q96B77 	0
Q9JKT3 	0
Q7RYM5 	0
F4HZG9 	0
Q9GZT6 	0
Q5WRN1 	0
W5U2K2 	0
Q9ZQZ6 	0
O24370 	0
O74535 	0
P08970 	0
Q9V3V7 	0
Q6PP77 	0
O13601 	0
P40023 	0
P34164 	0
Q9R0A0 	0
Q9FJV5 	0
P39717 	0
Q6UWS5 	0
Q652K4 	0
O74824 	0
P99028 	0
Q9M7J4 	0
Q9VKY1 	0
P47085 	0
Q19AV6 	0
Q8N8Q8 	0
Q9WVE0 	0
Q8R400 	0
Q8R2K4 	0
Q06116 	0
P38197 	0
Q08774 	0
Q9Y4L5 	0
F6TQD1 	0
Q9W4S7 	0
Q9M424 	0
Q04868 	0
P35221 	0
Q9P2D0 	0
Q03200 	0
P38863 	0
Q96JJ3 	0
Q8N6F7 	0
O94538 	0
Q22557 	0
Q7SHR6 	0
Q9BZC1 	0
P40508 	0
P38818 	0
Q05344 	0
Q16533 	0
Q9JHH9 	0
Q99728 	0
A1Z8P9 	0
Q8NI37 	0
P41229 	0
Q9HGM8 	0
Q9LIK9 	0
Q4WF54 	0
P54730 	0
P19426 	0
O24164 	0
O15743 	0
O60733 	0
Q9HDZ3 	0
O15554 	0
P18544 	0
Q09814 	0
P06786 	0
B9F1C0 	0
Q54XY4 	0
P06738 	0
P04117 	0
P53201 	0
Q9BSJ5 	0
P40342 	0
Q9UUH3 	0
A0A140LI88 	0
Q5T1C6 	0
Q6Z955 	0
Q969X6 	0
O14737 	0
Q8WZK3 	0
O13326 	0
O35387 	0
P54345 	0
P41318 	0
Q5SU73 	0
Q9YHY6 	0
Q12487 	0
P36151 	0
P08657 	0
Q6NLW5 	0
F4J117 	0
Q96KM6 	0
Q8GZR2 	0
Q9UIL1 	0
P49419 	0
P46655 	0
P0CT58 	0
Q3E798 	0
Q43092 	0
P48612 	0
Q8RY95 	0
A1L167 	0
Q9P5M9 	0
O42637 	0
P22141 	0
Q5TYM5 	0
Q03429 	0
D3YZI9 	0
Q64727 	0
Q9FNJ9 	0
P53127 	0
Q8TC71 	0
Q6DBR6 	0
P46673 	0
Q3ZBU2 	0
P18887 	0
P53168 	0
Q9UBE0 	0
Q25423 	0
O18017 	0
P19518 	0
Q99MV7 	0
Q96E35 	0
P00425 	0
Q9FNY2 	0
Q9QXX8 	0
P07261 	0
Q10990 	0
G5EGP4 	0
Q9H7T9 	0
Q8IUR7 	0
Q99188 	0
O60150 	0
P31597 	0
Q12972 	0
P91853 	0
Q9QYL0 	0
Q9P0K7 	0
P57081 	0
Q8S3U9 	0
P42116 	0
Q8LD98 	0
Q9LVI9 	0
O80683 	0
Q54TN2 	0
Q9LPZ4 	0
O42855 	0
P11746 	0
Q6PJF5 	0
F4JS25 	0
O14423 	0
A0A0D1E6B3 	0
Q9BS16 	0
Q9UMW8 	0
Q8K0U3 	0
Q52KF3 	0
Q5U458 	0
Q6NPS8 	0
P98149 	0
Q8RWL4 	0
O08573 	0
Q9FGN7 	0
Q93YU8 	0
Q09094 	0
Q8TAT5 	0
Q9ERV1 	0
P48044 	0
Q38796 	0
Q1K7L7 	0
Q12179 	0
P38279 	0
Q94920 	0
Q96QU8 	0
Q9Z0Y7 	0
O42636 	0
P0DW10 	0
O65312 	0
O14893 	0
K4CF70 	0
Q5ND52 	0
Q04922 	0
Q9H9Q4 	0
Q8K440 	0
O13777 	0
Q9UHA3 	0
Q9V6U9 	0
Q9VYQ0 	0
G5EG44 	0
Q9JI99 	0
B1AL88 	0
Q9JIY2 	0
P46777 	0
Q9V727 	0
Q9NXF7 	0
F4HVZ5 	0
Q56VL3 	0
Q9QYE3 	0
Q9SBK6 	0
P53834 	0
Q9BPY3 	0
Q8MQX9 	0
Q95T19 	0
Q9R237 	0
Q9QY93 	0
Q15833 	0
Q0J995 	0
Q07335 	0
P09595 	0
Q14722 	0
Q13569 	0
Q9VX12 	0
P28519 	0
Q9SR62 	0
Q5KMX8 	0
Q4WGE2 	0
P41247 	0
O95163 	0
P10662 	0
O43164 	0
Q9UJX3 	0
Q8L4R0 	0
Q8BZA9 	0
Q8NAV1 	0
Q9UUG9 	0
P40923 	0
Q17895 	0
Q10LI1 	0
P38302 	0
Q9HGN5 	0
Q7Z602 	0
Q2EMV9 	0
Q96KS0 	0
Q9EQ28 	0
Q94JV5 	0
O43719 	0
P35731 	0
Q03717 	0
P29172 	0
Q15714 	0
P39535 	0
Q5T5X7 	0
Q9ULE6 	0
Q14CZ7 	0
P40502 	0
Q5ABU7 	0
Q9BWU0 	0
P34418 	0
Q9UHQ1 	0
Q9P7G6 	0
Q8LDV3 	0
Q9Y6B6 	0
P28320 	0
Q8WQX5 	0
Q6W2J9 	0
Q9QX98 	0
Q95U54 	0
Q02732 	0
Q05050 	0
Q9D0Z3 	0
Q62264 	0
Q84VG7 	0
Q66JZ4 	0
O08715 	0
P46939 	0
P28834 	0
Q0IGK1 	0
Q9NVR2 	0
Q9SRK5 	0
Q08287 	0
Q5TKA1 	0
O13919 	0
Q9H8W5 	0
O59678 	0
Q9SM44 	0
Q5SYB0 	0
P53034 	0
A8DYY6 	0
Q9Y3D7 	0
Q8CFC7 	0
Q92794 	0
P45974 	0
Q9LZB8 	0
Q3UL36 	0
Q96EV2 	0
O60104 	0
Q15057 	0
Q8IWV1 	0
Q00873 	0
E9PT37 	0
P25398 	0
Q99720 	0
G5EEG9 	0
Q9V629 	0
A0A455ZAR2 	0
Q8TCY5 	0
Q9ASV5 	0
O13992 	0
O95476 	0
Q09842 	0
Q9Y2Z9 	0
P92973 	0
Q9Y6C9 	0
Q10R09 	0
P53064 	0
P30155 	0
Q6R0G4 	0
P52890 	0
Q06215 	0
A1Z8D0 	0
Q06625 	0
P41695 	0
Q9BYD2 	0
Q96JP5 	0
Q99679 	0
Q91ZD4 	0
Q8BMD2 	0
P31111 	0
O15047 	0
Q9BRP1 	0
Q12018 	0
Q32SG5 	0
P36527 	0
Q9ZPI5 	0
Q9BXS1 	0
Q96E29 	0
P00966 	0
Q12046 	0
P78549 	0
Q5SWY8 	0
Q8K0B2 	0
Q9Y7N1 	0
P81909 	0
O43236 	0
O49929 	0
P36631 	0
A0A509AJL3 	0
Q12219 	0
Q9D9W1 	0
Q15326 	0
Q9LFP6 	0
Q969T9 	0
Q8WXE1 	0
Q9NW75 	0
Q99M87 	0
O75575 	0
P39715 	0
P04039 	0
Q99675 	0
P32259 	0
P51830 	0
Q3HNG7 	0
Q86W54 	0
Q63739 	0
O75528 	0
Q9SSA5 	0
Q9VQK4 	0
P25646 	0
P58753 	0
Q94A41 	0
G4NCT7 	0
Q9C5Q2 	0
Q9D6J5 	0
A0A7P0TBJ1 	0
Q9D067 	0
F4HVG8 	0
Q99359 	0
Q03976 	0
P0C0A9 	0
Q8GY89 	0
Q8N2F6 	0
Q8I266 	0
Q9U213 	0
Q9VGE2 	0
P40530 	0
Q965W2 	0
O75665 	0
P32799 	0
Q8N3J3 	0
P12683 	0
Q9NZZ3 	0
Q02890 	0
Q99N89 	0
P62750 	0
Q68CP9 	0
Q9Y4P1 	0
Q8VE70 	0
Q9M8S7 	0
P19735 	0
Q42510 	0
Q96CB8 	0
Q9EQ10 	0
P30605 	0
O75952 	0
P78345 	0
C4R4G9 	0
O43172 	0
Q01163 	0
P42838 	0
P16048 	0
P53911 	0
Q13352 	0
O14362 	0
Q86YT5 	0
Q940H2 	0
P38826 	0
P55209 	0
Q9HD34 	0
Q03153 	0
Q969H6 	0
Q9R0X4 	0
Q06389 	0
P62952 	0
Q8K459 	0
Q5I2A0 	0
Q8GXR9 	0
Q9VUF8 	0
P38237 	0
Q8NE35 	0
O81775 	0
O14336 	0
Q3YEC7 	0
O74417 	0
Q9XIB5 	0
J7M799 	0
P48629 	0
Q9BX79 	0
Q06639 	0
P05375 	0
O09053 	0
Q9NRP2 	0
Q6PJ21 	0
Q9HBH1 	0
P34231 	0
G5DBJ0 	0
Q8TEX9 	0
Q8TDV5 	0
Q08230 	0
Q9USG8 	0
P35734 	0
B7Z0L8 	0
Q93VB2 	0
Q9JMB1 	0
Q9LXR9 	0
P78316 	0
B0L3A2 	0
Q8R4N0 	0
Q60866 	0
Q8VYI3 	0
O14388 	0
Q9ERH4 	0
P48239 	0
O60090 	0
Q12981 	0
Q8N695 	0
Q08977 	0
Q9NZN9 	0
Q9EPB5 	0
Q9DAA6 	0
P54845 	0
Q9R269 	0
P36064 	0
Q9W3E2 	0
P97460 	0
Q7K003 	0
Q9BZG8 	0
P53817 	0
Q9SE83 	0
O14161 	0
O94621 	0
P48634 	0
Q14005 	0
P43589 	0
O60158 	0
P21951 	0
Q9P6M3 	0
Q9BXL8 	0
P33411 	0
P26434 	0
A0JNW5 	0
O95433 	0
Q9H7D0 	0
Q9R085 	0
O74387 	0
S8F527 	0
Q06340 	0
Q9BRQ8 	0
Q9LVV5 	0
Q8N5I2 	0
Q9NYL2 	0
O88843 	0
Q9BSF4 	0
Q07807 	0
P06843 	0
Q9ES53 	0
Q6PID8 	0
Q8WYK0 	0
Q9NZQ3 	0
A0A0D1DYJ6 	0
Q9LS02 	0
P82538 	0
O04121 	0
P38781 	0
P47093 	0
Q9FG13 	0
Q5BKX6 	0
Q06678 	0
P06003 	0
Q9Y6N9 	0
Q54LT0 	0
Q9FNC7 	0
P22136 	0
B6HU70 	0
O88845 	0
Q95RV2 	0
Q14978 	0
Q12524 	0
Q96SQ7 	0
P60709 	0
Q8WWY6 	0
Q8S9M1 	0
Q9FJI1 	0
Q8NBF2 	0
Q4PIR3 	0
Q9P7A0 	0
P53166 	0
P41896 	0
Q7K4M4 	0
Q7XBS0 	0
P82245 	0
P57728 	0
Q96P16 	0
Q8K339 	0
Q388D2 	0
O01811 	0
Q6NUF4 	0
P63212 	0
Q7SGU0 	0
Q4X095 	0
Q42545 	0
Q10164 	0
Q9S7I0 	0
P24846 	0
K7WDL7 	0
O43924 	0
Q9UT72 	0
P78563 	0
Q9ZQH0 	0
P32322 	0
Q9P7S6 	0
Q9P7X2 	0
Q06409 	0
O88271 	0
A0A125YYB5 	0
O97297 	0
P00927 	0
O00625 	0
P06785 	0
Q9LEK8 	0
Q04089 	0
P39023 	0
Q92917 	0
Q39249 	0
Q12497 	0
Q96IL0 	0
P53208 	0
P47084 	0
Q9CQ69 	0
O60447 	0
O65370 	0
Q9SZ42 	0
Q96C86 	0
Q9Y6K9 	0
Q8WYQ3 	0
P57744 	0
Q9NXE8 	0
P30429 	0
Q9QZS8 	0
Q49B96 	0
P41814 	0
P46310 	0
Q76FK4 	0
Q17TI5 	0
Q04370 	0
P46943 	0
Q09873 	0
Q7L0X2 	0
P27895 	0
P07274 	0
P40631 	0
P04271 	0
P97852 	0
Q84JG2 	0
Q9BZR8 	0
O60936 	0
Q8IV20 	0
Q9C829 	0
P46422 	0
P38634 	0
Q06152 	0
Q9W1H4 	0
Q8R1I1 	0
Q9WVJ4 	0
Q9M0V3 	0
Q9FNH6 	0
Q09823 	0
Q7S2H6 	0
P40164 	0
Q940M2 	0
Q5H8A6 	0
Q8IY18 	0
Q8VEH6 	0
Q9Y6I9 	0
Q9UQC2 	0
Q15398 	0
Q96RL7 	0
P78946 	0
P19517 	0
O94329 	0
P0DO24 	0
Q9UKK3 	0
P34253 	0
P82979 	0
Q23405 	0
Q92540 	0
Q8L7E5 	0
Q8K4Z2 	0
P78965 	0
Q8IVI9 	0
P50748 	0
Q15697 	0
Q9UT19 	0
Q76NL8 	0
P39943 	0
Q8IY42 	0
Q07510 	0
Q8L794 	0
Q8ISM1 	0
Q9Y0E4 	0
A1ZAK1 	0
Q02770 	0
Q10173 	0
Q6E434 	0
Q9UUI6 	0
